年（和暦）,年（西暦）,月,種別,性別,数・率
平成12,2000,1,世帯数増減,,1050
平成12,2000,1,人口増減,総数,1927
平成12,2000,1,人口増減,男,656
平成12,2000,1,人口増減,女,1271
平成12,2000,1,社会増減,総数,1148
平成12,2000,1,社会増減,男,389
平成12,2000,1,社会増減,女,759
平成12,2000,1,市外移動_転入,総数,10280
平成12,2000,1,市外移動_転入,男,5570
平成12,2000,1,市外移動_転入,女,4710
平成12,2000,1,市外移動_転出,総数,9137
平成12,2000,1,市外移動_転出,男,5145
平成12,2000,1,市外移動_転出,女,3992
平成12,2000,1,市内移動_転入,総数,6633
平成12,2000,1,市内移動_転入,男,3455
平成12,2000,1,市内移動_転入,女,3178
平成12,2000,1,市内移動_転出,総数,6607
平成12,2000,1,市内移動_転出,男,3438
平成12,2000,1,市内移動_転出,女,3169
平成12,2000,1,その他増減,総数,-21
平成12,2000,1,その他増減,男,-53
平成12,2000,1,その他増減,女,32
平成12,2000,1,自然増減,総数,779
平成12,2000,1,自然増減,男,267
平成12,2000,1,自然増減,女,512
平成12,2000,1,出生,総数,2997
平成12,2000,1,出生,男,1546
平成12,2000,1,出生,女,1451
平成12,2000,1,死亡,総数,2218
平成12,2000,1,死亡,男,1279
平成12,2000,1,死亡,女,939
平成12,2000,1,人口増減率,,0.05671
平成12,2000,1,社会増減率,,0.03379
平成12,2000,1,自然増減率,,0.02293
平成12,2000,2,世帯数増減,,168
平成12,2000,2,人口増減,総数,5
平成12,2000,2,人口増減,男,-499
平成12,2000,2,人口増減,女,504
平成12,2000,2,社会増減,総数,-748
平成12,2000,2,社会増減,男,-787
平成12,2000,2,社会増減,女,39
平成12,2000,2,市外移動_転入,総数,10293
平成12,2000,2,市外移動_転入,男,5641
平成12,2000,2,市外移動_転入,女,4652
平成12,2000,2,市外移動_転出,総数,10981
平成12,2000,2,市外移動_転出,男,6346
平成12,2000,2,市外移動_転出,女,4635
平成12,2000,2,市内移動_転入,総数,6582
平成12,2000,2,市内移動_転入,男,3491
平成12,2000,2,市内移動_転入,女,3091
平成12,2000,2,市内移動_転出,総数,6567
平成12,2000,2,市内移動_転出,男,3480
平成12,2000,2,市内移動_転出,女,3087
平成12,2000,2,その他増減,総数,-75
平成12,2000,2,その他増減,男,-93
平成12,2000,2,その他増減,女,18
平成12,2000,2,自然増減,総数,753
平成12,2000,2,自然増減,男,288
平成12,2000,2,自然増減,女,465
平成12,2000,2,出生,総数,2705
平成12,2000,2,出生,男,1370
平成12,2000,2,出生,女,1335
平成12,2000,2,死亡,総数,1952
平成12,2000,2,死亡,男,1082
平成12,2000,2,死亡,女,870
平成12,2000,2,人口増減率,,0.00015
平成12,2000,2,社会増減率,,-0.022
平成12,2000,2,自然増減率,,0.02215
平成12,2000,3,世帯数増減,,3376
平成12,2000,3,人口増減,総数,322
平成12,2000,3,人口増減,男,-790
平成12,2000,3,人口増減,女,1112
平成12,2000,3,社会増減,総数,-588
平成12,2000,3,社会増減,男,-1111
平成12,2000,3,社会増減,女,523
平成12,2000,3,市外移動_転入,総数,29547
平成12,2000,3,市外移動_転入,男,16004
平成12,2000,3,市外移動_転入,女,13543
平成12,2000,3,市外移動_転出,総数,29954
平成12,2000,3,市外移動_転出,男,16894
平成12,2000,3,市外移動_転出,女,13060
平成12,2000,3,市内移動_転入,総数,13775
平成12,2000,3,市内移動_転入,男,7172
平成12,2000,3,市内移動_転入,女,6603
平成12,2000,3,市内移動_転出,総数,13746
平成12,2000,3,市内移動_転出,男,7150
平成12,2000,3,市内移動_転出,女,6596
平成12,2000,3,その他増減,総数,-210
平成12,2000,3,その他増減,男,-243
平成12,2000,3,その他増減,女,33
平成12,2000,3,自然増減,総数,910
平成12,2000,3,自然増減,男,321
平成12,2000,3,自然増減,女,589
平成12,2000,3,出生,総数,2802
平成12,2000,3,出生,男,1415
平成12,2000,3,出生,女,1387
平成12,2000,3,死亡,総数,1892
平成12,2000,3,死亡,男,1094
平成12,2000,3,死亡,女,798
平成12,2000,3,人口増減率,,0.00947
平成12,2000,3,社会増減率,,-0.0173
平成12,2000,3,自然増減率,,0.02677
平成12,2000,4,世帯数増減,,9516
平成12,2000,4,人口増減,総数,11800
平成12,2000,4,人口増減,男,6911
平成12,2000,4,人口増減,女,4889
平成12,2000,4,社会増減,総数,10740
平成12,2000,4,社会増減,男,6446
平成12,2000,4,社会増減,女,4294
平成12,2000,4,市外移動_転入,総数,24573
平成12,2000,4,市外移動_転入,男,14517
平成12,2000,4,市外移動_転入,女,10056
平成12,2000,4,市外移動_転出,総数,13938
平成12,2000,4,市外移動_転出,男,8112
平成12,2000,4,市外移動_転出,女,5826
平成12,2000,4,市内移動_転入,総数,8388
平成12,2000,4,市内移動_転入,男,4352
平成12,2000,4,市内移動_転入,女,4036
平成12,2000,4,市内移動_転出,総数,8366
平成12,2000,4,市内移動_転出,男,4332
平成12,2000,4,市内移動_転出,女,4034
平成12,2000,4,その他増減,総数,83
平成12,2000,4,その他増減,男,21
平成12,2000,4,その他増減,女,62
平成12,2000,4,自然増減,総数,1060
平成12,2000,4,自然増減,男,465
平成12,2000,4,自然増減,女,595
平成12,2000,4,出生,総数,2590
平成12,2000,4,出生,男,1319
平成12,2000,4,出生,女,1271
平成12,2000,4,死亡,総数,1530
平成12,2000,4,死亡,男,854
平成12,2000,4,死亡,女,676
平成12,2000,4,人口増減率,,0.34704
平成12,2000,4,社会増減率,,0.31587
平成12,2000,4,自然増減率,,0.03118
平成12,2000,5,世帯数増減,,2429
平成12,2000,5,人口増減,総数,2905
平成12,2000,5,人口増減,男,1152
平成12,2000,5,人口増減,女,1753
平成12,2000,5,社会増減,総数,1695
平成12,2000,5,社会増減,男,696
平成12,2000,5,社会増減,女,999
平成12,2000,5,市外移動_転入,総数,12164
平成12,2000,5,市外移動_転入,男,6646
平成12,2000,5,市外移動_転入,女,5518
平成12,2000,5,市外移動_転出,総数,10556
平成12,2000,5,市外移動_転出,男,6007
平成12,2000,5,市外移動_転出,女,4549
平成12,2000,5,市内移動_転入,総数,6681
平成12,2000,5,市内移動_転入,男,3452
平成12,2000,5,市内移動_転入,女,3229
平成12,2000,5,市内移動_転出,総数,6663
平成12,2000,5,市内移動_転出,男,3437
平成12,2000,5,市内移動_転出,女,3226
平成12,2000,5,その他増減,総数,69
平成12,2000,5,その他増減,男,42
平成12,2000,5,その他増減,女,27
平成12,2000,5,自然増減,総数,1210
平成12,2000,5,自然増減,男,456
平成12,2000,5,自然増減,女,754
平成12,2000,5,出生,総数,3016
平成12,2000,5,出生,男,1503
平成12,2000,5,出生,女,1513
平成12,2000,5,死亡,総数,1806
平成12,2000,5,死亡,男,1047
平成12,2000,5,死亡,女,759
平成12,2000,5,人口増減率,,0.08514
平成12,2000,5,社会増減率,,0.04968
平成12,2000,5,自然増減率,,0.03546
平成12,2000,6,世帯数増減,,1304
平成12,2000,6,人口増減,総数,1548
平成12,2000,6,人口増減,男,557
平成12,2000,6,人口増減,女,991
平成12,2000,6,社会増減,総数,322
平成12,2000,6,社会増減,男,9
平成12,2000,6,社会増減,女,313
平成12,2000,6,市外移動_転入,総数,10616
平成12,2000,6,市外移動_転入,男,5778
平成12,2000,6,市外移動_転入,女,4838
平成12,2000,6,市外移動_転出,総数,10371
平成12,2000,6,市外移動_転出,男,5823
平成12,2000,6,市外移動_転出,女,4548
平成12,2000,6,市内移動_転入,総数,6170
平成12,2000,6,市内移動_転入,男,3144
平成12,2000,6,市内移動_転入,女,3026
平成12,2000,6,市内移動_転出,総数,6136
平成12,2000,6,市内移動_転出,男,3115
平成12,2000,6,市内移動_転出,女,3021
平成12,2000,6,その他増減,総数,43
平成12,2000,6,その他増減,男,25
平成12,2000,6,その他増減,女,18
平成12,2000,6,自然増減,総数,1226
平成12,2000,6,自然増減,男,548
平成12,2000,6,自然増減,女,678
平成12,2000,6,出生,総数,2707
平成12,2000,6,出生,男,1398
平成12,2000,6,出生,女,1309
平成12,2000,6,死亡,総数,1481
平成12,2000,6,死亡,男,850
平成12,2000,6,死亡,女,631
平成12,2000,6,人口増減率,,0.04533
平成12,2000,6,社会増減率,,0.00943
平成12,2000,6,自然増減率,,0.0359
平成12,2000,7,世帯数増減,,1027
平成12,2000,7,人口増減,総数,1390
平成12,2000,7,人口増減,男,475
平成12,2000,7,人口増減,女,915
平成12,2000,7,社会増減,総数,31
平成12,2000,7,社会増減,男,-94
平成12,2000,7,社会増減,女,125
平成12,2000,7,市外移動_転入,総数,11978
平成12,2000,7,市外移動_転入,男,6488
平成12,2000,7,市外移動_転入,女,5490
平成12,2000,7,市外移動_転出,総数,11984
平成12,2000,7,市外移動_転出,男,6573
平成12,2000,7,市外移動_転出,女,5411
平成12,2000,7,市内移動_転入,総数,7127
平成12,2000,7,市内移動_転入,男,3608
平成12,2000,7,市内移動_転入,女,3519
平成12,2000,7,市内移動_転出,総数,7110
平成12,2000,7,市内移動_転出,男,3597
平成12,2000,7,市内移動_転出,女,3513
平成12,2000,7,その他増減,総数,20
平成12,2000,7,その他増減,男,-20
平成12,2000,7,その他増減,女,40
平成12,2000,7,自然増減,総数,1359
平成12,2000,7,自然増減,男,569
平成12,2000,7,自然増減,女,790
平成12,2000,7,出生,総数,2850
平成12,2000,7,出生,男,1430
平成12,2000,7,出生,女,1420
平成12,2000,7,死亡,総数,1491
平成12,2000,7,死亡,男,861
平成12,2000,7,死亡,女,630
平成12,2000,7,人口増減率,,0.04069
平成12,2000,7,社会増減率,,0.00091
平成12,2000,7,自然増減率,,0.03978
平成12,2000,8,世帯数増減,,1949
平成12,2000,8,人口増減,総数,2907
平成12,2000,8,人口増減,男,1177
平成12,2000,8,人口増減,女,1730
平成12,2000,8,社会増減,総数,1315
平成12,2000,8,社会増減,男,524
平成12,2000,8,社会増減,女,791
平成12,2000,8,市外移動_転入,総数,13093
平成12,2000,8,市外移動_転入,男,6998
平成12,2000,8,市外移動_転入,女,6095
平成12,2000,8,市外移動_転出,総数,11803
平成12,2000,8,市外移動_転出,男,6456
平成12,2000,8,市外移動_転出,女,5347
平成12,2000,8,市内移動_転入,総数,7580
平成12,2000,8,市内移動_転入,男,3914
平成12,2000,8,市内移動_転入,女,3666
平成12,2000,8,市内移動_転出,総数,7565
平成12,2000,8,市内移動_転出,男,3904
平成12,2000,8,市内移動_転出,女,3661
平成12,2000,8,その他増減,総数,10
平成12,2000,8,その他増減,男,-28
平成12,2000,8,その他増減,女,38
平成12,2000,8,自然増減,総数,1592
平成12,2000,8,自然増減,男,653
平成12,2000,8,自然増減,女,939
平成12,2000,8,出生,総数,3108
平成12,2000,8,出生,男,1558
平成12,2000,8,出生,女,1550
平成12,2000,8,死亡,総数,1516
平成12,2000,8,死亡,男,905
平成12,2000,8,死亡,女,611
平成12,2000,8,人口増減率,,0.08505
平成12,2000,8,社会増減率,,0.03848
平成12,2000,8,自然増減率,,0.04658
平成12,2000,9,世帯数増減,,1299
平成12,2000,9,人口増減,総数,1305
平成12,2000,9,人口増減,男,441
平成12,2000,9,人口増減,女,864
平成12,2000,9,社会増減,総数,-139
平成12,2000,9,社会増減,男,-217
平成12,2000,9,社会増減,女,78
平成12,2000,9,市外移動_転入,総数,10566
平成12,2000,9,市外移動_転入,男,5773
平成12,2000,9,市外移動_転入,女,4793
平成12,2000,9,市外移動_転出,総数,10757
平成12,2000,9,市外移動_転出,男,6017
平成12,2000,9,市外移動_転出,女,4740
平成12,2000,9,市内移動_転入,総数,6645
平成12,2000,9,市内移動_転入,男,3419
平成12,2000,9,市内移動_転入,女,3226
平成12,2000,9,市内移動_転出,総数,6624
平成12,2000,9,市内移動_転出,男,3401
平成12,2000,9,市内移動_転出,女,3223
平成12,2000,9,その他増減,総数,31
平成12,2000,9,その他増減,男,9
平成12,2000,9,その他増減,女,22
平成12,2000,9,自然増減,総数,1444
平成12,2000,9,自然増減,男,658
平成12,2000,9,自然増減,女,786
平成12,2000,9,出生,総数,2841
平成12,2000,9,出生,男,1470
平成12,2000,9,出生,女,1371
平成12,2000,9,死亡,総数,1397
平成12,2000,9,死亡,男,812
平成12,2000,9,死亡,女,585
平成12,2000,9,人口増減率,,0.03815
平成12,2000,9,社会増減率,,-0.00406
平成12,2000,9,自然増減率,,0.04221
平成12,2000,10,世帯数増減,,2199
平成12,2000,10,人口増減,総数,3113
平成12,2000,10,人口増減,男,1489
平成12,2000,10,人口増減,女,1624
平成12,2000,10,社会増減,総数,1599
平成12,2000,10,社会増減,男,829
平成12,2000,10,社会増減,女,770
平成12,2000,10,市外移動_転入,総数,12490
平成12,2000,10,市外移動_転入,男,6792
平成12,2000,10,市外移動_転入,女,5698
平成12,2000,10,市外移動_転出,総数,10902
平成12,2000,10,市外移動_転出,男,5963
平成12,2000,10,市外移動_転出,女,4939
平成12,2000,10,市内移動_転入,総数,8037
平成12,2000,10,市内移動_転入,男,4110
平成12,2000,10,市内移動_転入,女,3927
平成12,2000,10,市内移動_転出,総数,8016
平成12,2000,10,市内移動_転出,男,4094
平成12,2000,10,市内移動_転出,女,3922
平成12,2000,10,その他増減,総数,-10
平成12,2000,10,その他増減,男,-16
平成12,2000,10,その他増減,女,6
平成12,2000,10,自然増減,総数,1514
平成12,2000,10,自然増減,男,660
平成12,2000,10,自然増減,女,854
平成12,2000,10,出生,総数,3100
平成12,2000,10,出生,男,1577
平成12,2000,10,出生,女,1523
平成12,2000,10,死亡,総数,1586
平成12,2000,10,死亡,男,917
平成12,2000,10,死亡,女,669
平成12,2000,10,人口増減率,,0.09085
平成12,2000,10,社会増減率,,0.04667
平成12,2000,10,自然増減率,,0.04418
平成12,2000,11,世帯数増減,,1664
平成12,2000,11,人口増減,総数,2045
平成12,2000,11,人口増減,男,905
平成12,2000,11,人口増減,女,1140
平成12,2000,11,社会増減,総数,917
平成12,2000,11,社会増減,男,444
平成12,2000,11,社会増減,女,473
平成12,2000,11,市外移動_転入,総数,10823
平成12,2000,11,市外移動_転入,男,5742
平成12,2000,11,市外移動_転入,女,5081
平成12,2000,11,市外移動_転出,総数,9959
平成12,2000,11,市外移動_転出,男,5306
平成12,2000,11,市外移動_転出,女,4653
平成12,2000,11,市内移動_転入,総数,7466
平成12,2000,11,市内移動_転入,男,3776
平成12,2000,11,市内移動_転入,女,3690
平成12,2000,11,市内移動_転出,総数,7443
平成12,2000,11,市内移動_転出,男,3759
平成12,2000,11,市内移動_転出,女,3684
平成12,2000,11,その他増減,総数,30
平成12,2000,11,その他増減,男,-9
平成12,2000,11,その他増減,女,39
平成12,2000,11,自然増減,総数,1128
平成12,2000,11,自然増減,男,461
平成12,2000,11,自然増減,女,667
平成12,2000,11,出生,総数,2885
平成12,2000,11,出生,男,1451
平成12,2000,11,出生,女,1434
平成12,2000,11,死亡,総数,1757
平成12,2000,11,死亡,男,990
平成12,2000,11,死亡,女,767
平成12,2000,11,人口増減率,,0.05963
平成12,2000,11,社会増減率,,0.02674
平成12,2000,11,自然増減率,,0.03289
平成12,2000,12,世帯数増減,,571
平成12,2000,12,人口増減,総数,894
平成12,2000,12,人口増減,男,213
平成12,2000,12,人口増減,女,681
平成12,2000,12,社会増減,総数,-63
平成12,2000,12,社会増減,男,-161
平成12,2000,12,社会増減,女,98
平成12,2000,12,市外移動_転入,総数,10516
平成12,2000,12,市外移動_転入,男,5540
平成12,2000,12,市外移動_転入,女,4976
平成12,2000,12,市外移動_転出,総数,10524
平成12,2000,12,市外移動_転出,男,5624
平成12,2000,12,市外移動_転出,女,4900
平成12,2000,12,市内移動_転入,総数,7236
平成12,2000,12,市内移動_転入,男,3676
平成12,2000,12,市内移動_転入,女,3560
平成12,2000,12,市内移動_転出,総数,7221
平成12,2000,12,市内移動_転出,男,3665
平成12,2000,12,市内移動_転出,女,3556
平成12,2000,12,その他増減,総数,-70
平成12,2000,12,その他増減,男,-88
平成12,2000,12,その他増減,女,18
平成12,2000,12,自然増減,総数,957
平成12,2000,12,自然増減,男,374
平成12,2000,12,自然増減,女,583
平成12,2000,12,出生,総数,2694
平成12,2000,12,出生,男,1364
平成12,2000,12,出生,女,1330
平成12,2000,12,死亡,総数,1737
平成12,2000,12,死亡,男,990
平成12,2000,12,死亡,女,747
平成12,2000,12,人口増減率,,0.02605
平成12,2000,12,社会増減率,,-0.00184
平成12,2000,12,自然増減率,,0.02789
平成13,2001,1,世帯数増減,,1200
平成13,2001,1,人口増減,総数,2248
平成13,2001,1,人口増減,男,765
平成13,2001,1,人口増減,女,1483
平成13,2001,1,社会増減,総数,1454
平成13,2001,1,社会増減,男,433
平成13,2001,1,社会増減,女,1021
平成13,2001,1,市外移動_転入,総数,11008
平成13,2001,1,市外移動_転入,男,5880
平成13,2001,1,市外移動_転入,女,5128
平成13,2001,1,市外移動_転出,総数,9515
平成13,2001,1,市外移動_転出,男,5379
平成13,2001,1,市外移動_転出,女,4136
平成13,2001,1,市内移動_転入,総数,6997
平成13,2001,1,市内移動_転入,男,3614
平成13,2001,1,市内移動_転入,女,3383
平成13,2001,1,市内移動_転出,総数,6975
平成13,2001,1,市内移動_転出,男,3601
平成13,2001,1,市内移動_転出,女,3374
平成13,2001,1,その他増減,総数,-61
平成13,2001,1,その他増減,男,-81
平成13,2001,1,その他増減,女,20
平成13,2001,1,自然増減,総数,794
平成13,2001,1,自然増減,男,332
平成13,2001,1,自然増減,女,462
平成13,2001,1,出生,総数,2950
平成13,2001,1,出生,男,1552
平成13,2001,1,出生,女,1398
平成13,2001,1,死亡,総数,2156
平成13,2001,1,死亡,男,1220
平成13,2001,1,死亡,女,936
平成13,2001,1,人口増減率,,0.06549
平成13,2001,1,社会増減率,,0.04236
平成13,2001,1,自然増減率,,0.02313
平成13,2001,2,世帯数増減,,549
平成13,2001,2,人口増減,総数,233
平成13,2001,2,人口増減,男,-241
平成13,2001,2,人口増減,女,474
平成13,2001,2,社会増減,総数,-642
平成13,2001,2,社会増減,男,-558
平成13,2001,2,社会増減,女,-84
平成13,2001,2,市外移動_転入,総数,9818
平成13,2001,2,市外移動_転入,男,5311
平成13,2001,2,市外移動_転入,女,4507
平成13,2001,2,市外移動_転出,総数,10364
平成13,2001,2,市外移動_転出,男,5770
平成13,2001,2,市外移動_転出,女,4594
平成13,2001,2,市内移動_転入,総数,6736
平成13,2001,2,市内移動_転入,男,3593
平成13,2001,2,市内移動_転入,女,3143
平成13,2001,2,市内移動_転出,総数,6718
平成13,2001,2,市内移動_転出,男,3582
平成13,2001,2,市内移動_転出,女,3136
平成13,2001,2,その他増減,総数,-114
平成13,2001,2,その他増減,男,-110
平成13,2001,2,その他増減,女,-4
平成13,2001,2,自然増減,総数,875
平成13,2001,2,自然増減,男,317
平成13,2001,2,自然増減,女,558
平成13,2001,2,出生,総数,2563
平成13,2001,2,出生,男,1314
平成13,2001,2,出生,女,1249
平成13,2001,2,死亡,総数,1688
平成13,2001,2,死亡,男,997
平成13,2001,2,死亡,女,691
平成13,2001,2,人口増減率,,0.00678
平成13,2001,2,社会増減率,,-0.01869
平成13,2001,2,自然増減率,,0.02547
平成13,2001,3,世帯数増減,,3765
平成13,2001,3,人口増減,総数,515
平成13,2001,3,人口増減,男,-380
平成13,2001,3,人口増減,女,895
平成13,2001,3,社会増減,総数,-448
平成13,2001,3,社会増減,男,-793
平成13,2001,3,社会増減,女,345
平成13,2001,3,市外移動_転入,総数,27317
平成13,2001,3,市外移動_転入,男,14860
平成13,2001,3,市外移動_転入,女,12457
平成13,2001,3,市外移動_転出,総数,27753
平成13,2001,3,市外移動_転出,男,15590
平成13,2001,3,市外移動_転出,女,12163
平成13,2001,3,市内移動_転入,総数,11933
平成13,2001,3,市内移動_転入,男,6215
平成13,2001,3,市内移動_転入,女,5718
平成13,2001,3,市内移動_転出,総数,11898
平成13,2001,3,市内移動_転出,男,6189
平成13,2001,3,市内移動_転出,女,5709
平成13,2001,3,その他増減,総数,-47
平成13,2001,3,その他増減,男,-89
平成13,2001,3,その他増減,女,42
平成13,2001,3,自然増減,総数,963
平成13,2001,3,自然増減,男,413
平成13,2001,3,自然増減,女,550
平成13,2001,3,出生,総数,2676
平成13,2001,3,出生,男,1395
平成13,2001,3,出生,女,1281
平成13,2001,3,死亡,総数,1713
平成13,2001,3,死亡,男,982
平成13,2001,3,死亡,女,731
平成13,2001,3,人口増減率,,0.01499
平成13,2001,3,社会増減率,,-0.01304
平成13,2001,3,自然増減率,,0.02803
平成13,2001,4,世帯数増減,,10768
平成13,2001,4,人口増減,総数,13101
平成13,2001,4,人口増減,男,7502
平成13,2001,4,人口増減,女,5599
平成13,2001,4,社会増減,総数,12378
平成13,2001,4,社会増減,男,7206
平成13,2001,4,社会増減,女,5172
平成13,2001,4,市外移動_転入,総数,26888
平成13,2001,4,市外移動_転入,男,15406
平成13,2001,4,市外移動_転入,女,11482
平成13,2001,4,市外移動_転出,総数,14608
平成13,2001,4,市外移動_転出,男,8229
平成13,2001,4,市外移動_転出,女,6379
平成13,2001,4,市内移動_転入,総数,8852
平成13,2001,4,市内移動_転入,男,4658
平成13,2001,4,市内移動_転入,女,4194
平成13,2001,4,市内移動_転出,総数,8835
平成13,2001,4,市内移動_転出,男,4646
平成13,2001,4,市内移動_転出,女,4189
平成13,2001,4,その他増減,総数,81
平成13,2001,4,その他増減,男,17
平成13,2001,4,その他増減,女,64
平成13,2001,4,自然増減,総数,723
平成13,2001,4,自然増減,男,296
平成13,2001,4,自然増減,女,427
平成13,2001,4,出生,総数,2389
平成13,2001,4,出生,男,1241
平成13,2001,4,出生,女,1148
平成13,2001,4,死亡,総数,1666
平成13,2001,4,死亡,男,945
平成13,2001,4,死亡,女,721
平成13,2001,4,人口増減率,,0.38134
平成13,2001,4,社会増減率,,0.36029
平成13,2001,4,自然増減率,,0.02104
平成13,2001,5,世帯数増減,,3019
平成13,2001,5,人口増減,総数,3351
平成13,2001,5,人口増減,男,1791
平成13,2001,5,人口増減,女,1560
平成13,2001,5,社会増減,総数,2163
平成13,2001,5,社会増減,男,1218
平成13,2001,5,社会増減,女,945
平成13,2001,5,市外移動_転入,総数,13259
平成13,2001,5,市外移動_転入,男,7380
平成13,2001,5,市外移動_転入,女,5879
平成13,2001,5,市外移動_転出,総数,11171
平成13,2001,5,市外移動_転出,男,6181
平成13,2001,5,市外移動_転出,女,4990
平成13,2001,5,市内移動_転入,総数,7084
平成13,2001,5,市内移動_転入,男,3631
平成13,2001,5,市内移動_転入,女,3453
平成13,2001,5,市内移動_転出,総数,7059
平成13,2001,5,市内移動_転出,男,3613
平成13,2001,5,市内移動_転出,女,3446
平成13,2001,5,その他増減,総数,50
平成13,2001,5,その他増減,男,1
平成13,2001,5,その他増減,女,49
平成13,2001,5,自然増減,総数,1188
平成13,2001,5,自然増減,男,573
平成13,2001,5,自然増減,女,615
平成13,2001,5,出生,総数,3049
平成13,2001,5,出生,男,1574
平成13,2001,5,出生,女,1475
平成13,2001,5,死亡,総数,1861
平成13,2001,5,死亡,男,1001
平成13,2001,5,死亡,女,860
平成13,2001,5,人口増減率,,0.09717
平成13,2001,5,社会増減率,,0.06272
平成13,2001,5,自然増減率,,0.03445
平成13,2001,6,世帯数増減,,2228
平成13,2001,6,人口増減,総数,2369
平成13,2001,6,人口増減,男,1133
平成13,2001,6,人口増減,女,1236
平成13,2001,6,社会増減,総数,1142
平成13,2001,6,社会増減,男,584
平成13,2001,6,社会増減,女,558
平成13,2001,6,市外移動_転入,総数,12908
平成13,2001,6,市外移動_転入,男,7018
平成13,2001,6,市外移動_転入,女,5890
平成13,2001,6,市外移動_転出,総数,11857
平成13,2001,6,市外移動_転出,男,6473
平成13,2001,6,市外移動_転出,女,5384
平成13,2001,6,市内移動_転入,総数,9103
平成13,2001,6,市内移動_転入,男,4726
平成13,2001,6,市内移動_転入,女,4377
平成13,2001,6,市内移動_転出,総数,9079
平成13,2001,6,市内移動_転出,男,4708
平成13,2001,6,市内移動_転出,女,4371
平成13,2001,6,その他増減,総数,67
平成13,2001,6,その他増減,男,21
平成13,2001,6,その他増減,女,46
平成13,2001,6,自然増減,総数,1227
平成13,2001,6,自然増減,男,549
平成13,2001,6,自然増減,女,678
平成13,2001,6,出生,総数,2749
平成13,2001,6,出生,男,1413
平成13,2001,6,出生,女,1336
平成13,2001,6,死亡,総数,1522
平成13,2001,6,死亡,男,864
平成13,2001,6,死亡,女,658
平成13,2001,6,人口増減率,,0.06863
平成13,2001,6,社会増減率,,0.03308
平成13,2001,6,自然増減率,,0.03554
平成13,2001,7,世帯数増減,,1719
平成13,2001,7,人口増減,総数,2163
平成13,2001,7,人口増減,男,1045
平成13,2001,7,人口増減,女,1118
平成13,2001,7,社会増減,総数,1056
平成13,2001,7,社会増減,男,521
平成13,2001,7,社会増減,女,535
平成13,2001,7,市外移動_転入,総数,12061
平成13,2001,7,市外移動_転入,男,6587
平成13,2001,7,市外移動_転入,女,5474
平成13,2001,7,市外移動_転出,総数,11019
平成13,2001,7,市外移動_転出,男,6051
平成13,2001,7,市外移動_転出,女,4968
平成13,2001,7,市内移動_転入,総数,6463
平成13,2001,7,市内移動_転入,男,3402
平成13,2001,7,市内移動_転入,女,3061
平成13,2001,7,市内移動_転出,総数,6437
平成13,2001,7,市内移動_転出,男,3389
平成13,2001,7,市内移動_転出,女,3048
平成13,2001,7,その他増減,総数,-12
平成13,2001,7,その他増減,男,-28
平成13,2001,7,その他増減,女,16
平成13,2001,7,自然増減,総数,1107
平成13,2001,7,自然増減,男,524
平成13,2001,7,自然増減,女,583
平成13,2001,7,出生,総数,2856
平成13,2001,7,出生,男,1502
平成13,2001,7,出生,女,1354
平成13,2001,7,死亡,総数,1749
平成13,2001,7,死亡,男,978
平成13,2001,7,死亡,女,771
平成13,2001,7,人口増減率,,0.06262
平成13,2001,7,社会増減率,,0.03057
平成13,2001,7,自然増減率,,0.03205
平成13,2001,8,世帯数増減,,2481
平成13,2001,8,人口増減,総数,3447
平成13,2001,8,人口増減,男,1612
平成13,2001,8,人口増減,女,1835
平成13,2001,8,社会増減,総数,2070
平成13,2001,8,社会増減,男,1045
平成13,2001,8,社会増減,女,1025
平成13,2001,8,市外移動_転入,総数,12991
平成13,2001,8,市外移動_転入,男,6960
平成13,2001,8,市外移動_転入,女,6031
平成13,2001,8,市外移動_転出,総数,10968
平成13,2001,8,市外移動_転出,男,5934
平成13,2001,8,市外移動_転出,女,5034
平成13,2001,8,市内移動_転入,総数,7076
平成13,2001,8,市内移動_転入,男,3686
平成13,2001,8,市内移動_転入,女,3390
平成13,2001,8,市内移動_転出,総数,7055
平成13,2001,8,市内移動_転出,男,3666
平成13,2001,8,市内移動_転出,女,3389
平成13,2001,8,その他増減,総数,26
平成13,2001,8,その他増減,男,-1
平成13,2001,8,その他増減,女,27
平成13,2001,8,自然増減,総数,1377
平成13,2001,8,自然増減,男,567
平成13,2001,8,自然増減,女,810
平成13,2001,8,出生,総数,2999
平成13,2001,8,出生,男,1528
平成13,2001,8,出生,女,1471
平成13,2001,8,死亡,総数,1622
平成13,2001,8,死亡,男,961
平成13,2001,8,死亡,女,661
平成13,2001,8,人口増減率,,0.09972
平成13,2001,8,社会増減率,,0.05989
平成13,2001,8,自然増減率,,0.03984
平成13,2001,9,世帯数増減,,1408
平成13,2001,9,人口増減,総数,1560
平成13,2001,9,人口増減,男,530
平成13,2001,9,人口増減,女,1030
平成13,2001,9,社会増減,総数,236
平成13,2001,9,社会増減,男,-66
平成13,2001,9,社会増減,女,302
平成13,2001,9,市外移動_転入,総数,9997
平成13,2001,9,市外移動_転入,男,5431
平成13,2001,9,市外移動_転入,女,4566
平成13,2001,9,市外移動_転出,総数,9784
平成13,2001,9,市外移動_転出,男,5491
平成13,2001,9,市外移動_転出,女,4293
平成13,2001,9,市内移動_転入,総数,5657
平成13,2001,9,市内移動_転入,男,2931
平成13,2001,9,市内移動_転入,女,2726
平成13,2001,9,市内移動_転出,総数,5638
平成13,2001,9,市内移動_転出,男,2916
平成13,2001,9,市内移動_転出,女,2722
平成13,2001,9,その他増減,総数,4
平成13,2001,9,その他増減,男,-21
平成13,2001,9,その他増減,女,25
平成13,2001,9,自然増減,総数,1324
平成13,2001,9,自然増減,男,596
平成13,2001,9,自然増減,女,728
平成13,2001,9,出生,総数,2753
平成13,2001,9,出生,男,1400
平成13,2001,9,出生,女,1353
平成13,2001,9,死亡,総数,1429
平成13,2001,9,死亡,男,804
平成13,2001,9,死亡,女,625
平成13,2001,9,人口増減率,,0.04509
平成13,2001,9,社会増減率,,0.00682
平成13,2001,9,自然増減率,,0.03827
平成13,2001,10,世帯数増減,,3199
平成13,2001,10,人口増減,総数,4549
平成13,2001,10,人口増減,男,2163
平成13,2001,10,人口増減,女,2386
平成13,2001,10,社会増減,総数,3071
平成13,2001,10,社会増減,男,1542
平成13,2001,10,社会増減,女,1529
平成13,2001,10,市外移動_転入,総数,14084
平成13,2001,10,市外移動_転入,男,7669
平成13,2001,10,市外移動_転入,女,6415
平成13,2001,10,市外移動_転出,総数,11094
平成13,2001,10,市外移動_転出,男,6164
平成13,2001,10,市外移動_転出,女,4930
平成13,2001,10,市内移動_転入,総数,7771
平成13,2001,10,市内移動_転入,男,4024
平成13,2001,10,市内移動_転入,女,3747
平成13,2001,10,市内移動_転出,総数,7745
平成13,2001,10,市内移動_転出,男,4002
平成13,2001,10,市内移動_転出,女,3743
平成13,2001,10,その他増減,総数,55
平成13,2001,10,その他増減,男,15
平成13,2001,10,その他増減,女,40
平成13,2001,10,自然増減,総数,1478
平成13,2001,10,自然増減,男,621
平成13,2001,10,自然増減,女,857
平成13,2001,10,出生,総数,3285
平成13,2001,10,出生,男,1678
平成13,2001,10,出生,女,1607
平成13,2001,10,死亡,総数,1807
平成13,2001,10,死亡,男,1057
平成13,2001,10,死亡,女,750
平成13,2001,10,人口増減率,,0.13142
平成13,2001,10,社会増減率,,0.08872
平成13,2001,10,自然増減率,,0.0427
平成13,2001,11,世帯数増減,,1527
平成13,2001,11,人口増減,総数,2028
平成13,2001,11,人口増減,男,671
平成13,2001,11,人口増減,女,1357
平成13,2001,11,社会増減,総数,930
平成13,2001,11,社会増減,男,187
平成13,2001,11,社会増減,女,743
平成13,2001,11,市外移動_転入,総数,10891
平成13,2001,11,市外移動_転入,男,5684
平成13,2001,11,市外移動_転入,女,5207
平成13,2001,11,市外移動_転出,総数,9945
平成13,2001,11,市外移動_転出,男,5425
平成13,2001,11,市外移動_転出,女,4520
平成13,2001,11,市内移動_転入,総数,7414
平成13,2001,11,市内移動_転入,男,3835
平成13,2001,11,市内移動_転入,女,3579
平成13,2001,11,市内移動_転出,総数,7391
平成13,2001,11,市内移動_転出,男,3821
平成13,2001,11,市内移動_転出,女,3570
平成13,2001,11,その他増減,総数,-39
平成13,2001,11,その他増減,男,-86
平成13,2001,11,その他増減,女,47
平成13,2001,11,自然増減,総数,1098
平成13,2001,11,自然増減,男,484
平成13,2001,11,自然増減,女,614
平成13,2001,11,出生,総数,2809
平成13,2001,11,出生,男,1461
平成13,2001,11,出生,女,1348
平成13,2001,11,死亡,総数,1711
平成13,2001,11,死亡,男,977
平成13,2001,11,死亡,女,734
平成13,2001,11,人口増減率,,0.05851
平成13,2001,11,社会増減率,,0.02683
平成13,2001,11,自然増減率,,0.03168
平成13,2001,12,世帯数増減,,672
平成13,2001,12,人口増減,総数,841
平成13,2001,12,人口増減,男,65
平成13,2001,12,人口増減,女,776
平成13,2001,12,社会増減,総数,-34
平成13,2001,12,社会増減,男,-256
平成13,2001,12,社会増減,女,222
平成13,2001,12,市外移動_転入,総数,9975
平成13,2001,12,市外移動_転入,男,5240
平成13,2001,12,市外移動_転入,女,4735
平成13,2001,12,市外移動_転出,総数,9998
平成13,2001,12,市外移動_転出,男,5458
平成13,2001,12,市外移動_転出,女,4540
平成13,2001,12,市内移動_転入,総数,6335
平成13,2001,12,市内移動_転入,男,3211
平成13,2001,12,市内移動_転入,女,3124
平成13,2001,12,市内移動_転出,総数,6319
平成13,2001,12,市内移動_転出,男,3199
平成13,2001,12,市内移動_転出,女,3120
平成13,2001,12,その他増減,総数,-27
平成13,2001,12,その他増減,男,-50
平成13,2001,12,その他増減,女,23
平成13,2001,12,自然増減,総数,875
平成13,2001,12,自然増減,男,321
平成13,2001,12,自然増減,女,554
平成13,2001,12,出生,総数,2644
平成13,2001,12,出生,男,1322
平成13,2001,12,出生,女,1322
平成13,2001,12,死亡,総数,1769
平成13,2001,12,死亡,男,1001
平成13,2001,12,死亡,女,768
平成13,2001,12,人口増減率,,0.02425
平成13,2001,12,社会増減率,,-0.00098
平成13,2001,12,自然増減率,,0.02523
平成14,2002,1,世帯数増減,,1073
平成14,2002,1,人口増減,総数,1433
平成14,2002,1,人口増減,男,485
平成14,2002,1,人口増減,女,948
平成14,2002,1,社会増減,総数,659
平成14,2002,1,社会増減,男,239
平成14,2002,1,社会増減,女,420
平成14,2002,1,市外移動_転入,総数,9798
平成14,2002,1,市外移動_転入,男,5313
平成14,2002,1,市外移動_転入,女,4485
平成14,2002,1,市外移動_転出,総数,9261
平成14,2002,1,市外移動_転出,男,5125
平成14,2002,1,市外移動_転出,女,4136
平成14,2002,1,市内移動_転入,総数,5811
平成14,2002,1,市内移動_転入,男,3104
平成14,2002,1,市内移動_転入,女,2707
平成14,2002,1,市内移動_転出,総数,5800
平成14,2002,1,市内移動_転出,男,3096
平成14,2002,1,市内移動_転出,女,2704
平成14,2002,1,その他増減,総数,111
平成14,2002,1,その他増減,男,43
平成14,2002,1,その他増減,女,68
平成14,2002,1,自然増減,総数,774
平成14,2002,1,自然増減,男,246
平成14,2002,1,自然増減,女,528
平成14,2002,1,出生,総数,3032
平成14,2002,1,出生,男,1543
平成14,2002,1,出生,女,1489
平成14,2002,1,死亡,総数,2258
平成14,2002,1,死亡,男,1297
平成14,2002,1,死亡,女,961
平成14,2002,1,人口増減率,,0.04131
平成14,2002,1,社会増減率,,0.019
平成14,2002,1,自然増減率,,0.02231
平成14,2002,2,世帯数増減,,826
平成14,2002,2,人口増減,総数,662
平成14,2002,2,人口増減,男,123
平成14,2002,2,人口増減,女,539
平成14,2002,2,社会増減,総数,-129
平成14,2002,2,社会増減,男,-195
平成14,2002,2,社会増減,女,66
平成14,2002,2,市外移動_転入,総数,10305
平成14,2002,2,市外移動_転入,男,5664
平成14,2002,2,市外移動_転入,女,4641
平成14,2002,2,市外移動_転出,総数,10363
平成14,2002,2,市外移動_転出,男,5768
平成14,2002,2,市外移動_転出,女,4595
平成14,2002,2,市内移動_転入,総数,7270
平成14,2002,2,市内移動_転入,男,3822
平成14,2002,2,市内移動_転入,女,3448
平成14,2002,2,市内移動_転出,総数,7253
平成14,2002,2,市内移動_転出,男,3809
平成14,2002,2,市内移動_転出,女,3444
平成14,2002,2,その他増減,総数,-88
平成14,2002,2,その他増減,男,-104
平成14,2002,2,その他増減,女,16
平成14,2002,2,自然増減,総数,791
平成14,2002,2,自然増減,男,318
平成14,2002,2,自然増減,女,473
平成14,2002,2,出生,総数,2594
平成14,2002,2,出生,男,1335
平成14,2002,2,出生,女,1259
平成14,2002,2,死亡,総数,1803
平成14,2002,2,死亡,男,1017
平成14,2002,2,死亡,女,786
平成14,2002,2,人口増減率,,0.01907
平成14,2002,2,社会増減率,,-0.00372
平成14,2002,2,自然増減率,,0.02279
平成14,2002,3,世帯数増減,,3333
平成14,2002,3,人口増減,総数,-413
平成14,2002,3,人口増減,男,-676
平成14,2002,3,人口増減,女,263
平成14,2002,3,社会増減,総数,-1236
平成14,2002,3,社会増減,男,-990
平成14,2002,3,社会増減,女,-246
平成14,2002,3,市外移動_転入,総数,26845
平成14,2002,3,市外移動_転入,男,14670
平成14,2002,3,市外移動_転入,女,12175
平成14,2002,3,市外移動_転出,総数,28057
平成14,2002,3,市外移動_転出,男,15553
平成14,2002,3,市外移動_転出,女,12504
平成14,2002,3,市内移動_転入,総数,11646
平成14,2002,3,市内移動_転入,男,6028
平成14,2002,3,市内移動_転入,女,5618
平成14,2002,3,市内移動_転出,総数,11611
平成14,2002,3,市内移動_転出,男,6007
平成14,2002,3,市内移動_転出,女,5604
平成14,2002,3,その他増減,総数,-59
平成14,2002,3,その他増減,男,-128
平成14,2002,3,その他増減,女,69
平成14,2002,3,自然増減,総数,823
平成14,2002,3,自然増減,男,314
平成14,2002,3,自然増減,女,509
平成14,2002,3,出生,総数,2583
平成14,2002,3,出生,男,1313
平成14,2002,3,出生,女,1270
平成14,2002,3,死亡,総数,1760
平成14,2002,3,死亡,男,999
平成14,2002,3,死亡,女,761
平成14,2002,3,人口増減率,,-0.0119
平成14,2002,3,社会増減率,,-0.03561
平成14,2002,3,自然増減率,,0.02371
平成14,2002,4,世帯数増減,,12058
平成14,2002,4,人口増減,総数,15680
平成14,2002,4,人口増減,男,8748
平成14,2002,4,人口増減,女,6932
平成14,2002,4,社会増減,総数,14599
平成14,2002,4,社会増減,男,8355
平成14,2002,4,社会増減,女,6244
平成14,2002,4,市外移動_転入,総数,29893
平成14,2002,4,市外移動_転入,男,17106
平成14,2002,4,市外移動_転入,女,12787
平成14,2002,4,市外移動_転出,総数,15374
平成14,2002,4,市外移動_転出,男,8771
平成14,2002,4,市外移動_転出,女,6603
平成14,2002,4,市内移動_転入,総数,10731
平成14,2002,4,市内移動_転入,男,5543
平成14,2002,4,市内移動_転入,女,5188
平成14,2002,4,市内移動_転出,総数,10706
平成14,2002,4,市内移動_転出,男,5530
平成14,2002,4,市内移動_転出,女,5176
平成14,2002,4,その他増減,総数,55
平成14,2002,4,その他増減,男,7
平成14,2002,4,その他増減,女,48
平成14,2002,4,自然増減,総数,1081
平成14,2002,4,自然増減,男,393
平成14,2002,4,自然増減,女,688
平成14,2002,4,出生,総数,2766
平成14,2002,4,出生,男,1361
平成14,2002,4,出生,女,1405
平成14,2002,4,死亡,総数,1685
平成14,2002,4,死亡,男,968
平成14,2002,4,死亡,女,717
平成14,2002,4,人口増減率,,0.45177
平成14,2002,4,社会増減率,,0.42062
平成14,2002,4,自然増減率,,0.03115
平成14,2002,5,世帯数増減,,2784
平成14,2002,5,人口増減,総数,3224
平成14,2002,5,人口増減,男,1560
平成14,2002,5,人口増減,女,1664
平成14,2002,5,社会増減,総数,2109
平成14,2002,5,社会増減,男,1152
平成14,2002,5,社会増減,女,957
平成14,2002,5,市外移動_転入,総数,12753
平成14,2002,5,市外移動_転入,男,6961
平成14,2002,5,市外移動_転入,女,5792
平成14,2002,5,市外移動_転出,総数,10760
平成14,2002,5,市外移動_転出,男,5873
平成14,2002,5,市外移動_転出,女,4887
平成14,2002,5,市内移動_転入,総数,6538
平成14,2002,5,市内移動_転入,男,3363
平成14,2002,5,市内移動_転入,女,3175
平成14,2002,5,市内移動_転出,総数,6508
平成14,2002,5,市内移動_転出,男,3340
平成14,2002,5,市内移動_転出,女,3168
平成14,2002,5,その他増減,総数,86
平成14,2002,5,その他増減,男,41
平成14,2002,5,その他増減,女,45
平成14,2002,5,自然増減,総数,1115
平成14,2002,5,自然増減,男,408
平成14,2002,5,自然増減,女,707
平成14,2002,5,出生,総数,2958
平成14,2002,5,出生,男,1465
平成14,2002,5,出生,女,1493
平成14,2002,5,死亡,総数,1843
平成14,2002,5,死亡,男,1057
平成14,2002,5,死亡,女,786
平成14,2002,5,人口増減率,,0.09247
平成14,2002,5,社会増減率,,0.06049
平成14,2002,5,自然増減率,,0.03198
平成14,2002,6,世帯数増減,,1394
平成14,2002,6,人口増減,総数,1465
平成14,2002,6,人口増減,男,494
平成14,2002,6,人口増減,女,971
平成14,2002,6,社会増減,総数,423
平成14,2002,6,社会増減,男,-18
平成14,2002,6,社会増減,女,441
平成14,2002,6,市外移動_転入,総数,9542
平成14,2002,6,市外移動_転入,男,5102
平成14,2002,6,市外移動_転入,女,4440
平成14,2002,6,市外移動_転出,総数,9131
平成14,2002,6,市外移動_転出,男,5109
平成14,2002,6,市外移動_転出,女,4022
平成14,2002,6,市内移動_転入,総数,5547
平成14,2002,6,市内移動_転入,男,2846
平成14,2002,6,市内移動_転入,女,2701
平成14,2002,6,市内移動_転出,総数,5527
平成14,2002,6,市内移動_転出,男,2829
平成14,2002,6,市内移動_転出,女,2698
平成14,2002,6,その他増減,総数,-8
平成14,2002,6,その他増減,男,-28
平成14,2002,6,その他増減,女,20
平成14,2002,6,自然増減,総数,1042
平成14,2002,6,自然増減,男,512
平成14,2002,6,自然増減,女,530
平成14,2002,6,出生,総数,2552
平成14,2002,6,出生,男,1350
平成14,2002,6,出生,女,1202
平成14,2002,6,死亡,総数,1510
平成14,2002,6,死亡,男,838
平成14,2002,6,死亡,女,672
平成14,2002,6,人口増減率,,0.04198
平成14,2002,6,社会増減率,,0.01212
平成14,2002,6,自然増減率,,0.02986
平成14,2002,7,世帯数増減,,1548
平成14,2002,7,人口増減,総数,2051
平成14,2002,7,人口増減,男,711
平成14,2002,7,人口増減,女,1340
平成14,2002,7,社会増減,総数,728
平成14,2002,7,社会増減,男,139
平成14,2002,7,社会増減,女,589
平成14,2002,7,市外移動_転入,総数,12716
平成14,2002,7,市外移動_転入,男,6820
平成14,2002,7,市外移動_転入,女,5896
平成14,2002,7,市外移動_転出,総数,11994
平成14,2002,7,市外移動_転出,男,6640
平成14,2002,7,市外移動_転出,女,5354
平成14,2002,7,市内移動_転入,総数,7024
平成14,2002,7,市内移動_転入,男,3669
平成14,2002,7,市内移動_転入,女,3355
平成14,2002,7,市内移動_転出,総数,7000
平成14,2002,7,市内移動_転出,男,3654
平成14,2002,7,市内移動_転出,女,3346
平成14,2002,7,その他増減,総数,-18
平成14,2002,7,その他増減,男,-56
平成14,2002,7,その他増減,女,38
平成14,2002,7,自然増減,総数,1323
平成14,2002,7,自然増減,男,572
平成14,2002,7,自然増減,女,751
平成14,2002,7,出生,総数,3119
平成14,2002,7,出生,男,1574
平成14,2002,7,出生,女,1545
平成14,2002,7,死亡,総数,1796
平成14,2002,7,死亡,男,1002
平成14,2002,7,死亡,女,794
平成14,2002,7,人口増減率,,0.05875
平成14,2002,7,社会増減率,,0.02085
平成14,2002,7,自然増減率,,0.0379
平成14,2002,8,世帯数増減,,1629
平成14,2002,8,人口増減,総数,2345
平成14,2002,8,人口増減,男,1030
平成14,2002,8,人口増減,女,1315
平成14,2002,8,社会増減,総数,1084
平成14,2002,8,社会増減,男,471
平成14,2002,8,社会増減,女,613
平成14,2002,8,市外移動_転入,総数,12382
平成14,2002,8,市外移動_転入,男,6669
平成14,2002,8,市外移動_転入,女,5713
平成14,2002,8,市外移動_転出,総数,11318
平成14,2002,8,市外移動_転出,男,6175
平成14,2002,8,市外移動_転出,女,5143
平成14,2002,8,市内移動_転入,総数,6482
平成14,2002,8,市内移動_転入,男,3277
平成14,2002,8,市内移動_転入,女,3205
平成14,2002,8,市内移動_転出,総数,6464
平成14,2002,8,市内移動_転出,男,3264
平成14,2002,8,市内移動_転出,女,3200
平成14,2002,8,その他増減,総数,2
平成14,2002,8,その他増減,男,-36
平成14,2002,8,その他増減,女,38
平成14,2002,8,自然増減,総数,1261
平成14,2002,8,自然増減,男,559
平成14,2002,8,自然増減,女,702
平成14,2002,8,出生,総数,2908
平成14,2002,8,出生,男,1464
平成14,2002,8,出生,女,1444
平成14,2002,8,死亡,総数,1647
平成14,2002,8,死亡,男,905
平成14,2002,8,死亡,女,742
平成14,2002,8,人口増減率,,0.06713
平成14,2002,8,社会増減率,,0.03103
平成14,2002,8,自然増減率,,0.0361
平成14,2002,9,世帯数増減,,1167
平成14,2002,9,人口増減,総数,1372
平成14,2002,9,人口増減,男,322
平成14,2002,9,人口増減,女,1050
平成14,2002,9,社会増減,総数,173
平成14,2002,9,社会増減,男,-152
平成14,2002,9,社会増減,女,325
平成14,2002,9,市外移動_転入,総数,11002
平成14,2002,9,市外移動_転入,男,5889
平成14,2002,9,市外移動_転入,女,5113
平成14,2002,9,市外移動_転出,総数,10965
平成14,2002,9,市外移動_転出,男,6121
平成14,2002,9,市外移動_転出,女,4844
平成14,2002,9,市内移動_転入,総数,6642
平成14,2002,9,市内移動_転入,男,3440
平成14,2002,9,市内移動_転入,女,3202
平成14,2002,9,市内移動_転出,総数,6625
平成14,2002,9,市内移動_転出,男,3428
平成14,2002,9,市内移動_転出,女,3197
平成14,2002,9,その他増減,総数,119
平成14,2002,9,その他増減,男,68
平成14,2002,9,その他増減,女,51
平成14,2002,9,自然増減,総数,1199
平成14,2002,9,自然増減,男,474
平成14,2002,9,自然増減,女,725
平成14,2002,9,出生,総数,2800
平成14,2002,9,出生,男,1417
平成14,2002,9,出生,女,1383
平成14,2002,9,死亡,総数,1601
平成14,2002,9,死亡,男,943
平成14,2002,9,死亡,女,658
平成14,2002,9,人口増減率,,0.03925
平成14,2002,9,社会増減率,,0.00495
平成14,2002,9,自然増減率,,0.0343
平成14,2002,10,世帯数増減,,2519
平成14,2002,10,人口増減,総数,3357
平成14,2002,10,人口増減,男,1460
平成14,2002,10,人口増減,女,1897
平成14,2002,10,社会増減,総数,1960
平成14,2002,10,社会増減,男,927
平成14,2002,10,社会増減,女,1033
平成14,2002,10,市外移動_転入,総数,13004
平成14,2002,10,市外移動_転入,男,6906
平成14,2002,10,市外移動_転入,女,6098
平成14,2002,10,市外移動_転出,総数,11151
平成14,2002,10,市外移動_転出,男,6039
平成14,2002,10,市外移動_転出,女,5112
平成14,2002,10,市内移動_転入,総数,7840
平成14,2002,10,市内移動_転入,男,4019
平成14,2002,10,市内移動_転入,女,3821
平成14,2002,10,市内移動_転出,総数,7818
平成14,2002,10,市内移動_転出,男,3998
平成14,2002,10,市内移動_転出,女,3820
平成14,2002,10,その他増減,総数,85
平成14,2002,10,その他増減,男,39
平成14,2002,10,その他増減,女,46
平成14,2002,10,自然増減,総数,1397
平成14,2002,10,自然増減,男,533
平成14,2002,10,自然増減,女,864
平成14,2002,10,出生,総数,3129
平成14,2002,10,出生,男,1544
平成14,2002,10,出生,女,1585
平成14,2002,10,死亡,総数,1732
平成14,2002,10,死亡,男,1011
平成14,2002,10,死亡,女,721
平成14,2002,10,人口増減率,,0.096
平成14,2002,10,社会増減率,,0.05605
平成14,2002,10,自然増減率,,0.03995
平成14,2002,11,世帯数増減,,1494
平成14,2002,11,人口増減,総数,1803
平成14,2002,11,人口増減,男,651
平成14,2002,11,人口増減,女,1152
平成14,2002,11,社会増減,総数,1003
平成14,2002,11,社会増減,男,370
平成14,2002,11,社会増減,女,633
平成14,2002,11,市外移動_転入,総数,10045
平成14,2002,11,市外移動_転入,男,5267
平成14,2002,11,市外移動_転入,女,4778
平成14,2002,11,市外移動_転出,総数,9125
平成14,2002,11,市外移動_転出,男,4940
平成14,2002,11,市外移動_転出,女,4185
平成14,2002,11,市内移動_転入,総数,6673
平成14,2002,11,市内移動_転入,男,3392
平成14,2002,11,市内移動_転入,女,3281
平成14,2002,11,市内移動_転出,総数,6650
平成14,2002,11,市内移動_転出,男,3374
平成14,2002,11,市内移動_転出,女,3276
平成14,2002,11,その他増減,総数,60
平成14,2002,11,その他増減,男,25
平成14,2002,11,その他増減,女,35
平成14,2002,11,自然増減,総数,800
平成14,2002,11,自然増減,男,281
平成14,2002,11,自然増減,女,519
平成14,2002,11,出生,総数,2638
平成14,2002,11,出生,男,1316
平成14,2002,11,出生,女,1322
平成14,2002,11,死亡,総数,1838
平成14,2002,11,死亡,男,1035
平成14,2002,11,死亡,女,803
平成14,2002,11,人口増減率,,0.05151
平成14,2002,11,社会増減率,,0.02865
平成14,2002,11,自然増減率,,0.02286
平成14,2002,12,世帯数増減,,614
平成14,2002,12,人口増減,総数,1095
平成14,2002,12,人口増減,男,193
平成14,2002,12,人口増減,女,902
平成14,2002,12,社会増減,総数,295
平成14,2002,12,社会増減,男,-104
平成14,2002,12,社会増減,女,399
平成14,2002,12,市外移動_転入,総数,9967
平成14,2002,12,市外移動_転入,男,5168
平成14,2002,12,市外移動_転入,女,4799
平成14,2002,12,市外移動_転出,総数,9677
平成14,2002,12,市外移動_転出,男,5253
平成14,2002,12,市外移動_転出,女,4424
平成14,2002,12,市内移動_転入,総数,6360
平成14,2002,12,市内移動_転入,男,3338
平成14,2002,12,市内移動_転入,女,3022
平成14,2002,12,市内移動_転出,総数,6350
平成14,2002,12,市内移動_転出,男,3329
平成14,2002,12,市内移動_転出,女,3021
平成14,2002,12,その他増減,総数,-5
平成14,2002,12,その他増減,男,-28
平成14,2002,12,その他増減,女,23
平成14,2002,12,自然増減,総数,800
平成14,2002,12,自然増減,男,297
平成14,2002,12,自然増減,女,503
平成14,2002,12,出生,総数,2620
平成14,2002,12,出生,男,1287
平成14,2002,12,出生,女,1333
平成14,2002,12,死亡,総数,1820
平成14,2002,12,死亡,男,990
平成14,2002,12,死亡,女,830
平成14,2002,12,人口増減率,,0.03127
平成14,2002,12,社会増減率,,0.00842
平成14,2002,12,自然増減率,,0.02284
平成15,2003,1,世帯数増減,,872
平成15,2003,1,人口増減,総数,1312
平成15,2003,1,人口増減,男,341
平成15,2003,1,人口増減,女,971
平成15,2003,1,社会増減,総数,709
平成15,2003,1,社会増減,男,156
平成15,2003,1,社会増減,女,553
平成15,2003,1,市外移動_転入,総数,10072
平成15,2003,1,市外移動_転入,男,5409
平成15,2003,1,市外移動_転入,女,4663
平成15,2003,1,市外移動_転出,総数,9372
平成15,2003,1,市外移動_転出,男,5230
平成15,2003,1,市外移動_転出,女,4142
平成15,2003,1,市内移動_転入,総数,5665
平成15,2003,1,市内移動_転入,男,2997
平成15,2003,1,市内移動_転入,女,2668
平成15,2003,1,市内移動_転出,総数,5644
平成15,2003,1,市内移動_転出,男,2980
平成15,2003,1,市内移動_転出,女,2664
平成15,2003,1,その他増減,総数,-12
平成15,2003,1,その他増減,男,-40
平成15,2003,1,その他増減,女,28
平成15,2003,1,自然増減,総数,603
平成15,2003,1,自然増減,男,185
平成15,2003,1,自然増減,女,418
平成15,2003,1,出生,総数,3129
平成15,2003,1,出生,男,1632
平成15,2003,1,出生,女,1497
平成15,2003,1,死亡,総数,2526
平成15,2003,1,死亡,男,1447
平成15,2003,1,死亡,女,1079
平成15,2003,1,人口増減率,,0.03782
平成15,2003,1,社会増減率,,0.02044
平成15,2003,1,自然増減率,,0.01738
平成15,2003,2,世帯数増減,,518
平成15,2003,2,人口増減,総数,36
平成15,2003,2,人口増減,男,-89
平成15,2003,2,人口増減,女,125
平成15,2003,2,社会増減,総数,-516
平成15,2003,2,社会増減,男,-315
平成15,2003,2,社会増減,女,-201
平成15,2003,2,市外移動_転入,総数,10140
平成15,2003,2,市外移動_転入,男,5501
平成15,2003,2,市外移動_転入,女,4639
平成15,2003,2,市外移動_転出,総数,10678
平成15,2003,2,市外移動_転出,男,5812
平成15,2003,2,市外移動_転出,女,4866
平成15,2003,2,市内移動_転入,総数,6707
平成15,2003,2,市内移動_転入,男,3547
平成15,2003,2,市内移動_転入,女,3160
平成15,2003,2,市内移動_転出,総数,6687
平成15,2003,2,市内移動_転出,男,3532
平成15,2003,2,市内移動_転出,女,3155
平成15,2003,2,その他増減,総数,2
平成15,2003,2,その他増減,男,-19
平成15,2003,2,その他増減,女,21
平成15,2003,2,自然増減,総数,552
平成15,2003,2,自然増減,男,226
平成15,2003,2,自然増減,女,326
平成15,2003,2,出生,総数,2512
平成15,2003,2,出生,男,1323
平成15,2003,2,出生,女,1189
平成15,2003,2,死亡,総数,1960
平成15,2003,2,死亡,男,1097
平成15,2003,2,死亡,女,863
平成15,2003,2,人口増減率,,0.00104
平成15,2003,2,社会増減率,,-0.01487
平成15,2003,2,自然増減率,,0.01591
平成15,2003,3,世帯数増減,,5216
平成15,2003,3,人口増減,総数,2627
平成15,2003,3,人口増減,男,882
平成15,2003,3,人口増減,女,1745
平成15,2003,3,社会増減,総数,1854
平成15,2003,3,社会増減,男,601
平成15,2003,3,社会増減,女,1253
平成15,2003,3,市外移動_転入,総数,29619
平成15,2003,3,市外移動_転入,男,15983
平成15,2003,3,市外移動_転入,女,13636
平成15,2003,3,市外移動_転出,総数,27713
平成15,2003,3,市外移動_転出,男,15234
平成15,2003,3,市外移動_転出,女,12479
平成15,2003,3,市内移動_転入,総数,11852
平成15,2003,3,市内移動_転入,男,6180
平成15,2003,3,市内移動_転入,女,5672
平成15,2003,3,市内移動_転出,総数,11830
平成15,2003,3,市内移動_転出,男,6167
平成15,2003,3,市内移動_転出,女,5663
平成15,2003,3,その他増減,総数,-74
平成15,2003,3,その他増減,男,-161
平成15,2003,3,その他増減,女,87
平成15,2003,3,自然増減,総数,773
平成15,2003,3,自然増減,男,281
平成15,2003,3,自然増減,女,492
平成15,2003,3,出生,総数,2612
平成15,2003,3,出生,男,1293
平成15,2003,3,出生,女,1319
平成15,2003,3,死亡,総数,1839
平成15,2003,3,死亡,男,1012
平成15,2003,3,死亡,女,827
平成15,2003,3,人口増減率,,0.07568
平成15,2003,3,社会増減率,,0.05341
平成15,2003,3,自然増減率,,0.02227
平成15,2003,4,世帯数増減,,9705
平成15,2003,4,人口増減,総数,11946
平成15,2003,4,人口増減,男,6494
平成15,2003,4,人口増減,女,5452
平成15,2003,4,社会増減,総数,11190
平成15,2003,4,社会増減,男,6253
平成15,2003,4,社会増減,女,4937
平成15,2003,4,市外移動_転入,総数,26261
平成15,2003,4,市外移動_転入,男,14781
平成15,2003,4,市外移動_転入,女,11480
平成15,2003,4,市外移動_転出,総数,15252
平成15,2003,4,市外移動_転出,男,8614
平成15,2003,4,市外移動_転出,女,6638
平成15,2003,4,市内移動_転入,総数,9286
平成15,2003,4,市内移動_転入,男,4836
平成15,2003,4,市内移動_転入,女,4450
平成15,2003,4,市内移動_転出,総数,9265
平成15,2003,4,市内移動_転出,男,4823
平成15,2003,4,市内移動_転出,女,4442
平成15,2003,4,その他増減,総数,160
平成15,2003,4,その他増減,男,73
平成15,2003,4,その他増減,女,87
平成15,2003,4,自然増減,総数,756
平成15,2003,4,自然増減,男,241
平成15,2003,4,自然増減,女,515
平成15,2003,4,出生,総数,2605
平成15,2003,4,出生,男,1324
平成15,2003,4,出生,女,1281
平成15,2003,4,死亡,総数,1849
平成15,2003,4,死亡,男,1083
平成15,2003,4,死亡,女,766
平成15,2003,4,人口増減率,,0.34419
平成15,2003,4,社会増減率,,0.3224
平成15,2003,4,自然増減率,,0.02178
平成15,2003,5,世帯数増減,,2137
平成15,2003,5,人口増減,総数,2440
平成15,2003,5,人口増減,男,1043
平成15,2003,5,人口増減,女,1397
平成15,2003,5,社会増減,総数,1405
平成15,2003,5,社会増減,男,595
平成15,2003,5,社会増減,女,810
平成15,2003,5,市外移動_転入,総数,12182
平成15,2003,5,市外移動_転入,男,6577
平成15,2003,5,市外移動_転入,女,5605
平成15,2003,5,市外移動_転出,総数,10793
平成15,2003,5,市外移動_転出,男,5952
平成15,2003,5,市外移動_転出,女,4841
平成15,2003,5,市内移動_転入,総数,6754
平成15,2003,5,市内移動_転入,男,3489
平成15,2003,5,市内移動_転入,女,3265
平成15,2003,5,市内移動_転出,総数,6738
平成15,2003,5,市内移動_転出,男,3477
平成15,2003,5,市内移動_転出,女,3261
平成15,2003,5,その他増減,総数,0
平成15,2003,5,その他増減,男,-42
平成15,2003,5,その他増減,女,42
平成15,2003,5,自然増減,総数,1035
平成15,2003,5,自然増減,男,448
平成15,2003,5,自然増減,女,587
平成15,2003,5,出生,総数,2707
平成15,2003,5,出生,男,1406
平成15,2003,5,出生,女,1301
平成15,2003,5,死亡,総数,1672
平成15,2003,5,死亡,男,958
平成15,2003,5,死亡,女,714
平成15,2003,5,人口増減率,,0.06998
平成15,2003,5,社会増減率,,0.0403
平成15,2003,5,自然増減率,,0.02969
平成15,2003,6,世帯数増減,,1329
平成15,2003,6,人口増減,総数,1522
平成15,2003,6,人口増減,男,696
平成15,2003,6,人口増減,女,826
平成15,2003,6,社会増減,総数,549
平成15,2003,6,社会増減,男,299
平成15,2003,6,社会増減,女,250
平成15,2003,6,市外移動_転入,総数,10517
平成15,2003,6,市外移動_転入,男,5762
平成15,2003,6,市外移動_転入,女,4755
平成15,2003,6,市外移動_転出,総数,10048
平成15,2003,6,市外移動_転出,男,5511
平成15,2003,6,市外移動_転出,女,4537
平成15,2003,6,市内移動_転入,総数,5724
平成15,2003,6,市内移動_転入,男,2973
平成15,2003,6,市内移動_転入,女,2751
平成15,2003,6,市内移動_転出,総数,5702
平成15,2003,6,市内移動_転出,男,2955
平成15,2003,6,市内移動_転出,女,2747
平成15,2003,6,その他増減,総数,58
平成15,2003,6,その他増減,男,30
平成15,2003,6,その他増減,女,28
平成15,2003,6,自然増減,総数,973
平成15,2003,6,自然増減,男,397
平成15,2003,6,自然増減,女,576
平成15,2003,6,出生,総数,2684
平成15,2003,6,出生,男,1381
平成15,2003,6,出生,女,1303
平成15,2003,6,死亡,総数,1711
平成15,2003,6,死亡,男,984
平成15,2003,6,死亡,女,727
平成15,2003,6,人口増減率,,0.04361
平成15,2003,6,社会増減率,,0.01573
平成15,2003,6,自然増減率,,0.02788
平成15,2003,7,世帯数増減,,1152
平成15,2003,7,人口増減,総数,1293
平成15,2003,7,人口増減,男,533
平成15,2003,7,人口増減,女,760
平成15,2003,7,社会増減,総数,59
平成15,2003,7,社会増減,男,-55
平成15,2003,7,社会増減,女,114
平成15,2003,7,市外移動_転入,総数,11950
平成15,2003,7,市外移動_転入,男,6464
平成15,2003,7,市外移動_転入,女,5486
平成15,2003,7,市外移動_転出,総数,11881
平成15,2003,7,市外移動_転出,男,6468
平成15,2003,7,市外移動_転出,女,5413
平成15,2003,7,市内移動_転入,総数,6933
平成15,2003,7,市内移動_転入,男,3628
平成15,2003,7,市内移動_転入,女,3305
平成15,2003,7,市内移動_転出,総数,6915
平成15,2003,7,市内移動_転出,男,3613
平成15,2003,7,市内移動_転出,女,3302
平成15,2003,7,その他増減,総数,-28
平成15,2003,7,その他増減,男,-66
平成15,2003,7,その他増減,女,38
平成15,2003,7,自然増減,総数,1234
平成15,2003,7,自然増減,男,588
平成15,2003,7,自然増減,女,646
平成15,2003,7,出生,総数,2948
平成15,2003,7,出生,男,1552
平成15,2003,7,出生,女,1396
平成15,2003,7,死亡,総数,1714
平成15,2003,7,死亡,男,964
平成15,2003,7,死亡,女,750
平成15,2003,7,人口増減率,,0.03704
平成15,2003,7,社会増減率,,0.00169
平成15,2003,7,自然増減率,,0.03535
平成15,2003,8,世帯数増減,,1060
平成15,2003,8,人口増減,総数,1825
平成15,2003,8,人口増減,男,763
平成15,2003,8,人口増減,女,1062
平成15,2003,8,社会増減,総数,597
平成15,2003,8,社会増減,男,210
平成15,2003,8,社会増減,女,387
平成15,2003,8,市外移動_転入,総数,11545
平成15,2003,8,市外移動_転入,男,6188
平成15,2003,8,市外移動_転入,女,5357
平成15,2003,8,市外移動_転出,総数,10887
平成15,2003,8,市外移動_転出,男,5902
平成15,2003,8,市外移動_転出,女,4985
平成15,2003,8,市内移動_転入,総数,6685
平成15,2003,8,市内移動_転入,男,3436
平成15,2003,8,市内移動_転入,女,3249
平成15,2003,8,市内移動_転出,総数,6667
平成15,2003,8,市内移動_転出,男,3424
平成15,2003,8,市内移動_転出,女,3243
平成15,2003,8,その他増減,総数,-79
平成15,2003,8,その他増減,男,-88
平成15,2003,8,その他増減,女,9
平成15,2003,8,自然増減,総数,1228
平成15,2003,8,自然増減,男,553
平成15,2003,8,自然増減,女,675
平成15,2003,8,出生,総数,2819
平成15,2003,8,出生,男,1447
平成15,2003,8,出生,女,1372
平成15,2003,8,死亡,総数,1591
平成15,2003,8,死亡,男,894
平成15,2003,8,死亡,女,697
平成15,2003,8,人口増減率,,0.05224
平成15,2003,8,社会増減率,,0.01709
平成15,2003,8,自然増減率,,0.03515
平成15,2003,9,世帯数増減,,1284
平成15,2003,9,人口増減,総数,1102
平成15,2003,9,人口増減,男,145
平成15,2003,9,人口増減,女,957
平成15,2003,9,社会増減,総数,-49
平成15,2003,9,社会増減,男,-304
平成15,2003,9,社会増減,女,255
平成15,2003,9,市外移動_転入,総数,11526
平成15,2003,9,市外移動_転入,男,6130
平成15,2003,9,市外移動_転入,女,5396
平成15,2003,9,市外移動_転出,総数,11644
平成15,2003,9,市外移動_転出,男,6465
平成15,2003,9,市外移動_転出,女,5179
平成15,2003,9,市内移動_転入,総数,7158
平成15,2003,9,市内移動_転入,男,3704
平成15,2003,9,市内移動_転入,女,3454
平成15,2003,9,市内移動_転出,総数,7142
平成15,2003,9,市内移動_転出,男,3694
平成15,2003,9,市内移動_転出,女,3448
平成15,2003,9,その他増減,総数,53
平成15,2003,9,その他増減,男,21
平成15,2003,9,その他増減,女,32
平成15,2003,9,自然増減,総数,1151
平成15,2003,9,自然増減,男,449
平成15,2003,9,自然増減,女,702
平成15,2003,9,出生,総数,2913
平成15,2003,9,出生,男,1478
平成15,2003,9,出生,女,1435
平成15,2003,9,死亡,総数,1762
平成15,2003,9,死亡,男,1029
平成15,2003,9,死亡,女,733
平成15,2003,9,人口増減率,,0.03153
平成15,2003,9,社会増減率,,-0.0014
平成15,2003,9,自然増減率,,0.03293
平成15,2003,10,世帯数増減,,2208
平成15,2003,10,人口増減,総数,2685
平成15,2003,10,人口増減,男,1189
平成15,2003,10,人口増減,女,1496
平成15,2003,10,社会増減,総数,1420
平成15,2003,10,社会増減,男,662
平成15,2003,10,社会増減,女,758
平成15,2003,10,市外移動_転入,総数,13285
平成15,2003,10,市外移動_転入,男,7117
平成15,2003,10,市外移動_転入,女,6168
平成15,2003,10,市外移動_転出,総数,11985
平成15,2003,10,市外移動_転出,男,6505
平成15,2003,10,市外移動_転出,女,5480
平成15,2003,10,市内移動_転入,総数,7957
平成15,2003,10,市内移動_転入,男,4171
平成15,2003,10,市内移動_転入,女,3786
平成15,2003,10,市内移動_転出,総数,7922
平成15,2003,10,市内移動_転出,男,4150
平成15,2003,10,市内移動_転出,女,3772
平成15,2003,10,その他増減,総数,85
平成15,2003,10,その他増減,男,29
平成15,2003,10,その他増減,女,56
平成15,2003,10,自然増減,総数,1265
平成15,2003,10,自然増減,男,527
平成15,2003,10,自然増減,女,738
平成15,2003,10,出生,総数,3067
平成15,2003,10,出生,男,1548
平成15,2003,10,出生,女,1519
平成15,2003,10,死亡,総数,1802
平成15,2003,10,死亡,男,1021
平成15,2003,10,死亡,女,781
平成15,2003,10,人口増減率,,0.07678
平成15,2003,10,社会増減率,,0.04061
平成15,2003,10,自然増減率,,0.03617
平成15,2003,11,世帯数増減,,1508
平成15,2003,11,人口増減,総数,1911
平成15,2003,11,人口増減,男,689
平成15,2003,11,人口増減,女,1222
平成15,2003,11,社会増減,総数,930
平成15,2003,11,社会増減,男,280
平成15,2003,11,社会増減,女,650
平成15,2003,11,市外移動_転入,総数,9846
平成15,2003,11,市外移動_転入,男,5104
平成15,2003,11,市外移動_転入,女,4742
平成15,2003,11,市外移動_転出,総数,9029
平成15,2003,11,市外移動_転出,男,4879
平成15,2003,11,市外移動_転出,女,4150
平成15,2003,11,市内移動_転入,総数,6750
平成15,2003,11,市内移動_転入,男,3458
平成15,2003,11,市内移動_転入,女,3292
平成15,2003,11,市内移動_転出,総数,6727
平成15,2003,11,市内移動_転出,男,3440
平成15,2003,11,市内移動_転出,女,3287
平成15,2003,11,その他増減,総数,90
平成15,2003,11,その他増減,男,37
平成15,2003,11,その他増減,女,53
平成15,2003,11,自然増減,総数,981
平成15,2003,11,自然増減,男,409
平成15,2003,11,自然増減,女,572
平成15,2003,11,出生,総数,2552
平成15,2003,11,出生,男,1301
平成15,2003,11,出生,女,1251
平成15,2003,11,死亡,総数,1571
平成15,2003,11,死亡,男,892
平成15,2003,11,死亡,女,679
平成15,2003,11,人口増減率,,0.0546
平成15,2003,11,社会増減率,,0.02657
平成15,2003,11,自然増減率,,0.02803
平成15,2003,12,世帯数増減,,508
平成15,2003,12,人口増減,総数,810
平成15,2003,12,人口増減,男,-46
平成15,2003,12,人口増減,女,856
平成15,2003,12,社会増減,総数,-162
平成15,2003,12,社会増減,男,-463
平成15,2003,12,社会増減,女,301
平成15,2003,12,市外移動_転入,総数,10705
平成15,2003,12,市外移動_転入,男,5481
平成15,2003,12,市外移動_転入,女,5224
平成15,2003,12,市外移動_転出,総数,10911
平成15,2003,12,市外移動_転出,男,5931
平成15,2003,12,市外移動_転出,女,4980
平成15,2003,12,市内移動_転入,総数,8018
平成15,2003,12,市内移動_転入,男,4074
平成15,2003,12,市内移動_転入,女,3944
平成15,2003,12,市内移動_転出,総数,7998
平成15,2003,12,市内移動_転出,男,4062
平成15,2003,12,市内移動_転出,女,3936
平成15,2003,12,その他増減,総数,24
平成15,2003,12,その他増減,男,-25
平成15,2003,12,その他増減,女,49
平成15,2003,12,自然増減,総数,972
平成15,2003,12,自然増減,男,417
平成15,2003,12,自然増減,女,555
平成15,2003,12,出生,総数,2723
平成15,2003,12,出生,男,1419
平成15,2003,12,出生,女,1304
平成15,2003,12,死亡,総数,1751
平成15,2003,12,死亡,男,1002
平成15,2003,12,死亡,女,749
平成15,2003,12,人口増減率,,0.02313
平成15,2003,12,社会増減率,,-0.00463
平成15,2003,12,自然増減率,,0.02775
平成16,2004,1,世帯数増減,,387
平成16,2004,1,人口増減,総数,882
平成16,2004,1,人口増減,男,209
平成16,2004,1,人口増減,女,673
平成16,2004,1,社会増減,総数,190
平成16,2004,1,社会増減,男,-28
平成16,2004,1,社会増減,女,218
平成16,2004,1,市外移動_転入,総数,9398
平成16,2004,1,市外移動_転入,男,5000
平成16,2004,1,市外移動_転入,女,4398
平成16,2004,1,市外移動_転出,総数,9329
平成16,2004,1,市外移動_転出,男,5093
平成16,2004,1,市外移動_転出,女,4236
平成16,2004,1,市内移動_転入,総数,5277
平成16,2004,1,市内移動_転入,男,2770
平成16,2004,1,市内移動_転入,女,2507
平成16,2004,1,市内移動_転出,総数,5258
平成16,2004,1,市内移動_転出,男,2755
平成16,2004,1,市内移動_転出,女,2503
平成16,2004,1,その他増減,総数,102
平成16,2004,1,その他増減,男,50
平成16,2004,1,その他増減,女,52
平成16,2004,1,自然増減,総数,692
平成16,2004,1,自然増減,男,237
平成16,2004,1,自然増減,女,455
平成16,2004,1,出生,総数,3050
平成16,2004,1,出生,男,1572
平成16,2004,1,出生,女,1478
平成16,2004,1,死亡,総数,2358
平成16,2004,1,死亡,男,1335
平成16,2004,1,死亡,女,1023
平成16,2004,1,人口増減率,,0.02542
平成16,2004,1,社会増減率,,0.00548
平成16,2004,1,自然増減率,,0.01995
平成16,2004,2,世帯数増減,,1103
平成16,2004,2,人口増減,総数,919
平成16,2004,2,人口増減,男,352
平成16,2004,2,人口増減,女,567
平成16,2004,2,社会増減,総数,325
平成16,2004,2,社会増減,男,160
平成16,2004,2,社会増減,女,165
平成16,2004,2,市外移動_転入,総数,10369
平成16,2004,2,市外移動_転入,男,5720
平成16,2004,2,市外移動_転入,女,4649
平成16,2004,2,市外移動_転出,総数,10126
平成16,2004,2,市外移動_転出,男,5596
平成16,2004,2,市外移動_転出,女,4530
平成16,2004,2,市内移動_転入,総数,6478
平成16,2004,2,市内移動_転入,男,3355
平成16,2004,2,市内移動_転入,女,3123
平成16,2004,2,市内移動_転出,総数,6459
平成16,2004,2,市内移動_転出,男,3341
平成16,2004,2,市内移動_転出,女,3118
平成16,2004,2,その他増減,総数,63
平成16,2004,2,その他増減,男,22
平成16,2004,2,その他増減,女,41
平成16,2004,2,自然増減,総数,594
平成16,2004,2,自然増減,男,192
平成16,2004,2,自然増減,女,402
平成16,2004,2,出生,総数,2510
平成16,2004,2,出生,男,1283
平成16,2004,2,出生,女,1227
平成16,2004,2,死亡,総数,1916
平成16,2004,2,死亡,男,1091
平成16,2004,2,死亡,女,825
平成16,2004,2,人口増減率,,0.02648
平成16,2004,2,社会増減率,,0.00936
平成16,2004,2,自然増減率,,0.01712
平成16,2004,3,世帯数増減,,5495
平成16,2004,3,人口増減,総数,3860
平成16,2004,3,人口増減,男,1201
平成16,2004,3,人口増減,女,2659
平成16,2004,3,社会増減,総数,3109
平成16,2004,3,社会増減,男,920
平成16,2004,3,社会増減,女,2189
平成16,2004,3,市外移動_転入,総数,31427
平成16,2004,3,市外移動_転入,男,16788
平成16,2004,3,市外移動_転入,女,14639
平成16,2004,3,市外移動_転出,総数,28463
平成16,2004,3,市外移動_転出,男,15906
平成16,2004,3,市外移動_転出,女,12557
平成16,2004,3,市内移動_転入,総数,13936
平成16,2004,3,市内移動_転入,男,7172
平成16,2004,3,市内移動_転入,女,6764
平成16,2004,3,市内移動_転出,総数,13906
平成16,2004,3,市内移動_転出,男,7154
平成16,2004,3,市内移動_転出,女,6752
平成16,2004,3,その他増減,総数,115
平成16,2004,3,その他増減,男,20
平成16,2004,3,その他増減,女,95
平成16,2004,3,自然増減,総数,751
平成16,2004,3,自然増減,男,281
平成16,2004,3,自然増減,女,470
平成16,2004,3,出生,総数,2871
平成16,2004,3,出生,男,1510
平成16,2004,3,出生,女,1361
平成16,2004,3,死亡,総数,2120
平成16,2004,3,死亡,男,1229
平成16,2004,3,死亡,女,891
平成16,2004,3,人口増減率,,0.1112
平成16,2004,3,社会増減率,,0.08957
平成16,2004,3,自然増減率,,0.02164
平成16,2004,4,世帯数増減,,8308
平成16,2004,4,人口増減,総数,10243
平成16,2004,4,人口増減,男,5667
平成16,2004,4,人口増減,女,4576
平成16,2004,4,社会増減,総数,9329
平成16,2004,4,社会増減,男,5279
平成16,2004,4,社会増減,女,4050
平成16,2004,4,市外移動_転入,総数,24074
平成16,2004,4,市外移動_転入,男,13585
平成16,2004,4,市外移動_転入,女,10489
平成16,2004,4,市外移動_転出,総数,14913
平成16,2004,4,市外移動_転出,男,8383
平成16,2004,4,市外移動_転出,女,6530
平成16,2004,4,市内移動_転入,総数,8896
平成16,2004,4,市内移動_転入,男,4601
平成16,2004,4,市内移動_転入,女,4295
平成16,2004,4,市内移動_転出,総数,8865
平成16,2004,4,市内移動_転出,男,4578
平成16,2004,4,市内移動_転出,女,4287
平成16,2004,4,その他増減,総数,137
平成16,2004,4,その他増減,男,54
平成16,2004,4,その他増減,女,83
平成16,2004,4,自然増減,総数,914
平成16,2004,4,自然増減,男,388
平成16,2004,4,自然増減,女,526
平成16,2004,4,出生,総数,2704
平成16,2004,4,出生,男,1405
平成16,2004,4,出生,女,1299
平成16,2004,4,死亡,総数,1790
平成16,2004,4,死亡,男,1017
平成16,2004,4,死亡,女,773
平成16,2004,4,人口増減率,,0.29512
平成16,2004,4,社会増減率,,0.26879
平成16,2004,4,自然増減率,,0.02633
平成16,2004,5,世帯数増減,,2090
平成16,2004,5,人口増減,総数,2635
平成16,2004,5,人口増減,男,1184
平成16,2004,5,人口増減,女,1451
平成16,2004,5,社会増減,総数,1887
平成16,2004,5,社会増減,男,880
平成16,2004,5,社会増減,女,1007
平成16,2004,5,市外移動_転入,総数,10707
平成16,2004,5,市外移動_転入,男,5773
平成16,2004,5,市外移動_転入,女,4934
平成16,2004,5,市外移動_転出,総数,8873
平成16,2004,5,市外移動_転出,男,4897
平成16,2004,5,市外移動_転出,女,3976
平成16,2004,5,市内移動_転入,総数,5693
平成16,2004,5,市内移動_転入,男,2960
平成16,2004,5,市内移動_転入,女,2733
平成16,2004,5,市内移動_転出,総数,5673
平成16,2004,5,市内移動_転出,男,2947
平成16,2004,5,市内移動_転出,女,2726
平成16,2004,5,その他増減,総数,33
平成16,2004,5,その他増減,男,-9
平成16,2004,5,その他増減,女,42
平成16,2004,5,自然増減,総数,748
平成16,2004,5,自然増減,男,304
平成16,2004,5,自然増減,女,444
平成16,2004,5,出生,総数,2550
平成16,2004,5,出生,男,1339
平成16,2004,5,出生,女,1211
平成16,2004,5,死亡,総数,1802
平成16,2004,5,死亡,男,1035
平成16,2004,5,死亡,女,767
平成16,2004,5,人口増減率,,0.07558
平成16,2004,5,社会増減率,,0.05412
平成16,2004,5,自然増減率,,0.02145
平成16,2004,6,世帯数増減,,1613
平成16,2004,6,人口増減,総数,1627
平成16,2004,6,人口増減,男,538
平成16,2004,6,人口増減,女,1089
平成16,2004,6,社会増減,総数,634
平成16,2004,6,社会増減,男,118
平成16,2004,6,社会増減,女,516
平成16,2004,6,市外移動_転入,総数,10224
平成16,2004,6,市外移動_転入,男,5478
平成16,2004,6,市外移動_転入,女,4746
平成16,2004,6,市外移動_転出,総数,9692
平成16,2004,6,市外移動_転出,男,5414
平成16,2004,6,市外移動_転出,女,4278
平成16,2004,6,市内移動_転入,総数,6071
平成16,2004,6,市内移動_転入,男,3200
平成16,2004,6,市内移動_転入,女,2871
平成16,2004,6,市内移動_転出,総数,6055
平成16,2004,6,市内移動_転出,男,3186
平成16,2004,6,市内移動_転出,女,2869
平成16,2004,6,その他増減,総数,86
平成16,2004,6,その他増減,男,40
平成16,2004,6,その他増減,女,46
平成16,2004,6,自然増減,総数,993
平成16,2004,6,自然増減,男,420
平成16,2004,6,自然増減,女,573
平成16,2004,6,出生,総数,2745
平成16,2004,6,出生,男,1413
平成16,2004,6,出生,女,1332
平成16,2004,6,死亡,総数,1752
平成16,2004,6,死亡,男,993
平成16,2004,6,死亡,女,759
平成16,2004,6,人口増減率,,0.04662
平成16,2004,6,社会増減率,,0.01817
平成16,2004,6,自然増減率,,0.02846
平成16,2004,7,世帯数増減,,-146
平成16,2004,7,人口増減,総数,-297
平成16,2004,7,人口増減,男,-474
平成16,2004,7,人口増減,女,177
平成16,2004,7,社会増減,総数,-1345
平成16,2004,7,社会増減,男,-898
平成16,2004,7,社会増減,女,-447
平成16,2004,7,市外移動_転入,総数,11079
平成16,2004,7,市外移動_転入,男,5974
平成16,2004,7,市外移動_転入,女,5105
平成16,2004,7,市外移動_転出,総数,12309
平成16,2004,7,市外移動_転出,男,6741
平成16,2004,7,市外移動_転出,女,5568
平成16,2004,7,市内移動_転入,総数,5991
平成16,2004,7,市内移動_転入,男,3127
平成16,2004,7,市内移動_転入,女,2864
平成16,2004,7,市内移動_転出,総数,5977
平成16,2004,7,市内移動_転出,男,3116
平成16,2004,7,市内移動_転出,女,2861
平成16,2004,7,その他増減,総数,-129
平成16,2004,7,その他増減,男,-142
平成16,2004,7,その他増減,女,13
平成16,2004,7,自然増減,総数,1048
平成16,2004,7,自然増減,男,424
平成16,2004,7,自然増減,女,624
平成16,2004,7,出生,総数,2814
平成16,2004,7,出生,男,1451
平成16,2004,7,出生,女,1363
平成16,2004,7,死亡,総数,1766
平成16,2004,7,死亡,男,1027
平成16,2004,7,死亡,女,739
平成16,2004,7,人口増減率,,-0.00851
平成16,2004,7,社会増減率,,-0.03853
平成16,2004,7,自然増減率,,0.03002
平成16,2004,8,世帯数増減,,1238
平成16,2004,8,人口増減,総数,1862
平成16,2004,8,人口増減,男,856
平成16,2004,8,人口増減,女,1006
平成16,2004,8,社会増減,総数,819
平成16,2004,8,社会増減,男,401
平成16,2004,8,社会増減,女,418
平成16,2004,8,市外移動_転入,総数,12386
平成16,2004,8,市外移動_転入,男,6603
平成16,2004,8,市外移動_転入,女,5783
平成16,2004,8,市外移動_転出,総数,11618
平成16,2004,8,市外移動_転出,男,6209
平成16,2004,8,市外移動_転出,女,5409
平成16,2004,8,市内移動_転入,総数,6698
平成16,2004,8,市内移動_転入,男,3449
平成16,2004,8,市内移動_転入,女,3249
平成16,2004,8,市内移動_転出,総数,6678
平成16,2004,8,市内移動_転出,男,3431
平成16,2004,8,市内移動_転出,女,3247
平成16,2004,8,その他増減,総数,31
平成16,2004,8,その他増減,男,-11
平成16,2004,8,その他増減,女,42
平成16,2004,8,自然増減,総数,1043
平成16,2004,8,自然増減,男,455
平成16,2004,8,自然増減,女,588
平成16,2004,8,出生,総数,2830
平成16,2004,8,出生,男,1464
平成16,2004,8,出生,女,1366
平成16,2004,8,死亡,総数,1787
平成16,2004,8,死亡,男,1009
平成16,2004,8,死亡,女,778
平成16,2004,8,人口増減率,,0.0533
平成16,2004,8,社会増減率,,0.02345
平成16,2004,8,自然増減率,,0.02986
平成16,2004,9,世帯数増減,,1090
平成16,2004,9,人口増減,総数,1051
平成16,2004,9,人口増減,男,290
平成16,2004,9,人口増減,女,761
平成16,2004,9,社会増減,総数,-147
平成16,2004,9,社会増減,男,-180
平成16,2004,9,社会増減,女,33
平成16,2004,9,市外移動_転入,総数,11177
平成16,2004,9,市外移動_転入,男,6006
平成16,2004,9,市外移動_転入,女,5171
平成16,2004,9,市外移動_転出,総数,11421
平成16,2004,9,市外移動_転出,男,6234
平成16,2004,9,市外移動_転出,女,5187
平成16,2004,9,市内移動_転入,総数,6852
平成16,2004,9,市内移動_転入,男,3583
平成16,2004,9,市内移動_転入,女,3269
平成16,2004,9,市内移動_転出,総数,6837
平成16,2004,9,市内移動_転出,男,3573
平成16,2004,9,市内移動_転出,女,3264
平成16,2004,9,その他増減,総数,82
平成16,2004,9,その他増減,男,38
平成16,2004,9,その他増減,女,44
平成16,2004,9,自然増減,総数,1198
平成16,2004,9,自然増減,男,470
平成16,2004,9,自然増減,女,728
平成16,2004,9,出生,総数,2861
平成16,2004,9,出生,男,1421
平成16,2004,9,出生,女,1440
平成16,2004,9,死亡,総数,1663
平成16,2004,9,死亡,男,951
平成16,2004,9,死亡,女,712
平成16,2004,9,人口増減率,,0.03007
平成16,2004,9,社会増減率,,-0.00421
平成16,2004,9,自然増減率,,0.03427
平成16,2004,10,世帯数増減,,1456
平成16,2004,10,人口増減,総数,1893
平成16,2004,10,人口増減,男,916
平成16,2004,10,人口増減,女,977
平成16,2004,10,社会増減,総数,762
平成16,2004,10,社会増減,男,432
平成16,2004,10,社会増減,女,330
平成16,2004,10,市外移動_転入,総数,11300
平成16,2004,10,市外移動_転入,男,6152
平成16,2004,10,市外移動_転入,女,5148
平成16,2004,10,市外移動_転出,総数,10560
平成16,2004,10,市外移動_転出,男,5694
平成16,2004,10,市外移動_転出,女,4866
平成16,2004,10,市内移動_転入,総数,6627
平成16,2004,10,市内移動_転入,男,3463
平成16,2004,10,市内移動_転入,女,3164
平成16,2004,10,市内移動_転出,総数,6609
平成16,2004,10,市内移動_転出,男,3450
平成16,2004,10,市内移動_転出,女,3159
平成16,2004,10,その他増減,総数,4
平成16,2004,10,その他増減,男,-39
平成16,2004,10,その他増減,女,43
平成16,2004,10,自然増減,総数,1131
平成16,2004,10,自然増減,男,484
平成16,2004,10,自然増減,女,647
平成16,2004,10,出生,総数,2848
平成16,2004,10,出生,男,1470
平成16,2004,10,出生,女,1378
平成16,2004,10,死亡,総数,1717
平成16,2004,10,死亡,男,986
平成16,2004,10,死亡,女,731
平成16,2004,10,人口増減率,,0.05413
平成16,2004,10,社会増減率,,0.02179
平成16,2004,10,自然増減率,,0.03234
平成16,2004,11,世帯数増減,,1318
平成16,2004,11,人口増減,総数,1860
平成16,2004,11,人口増減,男,799
平成16,2004,11,人口増減,女,1061
平成16,2004,11,社会増減,総数,987
平成16,2004,11,社会増減,男,465
平成16,2004,11,社会増減,女,522
平成16,2004,11,市外移動_転入,総数,10625
平成16,2004,11,市外移動_転入,男,5655
平成16,2004,11,市外移動_転入,女,4970
平成16,2004,11,市外移動_転出,総数,9739
平成16,2004,11,市外移動_転出,男,5238
平成16,2004,11,市外移動_転出,女,4501
平成16,2004,11,市内移動_転入,総数,6576
平成16,2004,11,市内移動_転入,男,3382
平成16,2004,11,市内移動_転入,女,3194
平成16,2004,11,市内移動_転出,総数,6550
平成16,2004,11,市内移動_転出,男,3365
平成16,2004,11,市内移動_転出,女,3185
平成16,2004,11,その他増減,総数,75
平成16,2004,11,その他増減,男,31
平成16,2004,11,その他増減,女,44
平成16,2004,11,自然増減,総数,873
平成16,2004,11,自然増減,男,334
平成16,2004,11,自然増減,女,539
平成16,2004,11,出生,総数,2846
平成16,2004,11,出生,男,1467
平成16,2004,11,出生,女,1379
平成16,2004,11,死亡,総数,1973
平成16,2004,11,死亡,男,1133
平成16,2004,11,死亡,女,840
平成16,2004,11,人口増減率,,0.05314
平成16,2004,11,社会増減率,,0.0282
平成16,2004,11,自然増減率,,0.02494
平成16,2004,12,世帯数増減,,524
平成16,2004,12,人口増減,総数,641
平成16,2004,12,人口増減,男,-35
平成16,2004,12,人口増減,女,676
平成16,2004,12,社会増減,総数,-101
平成16,2004,12,社会増減,男,-324
平成16,2004,12,社会増減,女,223
平成16,2004,12,市外移動_転入,総数,10346
平成16,2004,12,市外移動_転入,男,5351
平成16,2004,12,市外移動_転入,女,4995
平成16,2004,12,市外移動_転出,総数,10499
平成16,2004,12,市外移動_転出,男,5668
平成16,2004,12,市外移動_転出,女,4831
平成16,2004,12,市内移動_転入,総数,7213
平成16,2004,12,市内移動_転入,男,3657
平成16,2004,12,市内移動_転入,女,3556
平成16,2004,12,市内移動_転出,総数,7199
平成16,2004,12,市内移動_転出,男,3646
平成16,2004,12,市内移動_転出,女,3553
平成16,2004,12,その他増減,総数,38
平成16,2004,12,その他増減,男,-18
平成16,2004,12,その他増減,女,56
平成16,2004,12,自然増減,総数,742
平成16,2004,12,自然増減,男,289
平成16,2004,12,自然増減,女,453
平成16,2004,12,出生,総数,2609
平成16,2004,12,出生,男,1329
平成16,2004,12,出生,女,1280
平成16,2004,12,死亡,総数,1867
平成16,2004,12,死亡,男,1040
平成16,2004,12,死亡,女,827
平成16,2004,12,人口増減率,,0.0183
平成16,2004,12,社会増減率,,-0.00288
平成16,2004,12,自然増減率,,0.02119
平成17,2005,1,世帯数増減,,-21
平成17,2005,1,人口増減,総数,141
平成17,2005,1,人口増減,男,-87
平成17,2005,1,人口増減,女,228
平成17,2005,1,社会増減,総数,-394
平成17,2005,1,社会増減,男,-294
平成17,2005,1,社会増減,女,-100
平成17,2005,1,市外移動_転入,総数,8840
平成17,2005,1,市外移動_転入,男,4804
平成17,2005,1,市外移動_転入,女,4036
平成17,2005,1,市外移動_転出,総数,9086
平成17,2005,1,市外移動_転出,男,4934
平成17,2005,1,市外移動_転出,女,4152
平成17,2005,1,市内移動_転入,総数,4859
平成17,2005,1,市内移動_転入,男,2520
平成17,2005,1,市内移動_転入,女,2339
平成17,2005,1,市内移動_転出,総数,4847
平成17,2005,1,市内移動_転出,男,2510
平成17,2005,1,市内移動_転出,女,2337
平成17,2005,1,その他増減,総数,-160
平成17,2005,1,その他増減,男,-174
平成17,2005,1,その他増減,女,14
平成17,2005,1,自然増減,総数,535
平成17,2005,1,自然増減,男,207
平成17,2005,1,自然増減,女,328
平成17,2005,1,出生,総数,2857
平成17,2005,1,出生,男,1494
平成17,2005,1,出生,女,1363
平成17,2005,1,死亡,総数,2322
平成17,2005,1,死亡,男,1287
平成17,2005,1,死亡,女,1035
平成17,2005,1,人口増減率,,0.00396
平成17,2005,1,社会増減率,,-0.01107
平成17,2005,1,自然増減率,,0.01503
平成17,2005,2,世帯数増減,,652
平成17,2005,2,人口増減,総数,362
平成17,2005,2,人口増減,男,-71
平成17,2005,2,人口増減,女,433
平成17,2005,2,社会増減,総数,-36
平成17,2005,2,社会増減,男,-189
平成17,2005,2,社会増減,女,153
平成17,2005,2,市外移動_転入,総数,10047
平成17,2005,2,市外移動_転入,男,5467
平成17,2005,2,市外移動_転入,女,4580
平成17,2005,2,市外移動_転出,総数,10175
平成17,2005,2,市外移動_転出,男,5704
平成17,2005,2,市外移動_転出,女,4471
平成17,2005,2,市内移動_転入,総数,5905
平成17,2005,2,市内移動_転入,男,3140
平成17,2005,2,市内移動_転入,女,2765
平成17,2005,2,市内移動_転出,総数,5891
平成17,2005,2,市内移動_転出,男,3129
平成17,2005,2,市内移動_転出,女,2762
平成17,2005,2,その他増減,総数,78
平成17,2005,2,その他増減,男,37
平成17,2005,2,その他増減,女,41
平成17,2005,2,自然増減,総数,398
平成17,2005,2,自然増減,男,118
平成17,2005,2,自然増減,女,280
平成17,2005,2,出生,総数,2481
平成17,2005,2,出生,男,1265
平成17,2005,2,出生,女,1216
平成17,2005,2,死亡,総数,2083
平成17,2005,2,死亡,男,1147
平成17,2005,2,死亡,女,936
平成17,2005,2,人口増減率,,0.01017
平成17,2005,2,社会増減率,,-0.00101
平成17,2005,2,自然増減率,,0.01118
平成17,2005,3,世帯数増減,,4849
平成17,2005,3,人口増減,総数,1911
平成17,2005,3,人口増減,男,275
平成17,2005,3,人口増減,女,1636
平成17,2005,3,社会増減,総数,1515
平成17,2005,3,社会増減,男,186
平成17,2005,3,社会増減,女,1329
平成17,2005,3,市外移動_転入,総数,30622
平成17,2005,3,市外移動_転入,男,16375
平成17,2005,3,市外移動_転入,女,14247
平成17,2005,3,市外移動_転出,総数,29183
平成17,2005,3,市外移動_転出,男,16161
平成17,2005,3,市外移動_転出,女,13022
平成17,2005,3,市内移動_転入,総数,12447
平成17,2005,3,市内移動_転入,男,6475
平成17,2005,3,市内移動_転入,女,5972
平成17,2005,3,市内移動_転出,総数,12429
平成17,2005,3,市内移動_転出,男,6462
平成17,2005,3,市内移動_転出,女,5967
平成17,2005,3,その他増減,総数,58
平成17,2005,3,その他増減,男,-41
平成17,2005,3,その他増減,女,99
平成17,2005,3,自然増減,総数,396
平成17,2005,3,自然増減,男,89
平成17,2005,3,自然増減,女,307
平成17,2005,3,出生,総数,2698
平成17,2005,3,出生,男,1390
平成17,2005,3,出生,女,1308
平成17,2005,3,死亡,総数,2302
平成17,2005,3,死亡,男,1301
平成17,2005,3,死亡,女,1001
平成17,2005,3,人口増減率,,0.05367
平成17,2005,3,社会増減率,,0.04255
平成17,2005,3,自然増減率,,0.01112
平成17,2005,4,世帯数増減,,7607
平成17,2005,4,人口増減,総数,9013
平成17,2005,4,人口増減,男,4997
平成17,2005,4,人口増減,女,4016
平成17,2005,4,社会増減,総数,8490
平成17,2005,4,社会増減,男,4833
平成17,2005,4,社会増減,女,3657
平成17,2005,4,市外移動_転入,総数,22428
平成17,2005,4,市外移動_転入,男,12686
平成17,2005,4,市外移動_転入,女,9742
平成17,2005,4,市外移動_転出,総数,14054
平成17,2005,4,市外移動_転出,男,7897
平成17,2005,4,市外移動_転出,女,6157
平成17,2005,4,市内移動_転入,総数,7876
平成17,2005,4,市内移動_転入,男,4080
平成17,2005,4,市内移動_転入,女,3796
平成17,2005,4,市内移動_転出,総数,7850
平成17,2005,4,市内移動_転出,男,4059
平成17,2005,4,市内移動_転出,女,3791
平成17,2005,4,その他増減,総数,90
平成17,2005,4,その他増減,男,23
平成17,2005,4,その他増減,女,67
平成17,2005,4,自然増減,総数,523
平成17,2005,4,自然増減,男,164
平成17,2005,4,自然増減,女,359
平成17,2005,4,出生,総数,2432
平成17,2005,4,出生,男,1238
平成17,2005,4,出生,女,1194
平成17,2005,4,死亡,総数,1909
平成17,2005,4,死亡,男,1074
平成17,2005,4,死亡,女,835
平成17,2005,4,人口増減率,,0.25301
平成17,2005,4,社会増減率,,0.23833
平成17,2005,4,自然増減率,,0.01468
平成17,2005,5,世帯数増減,,2212
平成17,2005,5,人口増減,総数,2294
平成17,2005,5,人口増減,男,1082
平成17,2005,5,人口増減,女,1212
平成17,2005,5,社会増減,総数,1630
平成17,2005,5,社会増減,男,813
平成17,2005,5,社会増減,女,817
平成17,2005,5,市外移動_転入,総数,11996
平成17,2005,5,市外移動_転入,男,6529
平成17,2005,5,市外移動_転入,女,5467
平成17,2005,5,市外移動_転出,総数,10474
平成17,2005,5,市外移動_転出,男,5764
平成17,2005,5,市外移動_転出,女,4710
平成17,2005,5,市内移動_転入,総数,6164
平成17,2005,5,市内移動_転入,男,3215
平成17,2005,5,市内移動_転入,女,2949
平成17,2005,5,市内移動_転出,総数,6141
平成17,2005,5,市内移動_転出,男,3202
平成17,2005,5,市内移動_転出,女,2939
平成17,2005,5,その他増減,総数,85
平成17,2005,5,その他増減,男,35
平成17,2005,5,その他増減,女,50
平成17,2005,5,自然増減,総数,664
平成17,2005,5,自然増減,男,269
平成17,2005,5,自然増減,女,395
平成17,2005,5,出生,総数,2737
平成17,2005,5,出生,男,1418
平成17,2005,5,出生,女,1319
平成17,2005,5,死亡,総数,2073
平成17,2005,5,死亡,男,1149
平成17,2005,5,死亡,女,924
平成17,2005,5,人口増減率,,0.06423
平成17,2005,5,社会増減率,,0.04564
平成17,2005,5,自然増減率,,0.01859
平成17,2005,6,世帯数増減,,1347
平成17,2005,6,人口増減,総数,1121
平成17,2005,6,人口増減,男,370
平成17,2005,6,人口増減,女,751
平成17,2005,6,社会増減,総数,172
平成17,2005,6,社会増減,男,-61
平成17,2005,6,社会増減,女,233
平成17,2005,6,市外移動_転入,総数,9991
平成17,2005,6,市外移動_転入,男,5404
平成17,2005,6,市外移動_転入,女,4587
平成17,2005,6,市外移動_転出,総数,9867
平成17,2005,6,市外移動_転出,男,5473
平成17,2005,6,市外移動_転出,女,4394
平成17,2005,6,市内移動_転入,総数,5700
平成17,2005,6,市内移動_転入,男,2951
平成17,2005,6,市内移動_転入,女,2749
平成17,2005,6,市内移動_転出,総数,5684
平成17,2005,6,市内移動_転出,男,2939
平成17,2005,6,市内移動_転出,女,2745
平成17,2005,6,その他増減,総数,32
平成17,2005,6,その他増減,男,-4
平成17,2005,6,その他増減,女,36
平成17,2005,6,自然増減,総数,949
平成17,2005,6,自然増減,男,431
平成17,2005,6,自然増減,女,518
平成17,2005,6,出生,総数,2634
平成17,2005,6,出生,男,1365
平成17,2005,6,出生,女,1269
平成17,2005,6,死亡,総数,1685
平成17,2005,6,死亡,男,934
平成17,2005,6,死亡,女,751
平成17,2005,6,人口増減率,,0.03137
平成17,2005,6,社会増減率,,0.00481
平成17,2005,6,自然増減率,,0.02656
平成17,2005,7,世帯数増減,,934
平成17,2005,7,人口増減,総数,806
平成17,2005,7,人口増減,男,204
平成17,2005,7,人口増減,女,602
平成17,2005,7,社会増減,総数,-30
平成17,2005,7,社会増減,男,-118
平成17,2005,7,社会増減,女,88
平成17,2005,7,市外移動_転入,総数,10682
平成17,2005,7,市外移動_転入,男,5710
平成17,2005,7,市外移動_転入,女,4972
平成17,2005,7,市外移動_転出,総数,10855
平成17,2005,7,市外移動_転出,男,5922
平成17,2005,7,市外移動_転出,女,4933
平成17,2005,7,市内移動_転入,総数,5522
平成17,2005,7,市内移動_転入,男,2837
平成17,2005,7,市内移動_転入,女,2685
平成17,2005,7,市内移動_転出,総数,5512
平成17,2005,7,市内移動_転出,男,2830
平成17,2005,7,市内移動_転出,女,2682
平成17,2005,7,その他増減,総数,133
平成17,2005,7,その他増減,男,87
平成17,2005,7,その他増減,女,46
平成17,2005,7,自然増減,総数,836
平成17,2005,7,自然増減,男,322
平成17,2005,7,自然増減,女,514
平成17,2005,7,出生,総数,2480
平成17,2005,7,出生,男,1266
平成17,2005,7,出生,女,1214
平成17,2005,7,死亡,総数,1644
平成17,2005,7,死亡,男,944
平成17,2005,7,死亡,女,700
平成17,2005,7,人口増減率,,0.02255
平成17,2005,7,社会増減率,,-0.00084
平成17,2005,7,自然増減率,,0.02339
平成17,2005,8,世帯数増減,,1420
平成17,2005,8,人口増減,総数,1921
平成17,2005,8,人口増減,男,895
平成17,2005,8,人口増減,女,1026
平成17,2005,8,社会増減,総数,1025
平成17,2005,8,社会増減,男,507
平成17,2005,8,社会増減,女,518
平成17,2005,8,市外移動_転入,総数,12253
平成17,2005,8,市外移動_転入,男,6646
平成17,2005,8,市外移動_転入,女,5607
平成17,2005,8,市外移動_転出,総数,11333
平成17,2005,8,市外移動_転出,男,6197
平成17,2005,8,市外移動_転出,女,5136
平成17,2005,8,市内移動_転入,総数,6708
平成17,2005,8,市内移動_転入,男,3433
平成17,2005,8,市内移動_転入,女,3275
平成17,2005,8,市内移動_転出,総数,6692
平成17,2005,8,市内移動_転出,男,3424
平成17,2005,8,市内移動_転出,女,3268
平成17,2005,8,その他増減,総数,89
平成17,2005,8,その他増減,男,49
平成17,2005,8,その他増減,女,40
平成17,2005,8,自然増減,総数,896
平成17,2005,8,自然増減,男,388
平成17,2005,8,自然増減,女,508
平成17,2005,8,出生,総数,2835
平成17,2005,8,出生,男,1449
平成17,2005,8,出生,女,1386
平成17,2005,8,死亡,総数,1939
平成17,2005,8,死亡,男,1061
平成17,2005,8,死亡,女,878
平成17,2005,8,人口増減率,,0.05373
平成17,2005,8,社会増減率,,0.02867
平成17,2005,8,自然増減率,,0.02506
平成17,2005,9,世帯数増減,,751
平成17,2005,9,人口増減,総数,255
平成17,2005,9,人口増減,男,-157
平成17,2005,9,人口増減,女,412
平成17,2005,9,社会増減,総数,-739
平成17,2005,9,社会増減,男,-565
平成17,2005,9,社会増減,女,-174
平成17,2005,9,市外移動_転入,総数,10574
平成17,2005,9,市外移動_転入,男,5717
平成17,2005,9,市外移動_転入,女,4857
平成17,2005,9,市外移動_転出,総数,11354
平成17,2005,9,市外移動_転出,男,6270
平成17,2005,9,市外移動_転出,女,5084
平成17,2005,9,市内移動_転入,総数,6328
平成17,2005,9,市内移動_転入,男,3305
平成17,2005,9,市内移動_転入,女,3023
平成17,2005,9,市内移動_転出,総数,6320
平成17,2005,9,市内移動_転出,男,3298
平成17,2005,9,市内移動_転出,女,3022
平成17,2005,9,その他増減,総数,33
平成17,2005,9,その他増減,男,-19
平成17,2005,9,その他増減,女,52
平成17,2005,9,自然増減,総数,994
平成17,2005,9,自然増減,男,408
平成17,2005,9,自然増減,女,586
平成17,2005,9,出生,総数,2714
平成17,2005,9,出生,男,1391
平成17,2005,9,出生,女,1323
平成17,2005,9,死亡,総数,1720
平成17,2005,9,死亡,男,983
平成17,2005,9,死亡,女,737
平成17,2005,9,人口増減率,,0.00713
平成17,2005,9,社会増減率,,-0.02066
平成17,2005,9,自然増減率,,0.02779
平成17,2005,10,世帯数増減,,2499
平成17,2005,10,人口増減,総数,3043
平成17,2005,10,人口増減,男,1448
平成17,2005,10,人口増減,女,1595
平成17,2005,10,社会増減,総数,2076
平成17,2005,10,社会増減,男,1030
平成17,2005,10,社会増減,女,1046
平成17,2005,10,市外移動_転入,総数,12474
平成17,2005,10,市外移動_転入,男,6769
平成17,2005,10,市外移動_転入,女,5705
平成17,2005,10,市外移動_転出,総数,10493
平成17,2005,10,市外移動_転出,男,5780
平成17,2005,10,市外移動_転出,女,4713
平成17,2005,10,市内移動_転入,総数,6928
平成17,2005,10,市内移動_転入,男,3577
平成17,2005,10,市内移動_転入,女,3351
平成17,2005,10,市内移動_転出,総数,6920
平成17,2005,10,市内移動_転出,男,3571
平成17,2005,10,市内移動_転出,女,3349
平成17,2005,10,その他増減,総数,87
平成17,2005,10,その他増減,男,35
平成17,2005,10,その他増減,女,52
平成17,2005,10,自然増減,総数,967
平成17,2005,10,自然増減,男,418
平成17,2005,10,自然増減,女,549
平成17,2005,10,出生,総数,2739
平成17,2005,10,出生,男,1419
平成17,2005,10,出生,女,1320
平成17,2005,10,死亡,総数,1772
平成17,2005,10,死亡,男,1001
平成17,2005,10,死亡,女,771
平成17,2005,10,人口増減率,,0.08502
平成17,2005,10,社会増減率,,0.058
平成17,2005,10,自然増減率,,0.02702
平成17,2005,11,世帯数増減,,1272
平成17,2005,11,人口増減,総数,1191
平成17,2005,11,人口増減,男,305
平成17,2005,11,人口増減,女,886
平成17,2005,11,社会増減,総数,632
平成17,2005,11,社会増減,男,123
平成17,2005,11,社会増減,女,509
平成17,2005,11,市外移動_転入,総数,9991
平成17,2005,11,市外移動_転入,男,5256
平成17,2005,11,市外移動_転入,女,4735
平成17,2005,11,市外移動_転出,総数,9369
平成17,2005,11,市外移動_転出,男,5113
平成17,2005,11,市外移動_転出,女,4256
平成17,2005,11,市内移動_転入,総数,6173
平成17,2005,11,市内移動_転入,男,3247
平成17,2005,11,市内移動_転入,女,2926
平成17,2005,11,市内移動_転出,総数,6159
平成17,2005,11,市内移動_転出,男,3235
平成17,2005,11,市内移動_転出,女,2924
平成17,2005,11,その他増減,総数,-4
平成17,2005,11,その他増減,男,-32
平成17,2005,11,その他増減,女,28
平成17,2005,11,自然増減,総数,559
平成17,2005,11,自然増減,男,182
平成17,2005,11,自然増減,女,377
平成17,2005,11,出生,総数,2583
平成17,2005,11,出生,男,1357
平成17,2005,11,出生,女,1226
平成17,2005,11,死亡,総数,2024
平成17,2005,11,死亡,男,1175
平成17,2005,11,死亡,女,849
平成17,2005,11,人口増減率,,0.03325
平成17,2005,11,社会増減率,,0.01764
平成17,2005,11,自然増減率,,0.01561
平成17,2005,12,世帯数増減,,622
平成17,2005,12,人口増減,総数,1061
平成17,2005,12,人口増減,男,174
平成17,2005,12,人口増減,女,887
平成17,2005,12,社会増減,総数,534
平成17,2005,12,社会増減,男,36
平成17,2005,12,社会増減,女,498
平成17,2005,12,市外移動_転入,総数,10315
平成17,2005,12,市外移動_転入,男,5361
平成17,2005,12,市外移動_転入,女,4954
平成17,2005,12,市外移動_転出,総数,9777
平成17,2005,12,市外移動_転出,男,5300
平成17,2005,12,市外移動_転出,女,4477
平成17,2005,12,市内移動_転入,総数,7187
平成17,2005,12,市内移動_転入,男,3601
平成17,2005,12,市内移動_転入,女,3586
平成17,2005,12,市内移動_転出,総数,7178
平成17,2005,12,市内移動_転出,男,3593
平成17,2005,12,市内移動_転出,女,3585
平成17,2005,12,その他増減,総数,-13
平成17,2005,12,その他増減,男,-33
平成17,2005,12,その他増減,女,20
平成17,2005,12,自然増減,総数,527
平成17,2005,12,自然増減,男,138
平成17,2005,12,自然増減,女,389
平成17,2005,12,出生,総数,2532
平成17,2005,12,出生,男,1271
平成17,2005,12,出生,女,1261
平成17,2005,12,死亡,総数,2005
平成17,2005,12,死亡,男,1133
平成17,2005,12,死亡,女,872
平成17,2005,12,人口増減率,,0.02961
平成17,2005,12,社会増減率,,0.0149
平成17,2005,12,自然増減率,,0.01471
平成18,2006,1,世帯数増減,,833
平成18,2006,1,人口増減,総数,93
平成18,2006,1,人口増減,男,-185
平成18,2006,1,人口増減,女,278
平成18,2006,1,社会増減,総数,-99
平成18,2006,1,社会増減,男,-153
平成18,2006,1,社会増減,女,54
平成18,2006,1,市外移動_転入,総数,9268
平成18,2006,1,市外移動_転入,男,5019
平成18,2006,1,市外移動_転入,女,4249
平成18,2006,1,市外移動_転出,総数,9454
平成18,2006,1,市外移動_転出,男,5227
平成18,2006,1,市外移動_転出,女,4227
平成18,2006,1,市内移動_転入,総数,5272
平成18,2006,1,市内移動_転入,男,2847
平成18,2006,1,市内移動_転入,女,2425
平成18,2006,1,市内移動_転出,総数,5259
平成18,2006,1,市内移動_転出,男,2837
平成18,2006,1,市内移動_転出,女,2422
平成18,2006,1,その他増減,総数,74
平成18,2006,1,その他増減,男,45
平成18,2006,1,その他増減,女,29
平成18,2006,1,自然増減,総数,192
平成18,2006,1,自然増減,男,-32
平成18,2006,1,自然増減,女,224
平成18,2006,1,出生,総数,2856
平成18,2006,1,出生,男,1469
平成18,2006,1,出生,女,1387
平成18,2006,1,死亡,総数,2664
平成18,2006,1,死亡,男,1501
平成18,2006,1,死亡,女,1163
平成18,2006,1,人口増減率,,0.00259
平成18,2006,1,社会増減率,,-0.00276
平成18,2006,1,自然増減率,,0.00536
平成18,2006,2,世帯数増減,,1061
平成18,2006,2,人口増減,総数,374
平成18,2006,2,人口増減,男,-113
平成18,2006,2,人口増減,女,487
平成18,2006,2,社会増減,総数,-152
平成18,2006,2,社会増減,男,-250
平成18,2006,2,社会増減,女,98
平成18,2006,2,市外移動_転入,総数,9991
平成18,2006,2,市外移動_転入,男,5392
平成18,2006,2,市外移動_転入,女,4599
平成18,2006,2,市外移動_転出,総数,10250
平成18,2006,2,市外移動_転出,男,5702
平成18,2006,2,市外移動_転出,女,4548
平成18,2006,2,市内移動_転入,総数,6477
平成18,2006,2,市内移動_転入,男,3520
平成18,2006,2,市内移動_転入,女,2957
平成18,2006,2,市内移動_転出,総数,6463
平成18,2006,2,市内移動_転出,男,3511
平成18,2006,2,市内移動_転出,女,2952
平成18,2006,2,その他増減,総数,93
平成18,2006,2,その他増減,男,51
平成18,2006,2,その他増減,女,42
平成18,2006,2,自然増減,総数,526
平成18,2006,2,自然増減,男,137
平成18,2006,2,自然増減,女,389
平成18,2006,2,出生,総数,2533
平成18,2006,2,出生,男,1283
平成18,2006,2,出生,女,1250
平成18,2006,2,死亡,総数,2007
平成18,2006,2,死亡,男,1146
平成18,2006,2,死亡,女,861
平成18,2006,2,人口増減率,,0.01043
平成18,2006,2,社会増減率,,-0.00424
平成18,2006,2,自然増減率,,0.01467
平成18,2006,3,世帯数増減,,5392
平成18,2006,3,人口増減,総数,1733
平成18,2006,3,人口増減,男,245
平成18,2006,3,人口増減,女,1488
平成18,2006,3,社会増減,総数,983
平成18,2006,3,社会増減,男,-50
平成18,2006,3,社会増減,女,1033
平成18,2006,3,市外移動_転入,総数,29681
平成18,2006,3,市外移動_転入,男,15949
平成18,2006,3,市外移動_転入,女,13732
平成18,2006,3,市外移動_転出,総数,28702
平成18,2006,3,市外移動_転出,男,15918
平成18,2006,3,市外移動_転出,女,12784
平成18,2006,3,市内移動_転入,総数,11533
平成18,2006,3,市内移動_転入,男,5879
平成18,2006,3,市内移動_転入,女,5654
平成18,2006,3,市内移動_転出,総数,11521
平成18,2006,3,市内移動_転出,男,5871
平成18,2006,3,市内移動_転出,女,5650
平成18,2006,3,その他増減,総数,-8
平成18,2006,3,その他増減,男,-89
平成18,2006,3,その他増減,女,81
平成18,2006,3,自然増減,総数,750
平成18,2006,3,自然増減,男,295
平成18,2006,3,自然増減,女,455
平成18,2006,3,出生,総数,2864
平成18,2006,3,出生,男,1509
平成18,2006,3,出生,女,1355
平成18,2006,3,死亡,総数,2114
平成18,2006,3,死亡,男,1214
平成18,2006,3,死亡,女,900
平成18,2006,3,人口増減率,,0.04834
平成18,2006,3,社会増減率,,0.02742
平成18,2006,3,自然増減率,,0.02092
平成18,2006,4,世帯数増減,,8064
平成18,2006,4,人口増減,総数,9400
平成18,2006,4,人口増減,男,5464
平成18,2006,4,人口増減,女,3936
平成18,2006,4,社会増減,総数,8760
平成18,2006,4,社会増減,男,5163
平成18,2006,4,社会増減,女,3597
平成18,2006,4,市外移動_転入,総数,22361
平成18,2006,4,市外移動_転入,男,12762
平成18,2006,4,市外移動_転入,女,9599
平成18,2006,4,市外移動_転出,総数,13690
平成18,2006,4,市外移動_転出,男,7638
平成18,2006,4,市外移動_転出,女,6052
平成18,2006,4,市内移動_転入,総数,7616
平成18,2006,4,市内移動_転入,男,4030
平成18,2006,4,市内移動_転入,女,3586
平成18,2006,4,市内移動_転出,総数,7597
平成18,2006,4,市内移動_転出,男,4016
平成18,2006,4,市内移動_転出,女,3581
平成18,2006,4,その他増減,総数,70
平成18,2006,4,その他増減,男,25
平成18,2006,4,その他増減,女,45
平成18,2006,4,自然増減,総数,640
平成18,2006,4,自然増減,男,301
平成18,2006,4,自然増減,女,339
平成18,2006,4,出生,総数,2443
平成18,2006,4,出生,男,1260
平成18,2006,4,出生,女,1183
平成18,2006,4,死亡,総数,1803
平成18,2006,4,死亡,男,959
平成18,2006,4,死亡,女,844
平成18,2006,4,人口増減率,,0.26208
平成18,2006,4,社会増減率,,0.24424
平成18,2006,4,自然増減率,,0.01784
平成18,2006,5,世帯数増減,,2038
平成18,2006,5,人口増減,総数,2274
平成18,2006,5,人口増減,男,970
平成18,2006,5,人口増減,女,1304
平成18,2006,5,社会増減,総数,1487
平成18,2006,5,社会増減,男,623
平成18,2006,5,社会増減,女,864
平成18,2006,5,市外移動_転入,総数,12217
平成18,2006,5,市外移動_転入,男,6624
平成18,2006,5,市外移動_転入,女,5593
平成18,2006,5,市外移動_転出,総数,10867
平成18,2006,5,市外移動_転出,男,6080
平成18,2006,5,市外移動_転出,女,4787
平成18,2006,5,市内移動_転入,総数,6445
平成18,2006,5,市内移動_転入,男,3299
平成18,2006,5,市内移動_転入,女,3146
平成18,2006,5,市内移動_転出,総数,6428
平成18,2006,5,市内移動_転出,男,3290
平成18,2006,5,市内移動_転出,女,3138
平成18,2006,5,その他増減,総数,120
平成18,2006,5,その他増減,男,70
平成18,2006,5,その他増減,女,50
平成18,2006,5,自然増減,総数,787
平成18,2006,5,自然増減,男,347
平成18,2006,5,自然増減,女,440
平成18,2006,5,出生,総数,2820
平成18,2006,5,出生,男,1478
平成18,2006,5,出生,女,1342
平成18,2006,5,死亡,総数,2033
平成18,2006,5,死亡,男,1131
平成18,2006,5,死亡,女,902
平成18,2006,5,人口増減率,,0.06324
平成18,2006,5,社会増減率,,0.04135
平成18,2006,5,自然増減率,,0.02189
平成18,2006,6,世帯数増減,,818
平成18,2006,6,人口増減,総数,191
平成18,2006,6,人口増減,男,-99
平成18,2006,6,人口増減,女,290
平成18,2006,6,社会増減,総数,-745
平成18,2006,6,社会増減,男,-530
平成18,2006,6,社会増減,女,-215
平成18,2006,6,市外移動_転入,総数,10264
平成18,2006,6,市外移動_転入,男,5568
平成18,2006,6,市外移動_転入,女,4696
平成18,2006,6,市外移動_転出,総数,11109
平成18,2006,6,市外移動_転出,男,6154
平成18,2006,6,市外移動_転出,女,4955
平成18,2006,6,市内移動_転入,総数,5785
平成18,2006,6,市内移動_転入,男,3029
平成18,2006,6,市内移動_転入,女,2756
平成18,2006,6,市内移動_転出,総数,5769
平成18,2006,6,市内移動_転出,男,3016
平成18,2006,6,市内移動_転出,女,2753
平成18,2006,6,その他増減,総数,84
平成18,2006,6,その他増減,男,43
平成18,2006,6,その他増減,女,41
平成18,2006,6,自然増減,総数,936
平成18,2006,6,自然増減,男,431
平成18,2006,6,自然増減,女,505
平成18,2006,6,出生,総数,2728
平成18,2006,6,出生,男,1410
平成18,2006,6,出生,女,1318
平成18,2006,6,死亡,総数,1792
平成18,2006,6,死亡,男,979
平成18,2006,6,死亡,女,813
平成18,2006,6,人口増減率,,0.00531
平成18,2006,6,社会増減率,,-0.0207
平成18,2006,6,自然増減率,,0.02601
平成18,2006,7,世帯数増減,,1386
平成18,2006,7,人口増減,総数,1682
平成18,2006,7,人口増減,男,765
平成18,2006,7,人口増減,女,917
平成18,2006,7,社会増減,総数,872
平成18,2006,7,社会増減,男,414
平成18,2006,7,社会増減,女,458
平成18,2006,7,市外移動_転入,総数,11233
平成18,2006,7,市外移動_転入,男,6066
平成18,2006,7,市外移動_転入,女,5167
平成18,2006,7,市外移動_転出,総数,10444
平成18,2006,7,市外移動_転出,男,5698
平成18,2006,7,市外移動_転出,女,4746
平成18,2006,7,市内移動_転入,総数,5647
平成18,2006,7,市内移動_転入,男,2898
平成18,2006,7,市内移動_転入,女,2749
平成18,2006,7,市内移動_転出,総数,5638
平成18,2006,7,市内移動_転出,男,2891
平成18,2006,7,市内移動_転出,女,2747
平成18,2006,7,その他増減,総数,74
平成18,2006,7,その他増減,男,39
平成18,2006,7,その他増減,女,35
平成18,2006,7,自然増減,総数,810
平成18,2006,7,自然増減,男,351
平成18,2006,7,自然増減,女,459
平成18,2006,7,出生,総数,2694
平成18,2006,7,出生,男,1398
平成18,2006,7,出生,女,1296
平成18,2006,7,死亡,総数,1884
平成18,2006,7,死亡,男,1047
平成18,2006,7,死亡,女,837
平成18,2006,7,人口増減率,,0.04674
平成18,2006,7,社会増減率,,0.02423
平成18,2006,7,自然増減率,,0.02251
平成18,2006,8,世帯数増減,,1281
平成18,2006,8,人口増減,総数,1533
平成18,2006,8,人口増減,男,652
平成18,2006,8,人口増減,女,881
平成18,2006,8,社会増減,総数,427
平成18,2006,8,社会増減,男,198
平成18,2006,8,社会増減,女,229
平成18,2006,8,市外移動_転入,総数,11621
平成18,2006,8,市外移動_転入,男,6293
平成18,2006,8,市外移動_転入,女,5328
平成18,2006,8,市外移動_転出,総数,11263
平成18,2006,8,市外移動_転出,男,6120
平成18,2006,8,市外移動_転出,女,5143
平成18,2006,8,市内移動_転入,総数,6318
平成18,2006,8,市内移動_転入,男,3288
平成18,2006,8,市内移動_転入,女,3030
平成18,2006,8,市内移動_転出,総数,6308
平成18,2006,8,市内移動_転出,男,3281
平成18,2006,8,市内移動_転出,女,3027
平成18,2006,8,その他増減,総数,59
平成18,2006,8,その他増減,男,18
平成18,2006,8,その他増減,女,41
平成18,2006,8,自然増減,総数,1106
平成18,2006,8,自然増減,男,454
平成18,2006,8,自然増減,女,652
平成18,2006,8,出生,総数,2970
平成18,2006,8,出生,男,1542
平成18,2006,8,出生,女,1428
平成18,2006,8,死亡,総数,1864
平成18,2006,8,死亡,男,1088
平成18,2006,8,死亡,女,776
平成18,2006,8,人口増減率,,0.04258
平成18,2006,8,社会増減率,,0.01186
平成18,2006,8,自然増減率,,0.03072
平成18,2006,9,世帯数増減,,978
平成18,2006,9,人口増減,総数,555
平成18,2006,9,人口増減,男,109
平成18,2006,9,人口増減,女,446
平成18,2006,9,社会増減,総数,-311
平成18,2006,9,社会増減,男,-241
平成18,2006,9,社会増減,女,-70
平成18,2006,9,市外移動_転入,総数,10175
平成18,2006,9,市外移動_転入,男,5584
平成18,2006,9,市外移動_転入,女,4591
平成18,2006,9,市外移動_転出,総数,10558
平成18,2006,9,市外移動_転出,男,5849
平成18,2006,9,市外移動_転出,女,4709
平成18,2006,9,市内移動_転入,総数,5758
平成18,2006,9,市内移動_転入,男,3031
平成18,2006,9,市内移動_転入,女,2727
平成18,2006,9,市内移動_転出,総数,5746
平成18,2006,9,市内移動_転出,男,3021
平成18,2006,9,市内移動_転出,女,2725
平成18,2006,9,その他増減,総数,60
平成18,2006,9,その他増減,男,14
平成18,2006,9,その他増減,女,46
平成18,2006,9,自然増減,総数,866
平成18,2006,9,自然増減,男,350
平成18,2006,9,自然増減,女,516
平成18,2006,9,出生,総数,2608
平成18,2006,9,出生,男,1345
平成18,2006,9,出生,女,1263
平成18,2006,9,死亡,総数,1742
平成18,2006,9,死亡,男,995
平成18,2006,9,死亡,女,747
平成18,2006,9,人口増減率,,0.01541
平成18,2006,9,社会増減率,,-0.00863
平成18,2006,9,自然増減率,,0.02404
平成18,2006,10,世帯数増減,,2073
平成18,2006,10,人口増減,総数,2635
平成18,2006,10,人口増減,男,1231
平成18,2006,10,人口増減,女,1404
平成18,2006,10,社会増減,総数,1539
平成18,2006,10,社会増減,男,785
平成18,2006,10,社会増減,女,754
平成18,2006,10,市外移動_転入,総数,12303
平成18,2006,10,市外移動_転入,男,6730
平成18,2006,10,市外移動_転入,女,5573
平成18,2006,10,市外移動_転出,総数,10794
平成18,2006,10,市外移動_転出,男,5941
平成18,2006,10,市外移動_転出,女,4853
平成18,2006,10,市内移動_転入,総数,6910
平成18,2006,10,市内移動_転入,男,3632
平成18,2006,10,市内移動_転入,女,3278
平成18,2006,10,市内移動_転出,総数,6905
平成18,2006,10,市内移動_転出,男,3628
平成18,2006,10,市内移動_転出,女,3277
平成18,2006,10,その他増減,総数,25
平成18,2006,10,その他増減,男,-8
平成18,2006,10,その他増減,女,33
平成18,2006,10,自然増減,総数,1096
平成18,2006,10,自然増減,男,446
平成18,2006,10,自然増減,女,650
平成18,2006,10,出生,総数,2992
平成18,2006,10,出生,男,1536
平成18,2006,10,出生,女,1456
平成18,2006,10,死亡,総数,1896
平成18,2006,10,死亡,男,1090
平成18,2006,10,死亡,女,806
平成18,2006,10,人口増減率,,0.07315
平成18,2006,10,社会増減率,,0.04272
平成18,2006,10,自然増減率,,0.03043
平成18,2006,11,世帯数増減,,1113
平成18,2006,11,人口増減,総数,1257
平成18,2006,11,人口増減,男,531
平成18,2006,11,人口増減,女,726
平成18,2006,11,社会増減,総数,388
平成18,2006,11,社会増減,男,194
平成18,2006,11,社会増減,女,194
平成18,2006,11,市外移動_転入,総数,9962
平成18,2006,11,市外移動_転入,男,5376
平成18,2006,11,市外移動_転入,女,4586
平成18,2006,11,市外移動_転出,総数,9606
平成18,2006,11,市外移動_転出,男,5180
平成18,2006,11,市外移動_転出,女,4426
平成18,2006,11,市内移動_転入,総数,6033
平成18,2006,11,市内移動_転入,男,3138
平成18,2006,11,市内移動_転入,女,2895
平成18,2006,11,市内移動_転出,総数,6026
平成18,2006,11,市内移動_転出,男,3131
平成18,2006,11,市内移動_転出,女,2895
平成18,2006,11,その他増減,総数,25
平成18,2006,11,その他増減,男,-9
平成18,2006,11,その他増減,女,34
平成18,2006,11,自然増減,総数,869
平成18,2006,11,自然増減,男,337
平成18,2006,11,自然増減,女,532
平成18,2006,11,出生,総数,2834
平成18,2006,11,出生,男,1432
平成18,2006,11,出生,女,1402
平成18,2006,11,死亡,総数,1965
平成18,2006,11,死亡,男,1095
平成18,2006,11,死亡,女,870
平成18,2006,11,人口増減率,,0.03486
平成18,2006,11,社会増減率,,0.01076
平成18,2006,11,自然増減率,,0.0241
平成18,2006,12,世帯数増減,,111
平成18,2006,12,人口増減,総数,147
平成18,2006,12,人口増減,男,-243
平成18,2006,12,人口増減,女,390
平成18,2006,12,社会増減,総数,-521
平成18,2006,12,社会増減,男,-482
平成18,2006,12,社会増減,女,-39
平成18,2006,12,市外移動_転入,総数,9662
平成18,2006,12,市外移動_転入,男,5175
平成18,2006,12,市外移動_転入,女,4487
平成18,2006,12,市外移動_転出,総数,10115
平成18,2006,12,市外移動_転出,男,5574
平成18,2006,12,市外移動_転出,女,4541
平成18,2006,12,市内移動_転入,総数,6042
平成18,2006,12,市内移動_転入,男,3145
平成18,2006,12,市内移動_転入,女,2897
平成18,2006,12,市内移動_転出,総数,6032
平成18,2006,12,市内移動_転出,男,3137
平成18,2006,12,市内移動_転出,女,2895
平成18,2006,12,その他増減,総数,-78
平成18,2006,12,その他増減,男,-91
平成18,2006,12,その他増減,女,13
平成18,2006,12,自然増減,総数,668
平成18,2006,12,自然増減,男,239
平成18,2006,12,自然増減,女,429
平成18,2006,12,出生,総数,2681
平成18,2006,12,出生,男,1394
平成18,2006,12,出生,女,1287
平成18,2006,12,死亡,総数,2013
平成18,2006,12,死亡,男,1155
平成18,2006,12,死亡,女,858
平成18,2006,12,人口増減率,,0.00408
平成18,2006,12,社会増減率,,-0.01445
平成18,2006,12,自然増減率,,0.01852
平成19,2007,1,世帯数増減,,444
平成19,2007,1,人口増減,総数,105
平成19,2007,1,人口増減,男,-246
平成19,2007,1,人口増減,女,351
平成19,2007,1,社会増減,総数,-358
平成19,2007,1,社会増減,男,-295
平成19,2007,1,社会増減,女,-63
平成19,2007,1,市外移動_転入,総数,9506
平成19,2007,1,市外移動_転入,男,5216
平成19,2007,1,市外移動_転入,女,4290
平成19,2007,1,市外移動_転出,総数,9839
平成19,2007,1,市外移動_転出,男,5457
平成19,2007,1,市外移動_転出,女,4382
平成19,2007,1,市内移動_転入,総数,5021
平成19,2007,1,市内移動_転入,男,2648
平成19,2007,1,市内移動_転入,女,2373
平成19,2007,1,市内移動_転出,総数,5017
平成19,2007,1,市内移動_転出,男,2644
平成19,2007,1,市内移動_転出,女,2373
平成19,2007,1,その他増減,総数,-29
平成19,2007,1,その他増減,男,-58
平成19,2007,1,その他増減,女,29
平成19,2007,1,自然増減,総数,463
平成19,2007,1,自然増減,男,49
平成19,2007,1,自然増減,女,414
平成19,2007,1,出生,総数,2924
平成19,2007,1,出生,男,1478
平成19,2007,1,出生,女,1446
平成19,2007,1,死亡,総数,2461
平成19,2007,1,死亡,男,1429
平成19,2007,1,死亡,女,1032
平成19,2007,1,人口増減率,,0.00291
平成19,2007,1,社会増減率,,-0.00993
平成19,2007,1,自然増減率,,0.01284
平成19,2007,2,世帯数増減,,942
平成19,2007,2,人口増減,総数,223
平成19,2007,2,人口増減,男,-56
平成19,2007,2,人口増減,女,279
平成19,2007,2,社会増減,総数,-271
平成19,2007,2,社会増減,男,-212
平成19,2007,2,社会増減,女,-59
平成19,2007,2,市外移動_転入,総数,10266
平成19,2007,2,市外移動_転入,男,5749
平成19,2007,2,市外移動_転入,女,4517
平成19,2007,2,市外移動_転出,総数,10619
平成19,2007,2,市外移動_転出,男,5994
平成19,2007,2,市外移動_転出,女,4625
平成19,2007,2,市内移動_転入,総数,6405
平成19,2007,2,市内移動_転入,男,3398
平成19,2007,2,市内移動_転入,女,3007
平成19,2007,2,市内移動_転出,総数,6389
平成19,2007,2,市内移動_転出,男,3386
平成19,2007,2,市内移動_転出,女,3003
平成19,2007,2,その他増減,総数,66
平成19,2007,2,その他増減,男,21
平成19,2007,2,その他増減,女,45
平成19,2007,2,自然増減,総数,494
平成19,2007,2,自然増減,男,156
平成19,2007,2,自然増減,女,338
平成19,2007,2,出生,総数,2471
平成19,2007,2,出生,男,1246
平成19,2007,2,出生,女,1225
平成19,2007,2,死亡,総数,1977
平成19,2007,2,死亡,男,1090
平成19,2007,2,死亡,女,887
平成19,2007,2,人口増減率,,0.00618
平成19,2007,2,社会増減率,,-0.00751
平成19,2007,2,自然増減率,,0.0137
平成19,2007,3,世帯数増減,,5816
平成19,2007,3,人口増減,総数,1953
平成19,2007,3,人口増減,男,353
平成19,2007,3,人口増減,女,1600
平成19,2007,3,社会増減,総数,1477
平成19,2007,3,社会増減,男,272
平成19,2007,3,社会増減,女,1205
平成19,2007,3,市外移動_転入,総数,28684
平成19,2007,3,市外移動_転入,男,15408
平成19,2007,3,市外移動_転入,女,13276
平成19,2007,3,市外移動_転出,総数,27211
平成19,2007,3,市外移動_転出,男,15062
平成19,2007,3,市外移動_転出,女,12149
平成19,2007,3,市内移動_転入,総数,11374
平成19,2007,3,市内移動_転入,男,5866
平成19,2007,3,市内移動_転入,女,5508
平成19,2007,3,市内移動_転出,総数,11355
平成19,2007,3,市内移動_転出,男,5855
平成19,2007,3,市内移動_転出,女,5500
平成19,2007,3,その他増減,総数,-15
平成19,2007,3,その他増減,男,-85
平成19,2007,3,その他増減,女,70
平成19,2007,3,自然増減,総数,476
平成19,2007,3,自然増減,男,81
平成19,2007,3,自然増減,女,395
平成19,2007,3,出生,総数,2667
平成19,2007,3,出生,男,1323
平成19,2007,3,出生,女,1344
平成19,2007,3,死亡,総数,2191
平成19,2007,3,死亡,男,1242
平成19,2007,3,死亡,女,949
平成19,2007,3,人口増減率,,0.05414
平成19,2007,3,社会増減率,,0.04095
平成19,2007,3,自然増減率,,0.0132
平成19,2007,4,世帯数増減,,8509
平成19,2007,4,人口増減,総数,10097
平成19,2007,4,人口増減,男,5897
平成19,2007,4,人口増減,女,4200
平成19,2007,4,社会増減,総数,9565
平成19,2007,4,社会増減,男,5669
平成19,2007,4,社会増減,女,3896
平成19,2007,4,市外移動_転入,総数,23628
平成19,2007,4,市外移動_転入,男,13540
平成19,2007,4,市外移動_転入,女,10088
平成19,2007,4,市外移動_転出,総数,14203
平成19,2007,4,市外移動_転出,男,7948
平成19,2007,4,市外移動_転出,女,6255
平成19,2007,4,市内移動_転入,総数,7656
平成19,2007,4,市内移動_転入,男,3987
平成19,2007,4,市内移動_転入,女,3669
平成19,2007,4,市内移動_転出,総数,7644
平成19,2007,4,市内移動_転出,男,3977
平成19,2007,4,市内移動_転出,女,3667
平成19,2007,4,その他増減,総数,128
平成19,2007,4,その他増減,男,67
平成19,2007,4,その他増減,女,61
平成19,2007,4,自然増減,総数,532
平成19,2007,4,自然増減,男,228
平成19,2007,4,自然増減,女,304
平成19,2007,4,出生,総数,2370
平成19,2007,4,出生,男,1223
平成19,2007,4,出生,女,1147
平成19,2007,4,死亡,総数,1838
平成19,2007,4,死亡,男,995
平成19,2007,4,死亡,女,843
平成19,2007,4,人口増減率,,0.27977
平成19,2007,4,社会増減率,,0.26503
平成19,2007,4,自然増減率,,0.01474
平成19,2007,5,世帯数増減,,2550
平成19,2007,5,人口増減,総数,2993
平成19,2007,5,人口増減,男,1454
平成19,2007,5,人口増減,女,1539
平成19,2007,5,社会増減,総数,2163
平成19,2007,5,社会増減,男,1099
平成19,2007,5,社会増減,女,1064
平成19,2007,5,市外移動_転入,総数,12851
平成19,2007,5,市外移動_転入,男,7205
平成19,2007,5,市外移動_転入,女,5646
平成19,2007,5,市外移動_転出,総数,10789
平成19,2007,5,市外移動_転出,男,6139
平成19,2007,5,市外移動_転出,女,4650
平成19,2007,5,市内移動_転入,総数,6392
平成19,2007,5,市内移動_転入,男,3405
平成19,2007,5,市内移動_転入,女,2987
平成19,2007,5,市内移動_転出,総数,6370
平成19,2007,5,市内移動_転出,男,3388
平成19,2007,5,市内移動_転出,女,2982
平成19,2007,5,その他増減,総数,79
平成19,2007,5,その他増減,男,16
平成19,2007,5,その他増減,女,63
平成19,2007,5,自然増減,総数,830
平成19,2007,5,自然増減,男,355
平成19,2007,5,自然増減,女,475
平成19,2007,5,出生,総数,2991
平成19,2007,5,出生,男,1552
平成19,2007,5,出生,女,1439
平成19,2007,5,死亡,総数,2161
平成19,2007,5,死亡,男,1197
平成19,2007,5,死亡,女,964
平成19,2007,5,人口増減率,,0.0827
平成19,2007,5,社会増減率,,0.05977
平成19,2007,5,自然増減率,,0.02293
平成19,2007,6,世帯数増減,,1642
平成19,2007,6,人口増減,総数,1627
平成19,2007,6,人口増減,男,656
平成19,2007,6,人口増減,女,971
平成19,2007,6,社会増減,総数,804
平成19,2007,6,社会増減,男,256
平成19,2007,6,社会増減,女,548
平成19,2007,6,市外移動_転入,総数,10643
平成19,2007,6,市外移動_転入,男,5850
平成19,2007,6,市外移動_転入,女,4793
平成19,2007,6,市外移動_転出,総数,9924
平成19,2007,6,市外移動_転出,男,5637
平成19,2007,6,市外移動_転出,女,4287
平成19,2007,6,市内移動_転入,総数,6069
平成19,2007,6,市内移動_転入,男,3212
平成19,2007,6,市内移動_転入,女,2857
平成19,2007,6,市内移動_転出,総数,6054
平成19,2007,6,市内移動_転出,男,3201
平成19,2007,6,市内移動_転出,女,2853
平成19,2007,6,その他増減,総数,70
平成19,2007,6,その他増減,男,32
平成19,2007,6,その他増減,女,38
平成19,2007,6,自然増減,総数,823
平成19,2007,6,自然増減,男,400
平成19,2007,6,自然増減,女,423
平成19,2007,6,出生,総数,2580
平成19,2007,6,出生,男,1374
平成19,2007,6,出生,女,1206
平成19,2007,6,死亡,総数,1757
平成19,2007,6,死亡,男,974
平成19,2007,6,死亡,女,783
平成19,2007,6,人口増減率,,0.04
平成19,2007,6,社会増減率,,0.0222
平成19,2007,6,自然増減率,,0.02272
平成19,2007,7,世帯数増減,,1363
平成19,2007,7,人口増減,総数,1700
平成19,2007,7,人口増減,男,809
平成19,2007,7,人口増減,女,891
平成19,2007,7,社会増減,総数,734
平成19,2007,7,社会増減,男,396
平成19,2007,7,社会増減,女,338
平成19,2007,7,市外移動_転入,総数,11814
平成19,2007,7,市外移動_転入,男,6476
平成19,2007,7,市外移動_転入,女,5338
平成19,2007,7,市外移動_転出,総数,11163
平成19,2007,7,市外移動_転出,男,6125
平成19,2007,7,市外移動_転出,女,5038
平成19,2007,7,市内移動_転入,総数,6487
平成19,2007,7,市内移動_転入,男,3452
平成19,2007,7,市内移動_転入,女,3035
平成19,2007,7,市内移動_転出,総数,6471
平成19,2007,7,市内移動_転出,男,3442
平成19,2007,7,市内移動_転出,女,3029
平成19,2007,7,その他増減,総数,67
平成19,2007,7,その他増減,男,35
平成19,2007,7,その他増減,女,32
平成19,2007,7,自然増減,総数,966
平成19,2007,7,自然増減,男,413
平成19,2007,7,自然増減,女,553
平成19,2007,7,出生,総数,2911
平成19,2007,7,出生,男,1524
平成19,2007,7,出生,女,1387
平成19,2007,7,死亡,総数,1945
平成19,2007,7,死亡,男,1111
平成19,2007,7,死亡,女,834
平成19,2007,7,人口増減率,,0.04691
平成19,2007,7,社会増減率,,0.02026
平成19,2007,7,自然増減率,,0.02666
平成19,2007,8,世帯数増減,,1436
平成19,2007,8,人口増減,総数,1861
平成19,2007,8,人口増減,男,864
平成19,2007,8,人口増減,女,997
平成19,2007,8,社会増減,総数,960
平成19,2007,8,社会増減,男,499
平成19,2007,8,社会増減,女,461
平成19,2007,8,市外移動_転入,総数,11874
平成19,2007,8,市外移動_転入,男,6477
平成19,2007,8,市外移動_転入,女,5397
平成19,2007,8,市外移動_転出,総数,10983
平成19,2007,8,市外移動_転出,男,5996
平成19,2007,8,市外移動_転出,女,4987
平成19,2007,8,市内移動_転入,総数,6184
平成19,2007,8,市内移動_転入,男,3231
平成19,2007,8,市内移動_転入,女,2953
平成19,2007,8,市内移動_転出,総数,6176
平成19,2007,8,市内移動_転出,男,3223
平成19,2007,8,市内移動_転出,女,2953
平成19,2007,8,その他増減,総数,61
平成19,2007,8,その他増減,男,10
平成19,2007,8,その他増減,女,51
平成19,2007,8,自然増減,総数,901
平成19,2007,8,自然増減,男,365
平成19,2007,8,自然増減,女,536
平成19,2007,8,出生,総数,2967
平成19,2007,8,出生,男,1528
平成19,2007,8,出生,女,1439
平成19,2007,8,死亡,総数,2066
平成19,2007,8,死亡,男,1163
平成19,2007,8,死亡,女,903
平成19,2007,8,人口増減率,,0.05133
平成19,2007,8,社会増減率,,0.02648
平成19,2007,8,自然増減率,,0.03
平成19,2007,9,世帯数増減,,686
平成19,2007,9,人口増減,総数,64
平成19,2007,9,人口増減,男,-308
平成19,2007,9,人口増減,女,372
平成19,2007,9,社会増減,総数,-766
平成19,2007,9,社会増減,男,-694
平成19,2007,9,社会増減,女,-72
平成19,2007,9,市外移動_転入,総数,9399
平成19,2007,9,市外移動_転入,男,5064
平成19,2007,9,市外移動_転入,女,4335
平成19,2007,9,市外移動_転出,総数,10244
平成19,2007,9,市外移動_転出,男,5801
平成19,2007,9,市外移動_転出,女,4443
平成19,2007,9,市内移動_転入,総数,5304
平成19,2007,9,市内移動_転入,男,2794
平成19,2007,9,市内移動_転入,女,2510
平成19,2007,9,市内移動_転出,総数,5289
平成19,2007,9,市内移動_転出,男,2785
平成19,2007,9,市内移動_転出,女,2504
平成19,2007,9,その他増減,総数,64
平成19,2007,9,その他増減,男,34
平成19,2007,9,その他増減,女,30
平成19,2007,9,自然増減,総数,830
平成19,2007,9,自然増減,男,386
平成19,2007,9,自然増減,女,444
平成19,2007,9,出生,総数,2636
平成19,2007,9,出生,男,1363
平成19,2007,9,出生,女,1273
平成19,2007,9,死亡,総数,1806
平成19,2007,9,死亡,男,977
平成19,2007,9,死亡,女,829
平成19,2007,9,人口増減率,,0.00176
平成19,2007,9,社会増減率,,-0.02112
平成19,2007,9,自然増減率,,0.02288
平成19,2007,10,世帯数増減,,2042
平成19,2007,10,人口増減,総数,2616
平成19,2007,10,人口増減,男,1213
平成19,2007,10,人口増減,女,1403
平成19,2007,10,社会増減,総数,1610
平成19,2007,10,社会増減,男,847
平成19,2007,10,社会増減,女,763
平成19,2007,10,市外移動_転入,総数,12656
平成19,2007,10,市外移動_転入,男,6898
平成19,2007,10,市外移動_転入,女,5758
平成19,2007,10,市外移動_転出,総数,11104
平成19,2007,10,市外移動_転出,男,6063
平成19,2007,10,市外移動_転出,女,5041
平成19,2007,10,市内移動_転入,総数,6843
平成19,2007,10,市内移動_転入,男,3670
平成19,2007,10,市内移動_転入,女,3173
平成19,2007,10,市内移動_転出,総数,6835
平成19,2007,10,市内移動_転出,男,3665
平成19,2007,10,市内移動_転出,女,3170
平成19,2007,10,その他増減,総数,50
平成19,2007,10,その他増減,男,7
平成19,2007,10,その他増減,女,43
平成19,2007,10,自然増減,総数,1006
平成19,2007,10,自然増減,男,366
平成19,2007,10,自然増減,女,640
平成19,2007,10,出生,総数,3194
平成19,2007,10,出生,男,1626
平成19,2007,10,出生,女,1568
平成19,2007,10,死亡,総数,2188
平成19,2007,10,死亡,男,1260
平成19,2007,10,死亡,女,928
平成19,2007,10,人口増減率,,0.07212
平成19,2007,10,社会増減率,,0.04438
平成19,2007,10,自然増減率,,0.02773
平成19,2007,11,世帯数増減,,749
平成19,2007,11,人口増減,総数,794
平成19,2007,11,人口増減,男,254
平成19,2007,11,人口増減,女,540
平成19,2007,11,社会増減,総数,26
平成19,2007,11,社会増減,男,-18
平成19,2007,11,社会増減,女,44
平成19,2007,11,市外移動_転入,総数,9863
平成19,2007,11,市外移動_転入,男,5337
平成19,2007,11,市外移動_転入,女,4526
平成19,2007,11,市外移動_転出,総数,9891
平成19,2007,11,市外移動_転出,男,5362
平成19,2007,11,市外移動_転出,女,4529
平成19,2007,11,市内移動_転入,総数,6247
平成19,2007,11,市内移動_転入,男,3239
平成19,2007,11,市内移動_転入,女,3008
平成19,2007,11,市内移動_転出,総数,6235
平成19,2007,11,市内移動_転出,男,3232
平成19,2007,11,市内移動_転出,女,3003
平成19,2007,11,その他増減,総数,42
平成19,2007,11,その他増減,男,0
平成19,2007,11,その他増減,女,42
平成19,2007,11,自然増減,総数,768
平成19,2007,11,自然増減,男,272
平成19,2007,11,自然増減,女,496
平成19,2007,11,出生,総数,2837
平成19,2007,11,出生,男,1455
平成19,2007,11,出生,女,1382
平成19,2007,11,死亡,総数,2069
平成19,2007,11,死亡,男,1183
平成19,2007,11,死亡,女,886
平成19,2007,11,人口増減率,,0.02187
平成19,2007,11,社会増減率,,0.00072
平成19,2007,11,自然増減率,,0.02116
平成19,2007,12,世帯数増減,,366
平成19,2007,12,人口増減,総数,406
平成19,2007,12,人口増減,男,-88
平成19,2007,12,人口増減,女,494
平成19,2007,12,社会増減,総数,7
平成19,2007,12,社会増減,男,-174
平成19,2007,12,社会増減,女,181
平成19,2007,12,市外移動_転入,総数,9881
平成19,2007,12,市外移動_転入,男,5272
平成19,2007,12,市外移動_転入,女,4609
平成19,2007,12,市外移動_転出,総数,9802
平成19,2007,12,市外移動_転出,男,5322
平成19,2007,12,市外移動_転出,女,4480
平成19,2007,12,市内移動_転入,総数,6964
平成19,2007,12,市内移動_転入,男,3581
平成19,2007,12,市内移動_転入,女,3383
平成19,2007,12,市内移動_転出,総数,6956
平成19,2007,12,市内移動_転出,男,3576
平成19,2007,12,市内移動_転出,女,3380
平成19,2007,12,その他増減,総数,-80
平成19,2007,12,その他増減,男,-129
平成19,2007,12,その他増減,女,49
平成19,2007,12,自然増減,総数,399
平成19,2007,12,自然増減,男,86
平成19,2007,12,自然増減,女,313
平成19,2007,12,出生,総数,2574
平成19,2007,12,出生,男,1319
平成19,2007,12,出生,女,1255
平成19,2007,12,死亡,総数,2175
平成19,2007,12,死亡,男,1233
平成19,2007,12,死亡,女,942
平成19,2007,12,人口増減率,,0.01118
平成19,2007,12,社会増減率,,0.00019
平成19,2007,12,自然増減率,,0.01099
平成20,2008,1,世帯数増減,,486
平成20,2008,1,人口増減,総数,324
平成20,2008,1,人口増減,男,-67
平成20,2008,1,人口増減,女,391
平成20,2008,1,社会増減,総数,152
平成20,2008,1,社会増減,男,-19
平成20,2008,1,社会増減,女,171
平成20,2008,1,市外移動_転入,総数,9353
平成20,2008,1,市外移動_転入,男,5056
平成20,2008,1,市外移動_転入,女,4297
平成20,2008,1,市外移動_転出,総数,9235
平成20,2008,1,市外移動_転出,男,5082
平成20,2008,1,市外移動_転出,女,4153
平成20,2008,1,市内移動_転入,総数,4942
平成20,2008,1,市内移動_転入,男,2616
平成20,2008,1,市内移動_転入,女,2326
平成20,2008,1,市内移動_転出,総数,4935
平成20,2008,1,市内移動_転出,男,2609
平成20,2008,1,市内移動_転出,女,2326
平成20,2008,1,その他増減,総数,27
平成20,2008,1,その他増減,男,0
平成20,2008,1,その他増減,女,27
平成20,2008,1,自然増減,総数,172
平成20,2008,1,自然増減,男,-48
平成20,2008,1,自然増減,女,220
平成20,2008,1,出生,総数,2822
平成20,2008,1,出生,男,1438
平成20,2008,1,出生,女,1384
平成20,2008,1,死亡,総数,2650
平成20,2008,1,死亡,男,1486
平成20,2008,1,死亡,女,1164
平成20,2008,1,人口増減率,,0.00892
平成20,2008,1,社会増減率,,0.00419
平成20,2008,1,自然増減率,,0.00474
平成20,2008,2,世帯数増減,,515
平成20,2008,2,人口増減,総数,213
平成20,2008,2,人口増減,男,-194
平成20,2008,2,人口増減,女,407
平成20,2008,2,社会増減,総数,-192
平成20,2008,2,社会増減,男,-303
平成20,2008,2,社会増減,女,111
平成20,2008,2,市外移動_転入,総数,10531
平成20,2008,2,市外移動_転入,男,5772
平成20,2008,2,市外移動_転入,女,4759
平成20,2008,2,市外移動_転出,総数,10729
平成20,2008,2,市外移動_転出,男,6066
平成20,2008,2,市外移動_転出,女,4663
平成20,2008,2,市内移動_転入,総数,6506
平成20,2008,2,市内移動_転入,男,3488
平成20,2008,2,市内移動_転入,女,3018
平成20,2008,2,市内移動_転出,総数,6498
平成20,2008,2,市内移動_転出,男,3479
平成20,2008,2,市内移動_転出,女,3019
平成20,2008,2,その他増減,総数,-2
平成20,2008,2,その他増減,男,-18
平成20,2008,2,その他増減,女,16
平成20,2008,2,自然増減,総数,405
平成20,2008,2,自然増減,男,109
平成20,2008,2,自然増減,女,296
平成20,2008,2,出生,総数,2667
平成20,2008,2,出生,男,1382
平成20,2008,2,出生,女,1285
平成20,2008,2,死亡,総数,2262
平成20,2008,2,死亡,男,1273
平成20,2008,2,死亡,女,989
平成20,2008,2,人口増減率,,0.00587
平成20,2008,2,社会増減率,,-0.00529
平成20,2008,2,自然増減率,,0.01115
平成20,2008,3,世帯数増減,,6936
平成20,2008,3,人口増減,総数,3260
平成20,2008,3,人口増減,男,1556
平成20,2008,3,人口増減,女,1704
平成20,2008,3,社会増減,総数,2785
平成20,2008,3,社会増減,男,1411
平成20,2008,3,社会増減,女,1374
平成20,2008,3,市外移動_転入,総数,29166
平成20,2008,3,市外移動_転入,男,16061
平成20,2008,3,市外移動_転入,女,13105
平成20,2008,3,市外移動_転出,総数,26412
平成20,2008,3,市外移動_転出,男,14597
平成20,2008,3,市外移動_転出,女,11815
平成20,2008,3,市内移動_転入,総数,9968
平成20,2008,3,市内移動_転入,男,5136
平成20,2008,3,市内移動_転入,女,4832
平成20,2008,3,市内移動_転出,総数,9965
平成20,2008,3,市内移動_転出,男,5135
平成20,2008,3,市内移動_転出,女,4830
平成20,2008,3,その他増減,総数,28
平成20,2008,3,その他増減,男,-54
平成20,2008,3,その他増減,女,82
平成20,2008,3,自然増減,総数,475
平成20,2008,3,自然増減,男,145
平成20,2008,3,自然増減,女,330
平成20,2008,3,出生,総数,2652
平成20,2008,3,出生,男,1372
平成20,2008,3,出生,女,1280
平成20,2008,3,死亡,総数,2177
平成20,2008,3,死亡,男,1227
平成20,2008,3,死亡,女,950
平成20,2008,3,人口増減率,,0.08976
平成20,2008,3,社会増減率,,0.07668
平成20,2008,3,自然増減率,,0.01308
平成20,2008,4,世帯数増減,,7733
平成20,2008,4,人口増減,総数,8608
平成20,2008,4,人口増減,男,4845
平成20,2008,4,人口増減,女,3763
平成20,2008,4,社会増減,総数,8134
平成20,2008,4,社会増減,男,4648
平成20,2008,4,社会増減,女,3486
平成20,2008,4,市外移動_転入,総数,22909
平成20,2008,4,市外移動_転入,男,13000
平成20,2008,4,市外移動_転入,女,9909
平成20,2008,4,市外移動_転出,総数,14914
平成20,2008,4,市外移動_転出,男,8412
平成20,2008,4,市外移動_転出,女,6502
平成20,2008,4,市内移動_転入,総数,7861
平成20,2008,4,市内移動_転入,男,4162
平成20,2008,4,市内移動_転入,女,3699
平成20,2008,4,市内移動_転出,総数,7849
平成20,2008,4,市内移動_転出,男,4150
平成20,2008,4,市内移動_転出,女,3699
平成20,2008,4,その他増減,総数,127
平成20,2008,4,その他増減,男,48
平成20,2008,4,その他増減,女,79
平成20,2008,4,自然増減,総数,474
平成20,2008,4,自然増減,男,197
平成20,2008,4,自然増減,女,277
平成20,2008,4,出生,総数,2586
平成20,2008,4,出生,男,1361
平成20,2008,4,出生,女,1225
平成20,2008,4,死亡,総数,2112
平成20,2008,4,死亡,男,1164
平成20,2008,4,死亡,女,948
平成20,2008,4,人口増減率,,0.23681
平成20,2008,4,社会増減率,,0.22377
平成20,2008,4,自然増減率,,0.01304
平成20,2008,5,世帯数増減,,1809
平成20,2008,5,人口増減,総数,1866
平成20,2008,5,人口増減,男,710
平成20,2008,5,人口増減,女,1156
平成20,2008,5,社会増減,総数,1120
平成20,2008,5,社会増減,男,443
平成20,2008,5,社会増減,女,677
平成20,2008,5,市外移動_転入,総数,10890
平成20,2008,5,市外移動_転入,男,5952
平成20,2008,5,市外移動_転入,女,4938
平成20,2008,5,市外移動_転出,総数,9875
平成20,2008,5,市外移動_転出,男,5571
平成20,2008,5,市外移動_転出,女,4304
平成20,2008,5,市内移動_転入,総数,5828
平成20,2008,5,市内移動_転入,男,3042
平成20,2008,5,市内移動_転入,女,2786
平成20,2008,5,市内移動_転出,総数,5819
平成20,2008,5,市内移動_転出,男,3034
平成20,2008,5,市内移動_転出,女,2785
平成20,2008,5,その他増減,総数,96
平成20,2008,5,その他増減,男,54
平成20,2008,5,その他増減,女,42
平成20,2008,5,自然増減,総数,746
平成20,2008,5,自然増減,男,267
平成20,2008,5,自然増減,女,479
平成20,2008,5,出生,総数,2703
平成20,2008,5,出生,男,1364
平成20,2008,5,出生,女,1339
平成20,2008,5,死亡,総数,1957
平成20,2008,5,死亡,男,1097
平成20,2008,5,死亡,女,860
平成20,2008,5,人口増減率,,0.05121
平成20,2008,5,社会増減率,,0.03074
平成20,2008,5,自然増減率,,0.02047
平成20,2008,6,世帯数増減,,1400
平成20,2008,6,人口増減,総数,1383
平成20,2008,6,人口増減,男,428
平成20,2008,6,人口増減,女,955
平成20,2008,6,社会増減,総数,750
平成20,2008,6,社会増減,男,231
平成20,2008,6,社会増減,女,519
平成20,2008,6,市外移動_転入,総数,10542
平成20,2008,6,市外移動_転入,男,5760
平成20,2008,6,市外移動_転入,女,4782
平成20,2008,6,市外移動_転出,総数,9923
平成20,2008,6,市外移動_転出,男,5607
平成20,2008,6,市外移動_転出,女,4316
平成20,2008,6,市内移動_転入,総数,5823
平成20,2008,6,市内移動_転入,男,3081
平成20,2008,6,市内移動_転入,女,2742
平成20,2008,6,市内移動_転出,総数,5819
平成20,2008,6,市内移動_転出,男,3080
平成20,2008,6,市内移動_転出,女,2739
平成20,2008,6,その他増減,総数,127
平成20,2008,6,その他増減,男,77
平成20,2008,6,その他増減,女,50
平成20,2008,6,自然増減,総数,633
平成20,2008,6,自然増減,男,197
平成20,2008,6,自然増減,女,436
平成20,2008,6,出生,総数,2671
平成20,2008,6,出生,男,1377
平成20,2008,6,出生,女,1294
平成20,2008,6,死亡,総数,2038
平成20,2008,6,死亡,男,1180
平成20,2008,6,死亡,女,858
平成20,2008,6,人口増減率,,0.03794
平成20,2008,6,社会増減率,,0.02057
平成20,2008,6,自然増減率,,0.01736
平成20,2008,7,世帯数増減,,905
平成20,2008,7,人口増減,総数,1208
平成20,2008,7,人口増減,男,330
平成20,2008,7,人口増減,女,878
平成20,2008,7,社会増減,総数,423
平成20,2008,7,社会増減,男,-8
平成20,2008,7,社会増減,女,431
平成20,2008,7,市外移動_転入,総数,11667
平成20,2008,7,市外移動_転入,男,6190
平成20,2008,7,市外移動_転入,女,5477
平成20,2008,7,市外移動_転出,総数,11331
平成20,2008,7,市外移動_転出,男,6239
平成20,2008,7,市外移動_転出,女,5092
平成20,2008,7,市内移動_転入,総数,6076
平成20,2008,7,市内移動_転入,男,3119
平成20,2008,7,市内移動_転入,女,2957
平成20,2008,7,市内移動_転出,総数,6065
平成20,2008,7,市内移動_転出,男,3111
平成20,2008,7,市内移動_転出,女,2954
平成20,2008,7,その他増減,総数,76
平成20,2008,7,その他増減,男,33
平成20,2008,7,その他増減,女,43
平成20,2008,7,自然増減,総数,785
平成20,2008,7,自然増減,男,338
平成20,2008,7,自然増減,女,447
平成20,2008,7,出生,総数,2796
平成20,2008,7,出生,男,1411
平成20,2008,7,出生,女,1385
平成20,2008,7,死亡,総数,2011
平成20,2008,7,死亡,男,1073
平成20,2008,7,死亡,女,938
平成20,2008,7,人口増減率,,0.03312
平成20,2008,7,社会増減率,,0.0116
平成20,2008,7,自然増減率,,0.02153
平成20,2008,8,世帯数増減,,1228
平成20,2008,8,人口増減,総数,1920
平成20,2008,8,人口増減,男,848
平成20,2008,8,人口増減,女,1072
平成20,2008,8,社会増減,総数,1100
平成20,2008,8,社会増減,男,479
平成20,2008,8,社会増減,女,621
平成20,2008,8,市外移動_転入,総数,11218
平成20,2008,8,市外移動_転入,男,5967
平成20,2008,8,市外移動_転入,女,5251
平成20,2008,8,市外移動_転出,総数,10200
平成20,2008,8,市外移動_転出,男,5532
平成20,2008,8,市外移動_転出,女,4668
平成20,2008,8,市内移動_転入,総数,5536
平成20,2008,8,市内移動_転入,男,2901
平成20,2008,8,市内移動_転入,女,2635
平成20,2008,8,市内移動_転出,総数,5528
平成20,2008,8,市内移動_転出,男,2894
平成20,2008,8,市内移動_転出,女,2634
平成20,2008,8,その他増減,総数,74
平成20,2008,8,その他増減,男,37
平成20,2008,8,その他増減,女,37
平成20,2008,8,自然増減,総数,820
平成20,2008,8,自然増減,男,369
平成20,2008,8,自然増減,女,451
平成20,2008,8,出生,総数,2753
平成20,2008,8,出生,男,1439
平成20,2008,8,出生,女,1314
平成20,2008,8,死亡,総数,1933
平成20,2008,8,死亡,男,1070
平成20,2008,8,死亡,女,863
平成20,2008,8,人口増減率,,0.05263
平成20,2008,8,社会増減率,,0.03015
平成20,2008,8,自然増減率,,0.02248
平成20,2008,9,世帯数増減,,1614
平成20,2008,9,人口増減,総数,1410
平成20,2008,9,人口増減,男,511
平成20,2008,9,人口増減,女,899
平成20,2008,9,社会増減,総数,546
平成20,2008,9,社会増減,男,190
平成20,2008,9,社会増減,女,356
平成20,2008,9,市外移動_転入,総数,11206
平成20,2008,9,市外移動_転入,男,6123
平成20,2008,9,市外移動_転入,女,5083
平成20,2008,9,市外移動_転出,総数,10752
平成20,2008,9,市外移動_転出,男,5982
平成20,2008,9,市外移動_転出,女,4770
平成20,2008,9,市内移動_転入,総数,6423
平成20,2008,9,市内移動_転入,男,3311
平成20,2008,9,市内移動_転入,女,3112
平成20,2008,9,市内移動_転出,総数,6408
平成20,2008,9,市内移動_転出,男,3299
平成20,2008,9,市内移動_転出,女,3109
平成20,2008,9,その他増減,総数,77
平成20,2008,9,その他増減,男,37
平成20,2008,9,その他増減,女,40
平成20,2008,9,自然増減,総数,864
平成20,2008,9,自然増減,男,321
平成20,2008,9,自然増減,女,543
平成20,2008,9,出生,総数,2899
平成20,2008,9,出生,男,1456
平成20,2008,9,出生,女,1443
平成20,2008,9,死亡,総数,2035
平成20,2008,9,死亡,男,1135
平成20,2008,9,死亡,女,900
平成20,2008,9,人口増減率,,0.03863
平成20,2008,9,社会増減率,,0.01496
平成20,2008,9,自然増減率,,0.02367
平成20,2008,10,世帯数増減,,1570
平成20,2008,10,人口増減,総数,1873
平成20,2008,10,人口増減,男,797
平成20,2008,10,人口増減,女,1076
平成20,2008,10,社会増減,総数,1064
平成20,2008,10,社会増減,男,493
平成20,2008,10,社会増減,女,571
平成20,2008,10,市外移動_転入,総数,11956
平成20,2008,10,市外移動_転入,男,6555
平成20,2008,10,市外移動_転入,女,5401
平成20,2008,10,市外移動_転出,総数,11006
平成20,2008,10,市外移動_転出,男,6121
平成20,2008,10,市外移動_転出,女,4885
平成20,2008,10,市内移動_転入,総数,6665
平成20,2008,10,市内移動_転入,男,3456
平成20,2008,10,市内移動_転入,女,3209
平成20,2008,10,市内移動_転出,総数,6655
平成20,2008,10,市内移動_転出,男,3449
平成20,2008,10,市内移動_転出,女,3206
平成20,2008,10,その他増減,総数,104
平成20,2008,10,その他増減,男,52
平成20,2008,10,その他増減,女,52
平成20,2008,10,自然増減,総数,809
平成20,2008,10,自然増減,男,304
平成20,2008,10,自然増減,女,505
平成20,2008,10,出生,総数,2962
平成20,2008,10,出生,男,1512
平成20,2008,10,出生,女,1450
平成20,2008,10,死亡,総数,2153
平成20,2008,10,死亡,男,1208
平成20,2008,10,死亡,女,945
平成20,2008,10,人口増減率,,0.0513
平成20,2008,10,社会増減率,,0.02914
平成20,2008,10,自然増減率,,0.02216
平成20,2008,11,世帯数増減,,755
平成20,2008,11,人口増減,総数,1025
平成20,2008,11,人口増減,男,310
平成20,2008,11,人口増減,女,715
平成20,2008,11,社会増減,総数,555
平成20,2008,11,社会増減,男,145
平成20,2008,11,社会増減,女,410
平成20,2008,11,市外移動_転入,総数,9337
平成20,2008,11,市外移動_転入,男,5003
平成20,2008,11,市外移動_転入,女,4334
平成20,2008,11,市外移動_転出,総数,8859
平成20,2008,11,市外移動_転出,男,4887
平成20,2008,11,市外移動_転出,女,3972
平成20,2008,11,市内移動_転入,総数,5436
平成20,2008,11,市内移動_転入,男,2807
平成20,2008,11,市内移動_転入,女,2629
平成20,2008,11,市内移動_転出,総数,5425
平成20,2008,11,市内移動_転出,男,2798
平成20,2008,11,市内移動_転出,女,2627
平成20,2008,11,その他増減,総数,66
平成20,2008,11,その他増減,男,20
平成20,2008,11,その他増減,女,46
平成20,2008,11,自然増減,総数,470
平成20,2008,11,自然増減,男,165
平成20,2008,11,自然増減,女,305
平成20,2008,11,出生,総数,2545
平成20,2008,11,出生,男,1301
平成20,2008,11,出生,女,1244
平成20,2008,11,死亡,総数,2075
平成20,2008,11,死亡,男,1136
平成20,2008,11,死亡,女,939
平成20,2008,11,人口増減率,,0.02806
平成20,2008,11,社会増減率,,0.01519
平成20,2008,11,自然増減率,,0.01287
平成20,2008,12,世帯数増減,,37
平成20,2008,12,人口増減,総数,101
平成20,2008,12,人口増減,男,-326
平成20,2008,12,人口増減,女,427
平成20,2008,12,社会増減,総数,-388
平成20,2008,12,社会増減,男,-487
平成20,2008,12,社会増減,女,99
平成20,2008,12,市外移動_転入,総数,9536
平成20,2008,12,市外移動_転入,男,5042
平成20,2008,12,市外移動_転入,女,4494
平成20,2008,12,市外移動_転出,総数,10012
平成20,2008,12,市外移動_転出,男,5559
平成20,2008,12,市外移動_転出,女,4453
平成20,2008,12,市内移動_転入,総数,5730
平成20,2008,12,市内移動_転入,男,3033
平成20,2008,12,市内移動_転入,女,2697
平成20,2008,12,市内移動_転出,総数,5726
平成20,2008,12,市内移動_転出,男,3029
平成20,2008,12,市内移動_転出,女,2697
平成20,2008,12,その他増減,総数,84
平成20,2008,12,その他増減,男,26
平成20,2008,12,その他増減,女,58
平成20,2008,12,自然増減,総数,489
平成20,2008,12,自然増減,男,161
平成20,2008,12,自然増減,女,328
平成20,2008,12,出生,総数,2638
平成20,2008,12,出生,男,1391
平成20,2008,12,出生,女,1247
平成20,2008,12,死亡,総数,2149
平成20,2008,12,死亡,男,1230
平成20,2008,12,死亡,女,919
平成20,2008,12,人口増減率,,0.00276
平成20,2008,12,社会増減率,,-0.01062
平成20,2008,12,自然増減率,,0.01338
平成21,2009,1,世帯数増減,,-26
平成21,2009,1,人口増減,総数,105
平成21,2009,1,人口増減,男,-182
平成21,2009,1,人口増減,女,287
平成21,2009,1,社会増減,総数,-182
平成21,2009,1,社会増減,男,-252
平成21,2009,1,社会増減,女,70
平成21,2009,1,市外移動_転入,総数,9860
平成21,2009,1,市外移動_転入,男,5373
平成21,2009,1,市外移動_転入,女,4487
平成21,2009,1,市外移動_転出,総数,9948
平成21,2009,1,市外移動_転出,男,5532
平成21,2009,1,市外移動_転出,女,4416
平成21,2009,1,市内移動_転入,総数,5993
平成21,2009,1,市内移動_転入,男,3102
平成21,2009,1,市内移動_転入,女,2891
平成21,2009,1,市内移動_転出,総数,5989
平成21,2009,1,市内移動_転出,男,3098
平成21,2009,1,市内移動_転出,女,2891
平成21,2009,1,その他増減,総数,-98
平成21,2009,1,その他増減,男,-97
平成21,2009,1,その他増減,女,-1
平成21,2009,1,自然増減,総数,287
平成21,2009,1,自然増減,男,70
平成21,2009,1,自然増減,女,217
平成21,2009,1,出生,総数,3078
平成21,2009,1,出生,男,1623
平成21,2009,1,出生,女,1455
平成21,2009,1,死亡,総数,2791
平成21,2009,1,死亡,男,1553
平成21,2009,1,死亡,女,1238
平成21,2009,1,人口増減率,,0.00287
平成21,2009,1,社会増減率,,-0.00498
平成21,2009,1,自然増減率,,0.00785
平成21,2009,2,世帯数増減,,385
平成21,2009,2,人口増減,総数,-103
平成21,2009,2,人口増減,男,-338
平成21,2009,2,人口増減,女,235
平成21,2009,2,社会増減,総数,-244
平成21,2009,2,社会増減,男,-288
平成21,2009,2,社会増減,女,44
平成21,2009,2,市外移動_転入,総数,10023
平成21,2009,2,市外移動_転入,男,5499
平成21,2009,2,市外移動_転入,女,4524
平成21,2009,2,市外移動_転出,総数,10375
平成21,2009,2,市外移動_転出,男,5836
平成21,2009,2,市外移動_転出,女,4539
平成21,2009,2,市内移動_転入,総数,5887
平成21,2009,2,市内移動_転入,男,3172
平成21,2009,2,市内移動_転入,女,2715
平成21,2009,2,市内移動_転出,総数,5877
平成21,2009,2,市内移動_転出,男,3164
平成21,2009,2,市内移動_転出,女,2713
平成21,2009,2,その他増減,総数,98
平成21,2009,2,その他増減,男,41
平成21,2009,2,その他増減,女,57
平成21,2009,2,自然増減,総数,141
平成21,2009,2,自然増減,男,-50
平成21,2009,2,自然増減,女,191
平成21,2009,2,出生,総数,2389
平成21,2009,2,出生,男,1203
平成21,2009,2,出生,女,1186
平成21,2009,2,死亡,総数,2248
平成21,2009,2,死亡,男,1253
平成21,2009,2,死亡,女,995
平成21,2009,2,人口増減率,,-0.00282
平成21,2009,2,社会増減率,,-0.00668
平成21,2009,2,自然増減率,,0.00386
平成21,2009,3,世帯数増減,,7423
平成21,2009,3,人口増減,総数,4581
平成21,2009,3,人口増減,男,1963
平成21,2009,3,人口増減,女,2618
平成21,2009,3,社会増減,総数,4094
平成21,2009,3,社会増減,男,1817
平成21,2009,3,社会増減,女,2277
平成21,2009,3,市外移動_転入,総数,30209
平成21,2009,3,市外移動_転入,男,16501
平成21,2009,3,市外移動_転入,女,13708
平成21,2009,3,市外移動_転出,総数,26229
平成21,2009,3,市外移動_転出,男,14715
平成21,2009,3,市外移動_転出,女,11514
平成21,2009,3,市内移動_転入,総数,9751
平成21,2009,3,市内移動_転入,男,5064
平成21,2009,3,市内移動_転入,女,4687
平成21,2009,3,市内移動_転出,総数,9741
平成21,2009,3,市内移動_転出,男,5057
平成21,2009,3,市内移動_転出,女,4684
平成21,2009,3,その他増減,総数,104
平成21,2009,3,その他増減,男,24
平成21,2009,3,その他増減,女,80
平成21,2009,3,自然増減,総数,487
平成21,2009,3,自然増減,男,146
平成21,2009,3,自然増減,女,341
平成21,2009,3,出生,総数,2674
平成21,2009,3,出生,男,1336
平成21,2009,3,出生,女,1338
平成21,2009,3,死亡,総数,2187
平成21,2009,3,死亡,男,1190
平成21,2009,3,死亡,女,997
平成21,2009,3,人口増減率,,0.12535
平成21,2009,3,社会増減率,,0.11203
平成21,2009,3,自然増減率,,0.01333
平成21,2009,4,世帯数増減,,7082
平成21,2009,4,人口増減,総数,8408
平成21,2009,4,人口増減,男,4608
平成21,2009,4,人口増減,女,3800
平成21,2009,4,社会増減,総数,7906
平成21,2009,4,社会増減,男,4523
平成21,2009,4,社会増減,女,3383
平成21,2009,4,市外移動_転入,総数,22373
平成21,2009,4,市外移動_転入,男,12736
平成21,2009,4,市外移動_転入,女,9637
平成21,2009,4,市外移動_転出,総数,14645
平成21,2009,4,市外移動_転出,男,8316
平成21,2009,4,市外移動_転出,女,6329
平成21,2009,4,市内移動_転入,総数,7870
平成21,2009,4,市内移動_転入,男,4105
平成21,2009,4,市内移動_転入,女,3765
平成21,2009,4,市内移動_転出,総数,7859
平成21,2009,4,市内移動_転出,男,4095
平成21,2009,4,市内移動_転出,女,3764
平成21,2009,4,その他増減,総数,167
平成21,2009,4,その他増減,男,93
平成21,2009,4,その他増減,女,74
平成21,2009,4,自然増減,総数,502
平成21,2009,4,自然増減,男,85
平成21,2009,4,自然増減,女,417
平成21,2009,4,出生,総数,2630
平成21,2009,4,出生,男,1332
平成21,2009,4,出生,女,1298
平成21,2009,4,死亡,総数,2128
平成21,2009,4,死亡,男,1247
平成21,2009,4,死亡,女,881
平成21,2009,4,人口増減率,,0.22979
平成21,2009,4,社会増減率,,0.21607
平成21,2009,4,自然増減率,,0.01372
平成21,2009,5,世帯数増減,,1176
平成21,2009,5,人口増減,総数,1521
平成21,2009,5,人口増減,男,571
平成21,2009,5,人口増減,女,950
平成21,2009,5,社会増減,総数,959
平成21,2009,5,社会増減,男,347
平成21,2009,5,社会増減,女,612
平成21,2009,5,市外移動_転入,総数,9936
平成21,2009,5,市外移動_転入,男,5409
平成21,2009,5,市外移動_転入,女,4527
平成21,2009,5,市外移動_転出,総数,9080
平成21,2009,5,市外移動_転出,男,5132
平成21,2009,5,市外移動_転出,女,3948
平成21,2009,5,市内移動_転入,総数,5863
平成21,2009,5,市内移動_転入,男,3127
平成21,2009,5,市内移動_転入,女,2736
平成21,2009,5,市内移動_転出,総数,5853
平成21,2009,5,市内移動_転出,男,3117
平成21,2009,5,市内移動_転出,女,2736
平成21,2009,5,その他増減,総数,93
平成21,2009,5,その他増減,男,60
平成21,2009,5,その他増減,女,33
平成21,2009,5,自然増減,総数,562
平成21,2009,5,自然増減,男,224
平成21,2009,5,自然増減,女,338
平成21,2009,5,出生,総数,2514
平成21,2009,5,出生,男,1283
平成21,2009,5,出生,女,1231
平成21,2009,5,死亡,総数,1952
平成21,2009,5,死亡,男,1059
平成21,2009,5,死亡,女,893
平成21,2009,5,人口増減率,,0.04147
平成21,2009,5,社会増減率,,0.02615
平成21,2009,5,自然増減率,,0.01532
平成21,2009,6,世帯数増減,,1294
平成21,2009,6,人口増減,総数,1472
平成21,2009,6,人口増減,男,678
平成21,2009,6,人口増減,女,794
平成21,2009,6,社会増減,総数,672
平成21,2009,6,社会増減,男,385
平成21,2009,6,社会増減,女,287
平成21,2009,6,市外移動_転入,総数,10952
平成21,2009,6,市外移動_転入,男,6081
平成21,2009,6,市外移動_転入,女,4871
平成21,2009,6,市外移動_転出,総数,10363
平成21,2009,6,市外移動_転出,男,5755
平成21,2009,6,市外移動_転出,女,4608
平成21,2009,6,市内移動_転入,総数,5944
平成21,2009,6,市内移動_転入,男,3102
平成21,2009,6,市内移動_転入,女,2842
平成21,2009,6,市内移動_転出,総数,5925
平成21,2009,6,市内移動_転出,男,3085
平成21,2009,6,市内移動_転出,女,2840
平成21,2009,6,その他増減,総数,64
平成21,2009,6,その他増減,男,42
平成21,2009,6,その他増減,女,22
平成21,2009,6,自然増減,総数,800
平成21,2009,6,自然増減,男,293
平成21,2009,6,自然増減,女,507
平成21,2009,6,出生,総数,2829
平成21,2009,6,出生,男,1441
平成21,2009,6,出生,女,1388
平成21,2009,6,死亡,総数,2029
平成21,2009,6,死亡,男,1148
平成21,2009,6,死亡,女,881
平成21,2009,6,人口増減率,,0.04012
平成21,2009,6,社会増減率,,0.01832
平成21,2009,6,自然増減率,,0.0218
平成21,2009,7,世帯数増減,,206
平成21,2009,7,人口増減,総数,258
平成21,2009,7,人口増減,男,-74
平成21,2009,7,人口増減,女,332
平成21,2009,7,社会増減,総数,-562
平成21,2009,7,社会増減,男,-383
平成21,2009,7,社会増減,女,-179
平成21,2009,7,市外移動_転入,総数,10749
平成21,2009,7,市外移動_転入,男,5835
平成21,2009,7,市外移動_転入,女,4914
平成21,2009,7,市外移動_転出,総数,11424
平成21,2009,7,市外移動_転出,男,6283
平成21,2009,7,市外移動_転出,女,5141
平成21,2009,7,市内移動_転入,総数,5832
平成21,2009,7,市内移動_転入,男,3027
平成21,2009,7,市内移動_転入,女,2805
平成21,2009,7,市内移動_転出,総数,5824
平成21,2009,7,市内移動_転出,男,3020
平成21,2009,7,市内移動_転出,女,2804
平成21,2009,7,その他増減,総数,105
平成21,2009,7,その他増減,男,58
平成21,2009,7,その他増減,女,47
平成21,2009,7,自然増減,総数,820
平成21,2009,7,自然増減,男,309
平成21,2009,7,自然増減,女,511
平成21,2009,7,出生,総数,2852
平成21,2009,7,出生,男,1438
平成21,2009,7,出生,女,1414
平成21,2009,7,死亡,総数,2032
平成21,2009,7,死亡,男,1129
平成21,2009,7,死亡,女,903
平成21,2009,7,人口増減率,,0.00703
平成21,2009,7,社会増減率,,-0.01531
平成21,2009,7,自然増減率,,0.02234
平成21,2009,8,世帯数増減,,533
平成21,2009,8,人口増減,総数,942
平成21,2009,8,人口増減,男,267
平成21,2009,8,人口増減,女,675
平成21,2009,8,社会増減,総数,353
平成21,2009,8,社会増減,男,115
平成21,2009,8,社会増減,女,238
平成21,2009,8,市外移動_転入,総数,10515
平成21,2009,8,市外移動_転入,男,5711
平成21,2009,8,市外移動_転入,女,4804
平成21,2009,8,市外移動_転出,総数,10244
平成21,2009,8,市外移動_転出,男,5638
平成21,2009,8,市外移動_転出,女,4606
平成21,2009,8,市内移動_転入,総数,5594
平成21,2009,8,市内移動_転入,男,2847
平成21,2009,8,市内移動_転入,女,2747
平成21,2009,8,市内移動_転出,総数,5586
平成21,2009,8,市内移動_転出,男,2840
平成21,2009,8,市内移動_転出,女,2746
平成21,2009,8,その他増減,総数,74
平成21,2009,8,その他増減,男,35
平成21,2009,8,その他増減,女,39
平成21,2009,8,自然増減,総数,589
平成21,2009,8,自然増減,男,152
平成21,2009,8,自然増減,女,437
平成21,2009,8,出生,総数,2705
平成21,2009,8,出生,男,1366
平成21,2009,8,出生,女,1339
平成21,2009,8,死亡,総数,2116
平成21,2009,8,死亡,男,1214
平成21,2009,8,死亡,女,902
平成21,2009,8,人口増減率,,0.02566
平成21,2009,8,社会増減率,,0.00962
平成21,2009,8,自然増減率,,0.01605
平成21,2009,9,世帯数増減,,328
平成21,2009,9,人口増減,総数,165
平成21,2009,9,人口増減,男,-263
平成21,2009,9,人口増減,女,428
平成21,2009,9,社会増減,総数,-768
平成21,2009,9,社会増減,男,-669
平成21,2009,9,社会増減,女,-99
平成21,2009,9,市外移動_転入,総数,10387
平成21,2009,9,市外移動_転入,男,5549
平成21,2009,9,市外移動_転入,女,4838
平成21,2009,9,市外移動_転出,総数,11219
平成21,2009,9,市外移動_転出,男,6248
平成21,2009,9,市外移動_転出,女,4971
平成21,2009,9,市内移動_転入,総数,6133
平成21,2009,9,市内移動_転入,男,3184
平成21,2009,9,市内移動_転入,女,2949
平成21,2009,9,市内移動_転出,総数,6127
平成21,2009,9,市内移動_転出,男,3180
平成21,2009,9,市内移動_転出,女,2947
平成21,2009,9,その他増減,総数,58
平成21,2009,9,その他増減,男,26
平成21,2009,9,その他増減,女,32
平成21,2009,9,自然増減,総数,933
平成21,2009,9,自然増減,男,406
平成21,2009,9,自然増減,女,527
平成21,2009,9,出生,総数,2860
平成21,2009,9,出生,男,1460
平成21,2009,9,出生,女,1400
平成21,2009,9,死亡,総数,1927
平成21,2009,9,死亡,男,1054
平成21,2009,9,死亡,女,873
平成21,2009,9,人口増減率,,0.00449
平成21,2009,9,社会増減率,,-0.02092
平成21,2009,9,自然増減率,,0.02541
平成21,2009,10,世帯数増減,,1374
平成21,2009,10,人口増減,総数,1318
平成21,2009,10,人口増減,男,478
平成21,2009,10,人口増減,女,840
平成21,2009,10,社会増減,総数,572
平成21,2009,10,社会増減,男,218
平成21,2009,10,社会増減,女,354
平成21,2009,10,市外移動_転入,総数,11003
平成21,2009,10,市外移動_転入,男,5890
平成21,2009,10,市外移動_転入,女,5113
平成21,2009,10,市外移動_転出,総数,10524
平成21,2009,10,市外移動_転出,男,5722
平成21,2009,10,市外移動_転出,女,4802
平成21,2009,10,市内移動_転入,総数,6394
平成21,2009,10,市内移動_転入,男,3348
平成21,2009,10,市内移動_転入,女,3046
平成21,2009,10,市内移動_転出,総数,6385
平成21,2009,10,市内移動_転出,男,3340
平成21,2009,10,市内移動_転出,女,3045
平成21,2009,10,その他増減,総数,84
平成21,2009,10,その他増減,男,42
平成21,2009,10,その他増減,女,42
平成21,2009,10,自然増減,総数,746
平成21,2009,10,自然増減,男,260
平成21,2009,10,自然増減,女,486
平成21,2009,10,出生,総数,2798
平成21,2009,10,出生,男,1421
平成21,2009,10,出生,女,1377
平成21,2009,10,死亡,総数,2052
平成21,2009,10,死亡,男,1161
平成21,2009,10,死亡,女,891
平成21,2009,10,人口増減率,,0.0359
平成21,2009,10,社会増減率,,0.01558
平成21,2009,10,自然増減率,,0.02032
平成21,2009,11,世帯数増減,,-136
平成21,2009,11,人口増減,総数,229
平成21,2009,11,人口増減,男,-157
平成21,2009,11,人口増減,女,386
平成21,2009,11,社会増減,総数,-375
平成21,2009,11,社会増減,男,-350
平成21,2009,11,社会増減,女,-25
平成21,2009,11,市外移動_転入,総数,8930
平成21,2009,11,市外移動_転入,男,4736
平成21,2009,11,市外移動_転入,女,4194
平成21,2009,11,市外移動_転出,総数,9278
平成21,2009,11,市外移動_転出,男,5052
平成21,2009,11,市外移動_転出,女,4226
平成21,2009,11,市内移動_転入,総数,5995
平成21,2009,11,市内移動_転入,男,3091
平成21,2009,11,市内移動_転入,女,2904
平成21,2009,11,市内移動_転出,総数,5985
平成21,2009,11,市内移動_転出,男,3082
平成21,2009,11,市内移動_転出,女,2903
平成21,2009,11,その他増減,総数,-37
平成21,2009,11,その他増減,男,-43
平成21,2009,11,その他増減,女,6
平成21,2009,11,自然増減,総数,604
平成21,2009,11,自然増減,男,193
平成21,2009,11,自然増減,女,411
平成21,2009,11,出生,総数,2764
平成21,2009,11,出生,男,1393
平成21,2009,11,出生,女,1371
平成21,2009,11,死亡,総数,2160
平成21,2009,11,死亡,男,1200
平成21,2009,11,死亡,女,960
平成21,2009,11,人口増減率,,0.00623
平成21,2009,11,社会増減率,,-0.01021
平成21,2009,11,自然増減率,,0.01644
平成21,2009,12,世帯数増減,,-421
平成21,2009,12,人口増減,総数,-534
平成21,2009,12,人口増減,男,-460
平成21,2009,12,人口増減,女,-74
平成21,2009,12,社会増減,総数,-985
平成21,2009,12,社会増減,男,-631
平成21,2009,12,社会増減,女,-354
平成21,2009,12,市外移動_転入,総数,9008
平成21,2009,12,市外移動_転入,男,4834
平成21,2009,12,市外移動_転入,女,4174
平成21,2009,12,市外移動_転出,総数,10040
平成21,2009,12,市外移動_転出,男,5463
平成21,2009,12,市外移動_転出,女,4577
平成21,2009,12,市内移動_転入,総数,6163
平成21,2009,12,市内移動_転入,男,3154
平成21,2009,12,市内移動_転入,女,3009
平成21,2009,12,市内移動_転出,総数,6157
平成21,2009,12,市内移動_転出,男,3152
平成21,2009,12,市内移動_転出,女,3005
平成21,2009,12,その他増減,総数,41
平成21,2009,12,その他増減,男,-4
平成21,2009,12,その他増減,女,45
平成21,2009,12,自然増減,総数,451
平成21,2009,12,自然増減,男,171
平成21,2009,12,自然増減,女,280
平成21,2009,12,出生,総数,2723
平成21,2009,12,出生,男,1436
平成21,2009,12,出生,女,1287
平成21,2009,12,死亡,総数,2272
平成21,2009,12,死亡,男,1265
平成21,2009,12,死亡,女,1007
平成21,2009,12,人口増減率,,-0.01454
平成21,2009,12,社会増減率,,-0.02681
平成21,2009,12,自然増減率,,0.01228
平成22,2010,1,世帯数増減,,-544
平成22,2010,1,人口増減,総数,-551
平成22,2010,1,人口増減,男,-486
平成22,2010,1,人口増減,女,-65
平成22,2010,1,社会増減,総数,-782
平成22,2010,1,社会増減,男,-470
平成22,2010,1,社会増減,女,-312
平成22,2010,1,市外移動_転入,総数,8279
平成22,2010,1,市外移動_転入,男,4472
平成22,2010,1,市外移動_転入,女,3807
平成22,2010,1,市外移動_転出,総数,9088
平成22,2010,1,市外移動_転出,男,4937
平成22,2010,1,市外移動_転出,女,4151
平成22,2010,1,市内移動_転入,総数,5008
平成22,2010,1,市内移動_転入,男,2594
平成22,2010,1,市内移動_転入,女,2414
平成22,2010,1,市内移動_転出,総数,4996
平成22,2010,1,市内移動_転出,男,2584
平成22,2010,1,市内移動_転出,女,2412
平成22,2010,1,その他増減,総数,15
平成22,2010,1,その他増減,男,-15
平成22,2010,1,その他増減,女,30
平成22,2010,1,自然増減,総数,231
平成22,2010,1,自然増減,男,-16
平成22,2010,1,自然増減,女,247
平成22,2010,1,出生,総数,2828
平成22,2010,1,出生,男,1446
平成22,2010,1,出生,女,1382
平成22,2010,1,死亡,総数,2597
平成22,2010,1,死亡,男,1462
平成22,2010,1,死亡,女,1135
平成22,2010,1,人口増減率,,-0.015
平成22,2010,1,社会増減率,,-0.02129
平成22,2010,1,自然増減率,,0.00629
平成22,2010,2,世帯数増減,,-383
平成22,2010,2,人口増減,総数,-852
平成22,2010,2,人口増減,男,-658
平成22,2010,2,人口増減,女,-194
平成22,2010,2,社会増減,総数,-1217
平成22,2010,2,社会増減,男,-761
平成22,2010,2,社会増減,女,-456
平成22,2010,2,市外移動_転入,総数,9275
平成22,2010,2,市外移動_転入,男,5012
平成22,2010,2,市外移動_転入,女,4263
平成22,2010,2,市外移動_転出,総数,10571
平成22,2010,2,市外移動_転出,男,5805
平成22,2010,2,市外移動_転出,女,4766
平成22,2010,2,市内移動_転入,総数,5801
平成22,2010,2,市内移動_転入,男,3023
平成22,2010,2,市内移動_転入,女,2778
平成22,2010,2,市内移動_転出,総数,5795
平成22,2010,2,市内移動_転出,男,3020
平成22,2010,2,市内移動_転出,女,2775
平成22,2010,2,その他増減,総数,73
平成22,2010,2,その他増減,男,29
平成22,2010,2,その他増減,女,44
平成22,2010,2,自然増減,総数,365
平成22,2010,2,自然増減,男,103
平成22,2010,2,自然増減,女,262
平成22,2010,2,出生,総数,2567
平成22,2010,2,出生,男,1306
平成22,2010,2,出生,女,1261
平成22,2010,2,死亡,総数,2202
平成22,2010,2,死亡,男,1203
平成22,2010,2,死亡,女,999
平成22,2010,2,人口増減率,,-0.0232
平成22,2010,2,社会増減率,,-0.03314
平成22,2010,2,自然増減率,,0.00994
平成22,2010,3,世帯数増減,,4680
平成22,2010,3,人口増減,総数,1599
平成22,2010,3,人口増減,男,328
平成22,2010,3,人口増減,女,1271
平成22,2010,3,社会増減,総数,1356
平成22,2010,3,社会増減,男,257
平成22,2010,3,社会増減,女,1099
平成22,2010,3,市外移動_転入,総数,28768
平成22,2010,3,市外移動_転入,男,15295
平成22,2010,3,市外移動_転入,女,13473
平成22,2010,3,市外移動_転出,総数,27578
平成22,2010,3,市外移動_転出,男,15125
平成22,2010,3,市外移動_転出,女,12453
平成22,2010,3,市内移動_転入,総数,9687
平成22,2010,3,市内移動_転入,男,4953
平成22,2010,3,市内移動_転入,女,4734
平成22,2010,3,市内移動_転出,総数,9680
平成22,2010,3,市内移動_転出,男,4947
平成22,2010,3,市内移動_転出,女,4733
平成22,2010,3,その他増減,総数,159
平成22,2010,3,その他増減,男,81
平成22,2010,3,その他増減,女,78
平成22,2010,3,自然増減,総数,243
平成22,2010,3,自然増減,男,71
平成22,2010,3,自然増減,女,172
平成22,2010,3,出生,総数,2735
平成22,2010,3,出生,男,1426
平成22,2010,3,出生,女,1309
平成22,2010,3,死亡,総数,2492
平成22,2010,3,死亡,男,1355
平成22,2010,3,死亡,女,1137
平成22,2010,3,人口増減率,,0.04355
平成22,2010,3,社会増減率,,0.03693
平成22,2010,3,自然増減率,,0.00662
平成22,2010,4,世帯数増減,,5636
平成22,2010,4,人口増減,総数,6503
平成22,2010,4,人口増減,男,3585
平成22,2010,4,人口増減,女,2918
平成22,2010,4,社会増減,総数,6108
平成22,2010,4,社会増減,男,3545
平成22,2010,4,社会増減,女,2563
平成22,2010,4,市外移動_転入,総数,20435
平成22,2010,4,市外移動_転入,男,11565
平成22,2010,4,市外移動_転入,女,8870
平成22,2010,4,市外移動_転出,総数,14462
平成22,2010,4,市外移動_転出,男,8085
平成22,2010,4,市外移動_転出,女,6377
平成22,2010,4,市内移動_転入,総数,7630
平成22,2010,4,市内移動_転入,男,4002
平成22,2010,4,市内移動_転入,女,3628
平成22,2010,4,市内移動_転出,総数,7624
平成22,2010,4,市内移動_転出,男,3997
平成22,2010,4,市内移動_転出,女,3627
平成22,2010,4,その他増減,総数,129
平成22,2010,4,その他増減,男,60
平成22,2010,4,その他増減,女,69
平成22,2010,4,自然増減,総数,395
平成22,2010,4,自然増減,男,40
平成22,2010,4,自然増減,女,355
平成22,2010,4,出生,総数,2635
平成22,2010,4,出生,男,1336
平成22,2010,4,出生,女,1299
平成22,2010,4,死亡,総数,2240
平成22,2010,4,死亡,男,1296
平成22,2010,4,死亡,女,944
平成22,2010,4,人口増減率,,0.17705
平成22,2010,4,社会増減率,,0.1663
平成22,2010,4,自然増減率,,0.01075
平成22,2010,5,世帯数増減,,938
平成22,2010,5,人口増減,総数,779
平成22,2010,5,人口増減,男,16
平成22,2010,5,人口増減,女,763
平成22,2010,5,社会増減,総数,484
平成22,2010,5,社会増減,男,-7
平成22,2010,5,社会増減,女,491
平成22,2010,5,市外移動_転入,総数,9746
平成22,2010,5,市外移動_転入,男,5239
平成22,2010,5,市外移動_転入,女,4507
平成22,2010,5,市外移動_転出,総数,9350
平成22,2010,5,市外移動_転出,男,5306
平成22,2010,5,市外移動_転出,女,4044
平成22,2010,5,市内移動_転入,総数,5536
平成22,2010,5,市内移動_転入,男,2807
平成22,2010,5,市内移動_転入,女,2729
平成22,2010,5,市内移動_転出,総数,5526
平成22,2010,5,市内移動_転出,男,2800
平成22,2010,5,市内移動_転出,女,2726
平成22,2010,5,その他増減,総数,78
平成22,2010,5,その他増減,男,53
平成22,2010,5,その他増減,女,25
平成22,2010,5,自然増減,総数,295
平成22,2010,5,自然増減,男,23
平成22,2010,5,自然増減,女,272
平成22,2010,5,出生,総数,2504
平成22,2010,5,出生,男,1277
平成22,2010,5,出生,女,1227
平成22,2010,5,死亡,総数,2209
平成22,2010,5,死亡,男,1254
平成22,2010,5,死亡,女,955
平成22,2010,5,人口増減率,,0.02117
平成22,2010,5,社会増減率,,0.01315
平成22,2010,5,自然増減率,,0.00802
平成22,2010,6,世帯数増減,,364
平成22,2010,6,人口増減,総数,148
平成22,2010,6,人口増減,男,-254
平成22,2010,6,人口増減,女,402
平成22,2010,6,社会増減,総数,-384
平成22,2010,6,社会増減,男,-382
平成22,2010,6,社会増減,女,-2
平成22,2010,6,市外移動_転入,総数,9859
平成22,2010,6,市外移動_転入,男,5283
平成22,2010,6,市外移動_転入,女,4576
平成22,2010,6,市外移動_転出,総数,10345
平成22,2010,6,市外移動_転出,男,5719
平成22,2010,6,市外移動_転出,女,4626
平成22,2010,6,市内移動_転入,総数,5867
平成22,2010,6,市内移動_転入,男,3012
平成22,2010,6,市内移動_転入,女,2855
平成22,2010,6,市内移動_転出,総数,5864
平成22,2010,6,市内移動_転出,男,3010
平成22,2010,6,市内移動_転出,女,2854
平成22,2010,6,その他増減,総数,99
平成22,2010,6,その他増減,男,52
平成22,2010,6,その他増減,女,47
平成22,2010,6,自然増減,総数,532
平成22,2010,6,自然増減,男,128
平成22,2010,6,自然増減,女,404
平成22,2010,6,出生,総数,2715
平成22,2010,6,出生,男,1352
平成22,2010,6,出生,女,1363
平成22,2010,6,死亡,総数,2183
平成22,2010,6,死亡,男,1224
平成22,2010,6,死亡,女,959
平成22,2010,6,人口増減率,,0.00402
平成22,2010,6,社会増減率,,-0.01043
平成22,2010,6,自然増減率,,0.01446
平成22,2010,7,世帯数増減,,377
平成22,2010,7,人口増減,総数,88
平成22,2010,7,人口増減,男,-305
平成22,2010,7,人口増減,女,393
平成22,2010,7,社会増減,総数,-598
平成22,2010,7,社会増減,男,-543
平成22,2010,7,社会増減,女,-55
平成22,2010,7,市外移動_転入,総数,10226
平成22,2010,7,市外移動_転入,男,5434
平成22,2010,7,市外移動_転入,女,4792
平成22,2010,7,市外移動_転出,総数,10941
平成22,2010,7,市外移動_転出,男,6030
平成22,2010,7,市外移動_転出,女,4911
平成22,2010,7,市内移動_転入,総数,5960
平成22,2010,7,市内移動_転入,男,3034
平成22,2010,7,市内移動_転入,女,2926
平成22,2010,7,市内移動_転出,総数,5956
平成22,2010,7,市内移動_転出,男,3030
平成22,2010,7,市内移動_転出,女,2926
平成22,2010,7,その他増減,総数,113
平成22,2010,7,その他増減,男,49
平成22,2010,7,その他増減,女,64
平成22,2010,7,自然増減,総数,686
平成22,2010,7,自然増減,男,238
平成22,2010,7,自然増減,女,448
平成22,2010,7,出生,総数,2838
平成22,2010,7,出生,男,1463
平成22,2010,7,出生,女,1375
平成22,2010,7,死亡,総数,2152
平成22,2010,7,死亡,男,1225
平成22,2010,7,死亡,女,927
平成22,2010,7,人口増減率,,0.00239
平成22,2010,7,社会増減率,,-0.01625
平成22,2010,7,自然増減率,,0.01864
平成22,2010,8,世帯数増減,,405
平成22,2010,8,人口増減,総数,776
平成22,2010,8,人口増減,男,160
平成22,2010,8,人口増減,女,616
平成22,2010,8,社会増減,総数,153
平成22,2010,8,社会増減,男,-38
平成22,2010,8,社会増減,女,191
平成22,2010,8,市外移動_転入,総数,10916
平成22,2010,8,市外移動_転入,男,5815
平成22,2010,8,市外移動_転入,女,5101
平成22,2010,8,市外移動_転出,総数,10810
平成22,2010,8,市外移動_転出,男,5855
平成22,2010,8,市外移動_転出,女,4955
平成22,2010,8,市内移動_転入,総数,5847
平成22,2010,8,市内移動_転入,男,3056
平成22,2010,8,市内移動_転入,女,2791
平成22,2010,8,市内移動_転出,総数,5842
平成22,2010,8,市内移動_転出,男,3051
平成22,2010,8,市内移動_転出,女,2791
平成22,2010,8,その他増減,総数,42
平成22,2010,8,その他増減,男,-3
平成22,2010,8,その他増減,女,45
平成22,2010,8,自然増減,総数,623
平成22,2010,8,自然増減,男,198
平成22,2010,8,自然増減,女,425
平成22,2010,8,出生,総数,2918
平成22,2010,8,出生,男,1501
平成22,2010,8,出生,女,1417
平成22,2010,8,死亡,総数,2295
平成22,2010,8,死亡,男,1303
平成22,2010,8,死亡,女,992
平成22,2010,8,人口増減率,,0.02108
平成22,2010,8,社会増減率,,0.00416
平成22,2010,8,自然増減率,,0.01693
平成22,2010,9,世帯数増減,,354
平成22,2010,9,人口増減,総数,-350
平成22,2010,9,人口増減,男,-532
平成22,2010,9,人口増減,女,182
平成22,2010,9,社会増減,総数,-1010
平成22,2010,9,社会増減,男,-756
平成22,2010,9,社会増減,女,-254
平成22,2010,9,市外移動_転入,総数,9852
平成22,2010,9,市外移動_転入,男,5305
平成22,2010,9,市外移動_転入,女,4547
平成22,2010,9,市外移動_転出,総数,10913
平成22,2010,9,市外移動_転出,男,6088
平成22,2010,9,市外移動_転出,女,4825
平成22,2010,9,市内移動_転入,総数,5781
平成22,2010,9,市内移動_転入,男,3055
平成22,2010,9,市内移動_転入,女,2726
平成22,2010,9,市内移動_転出,総数,5775
平成22,2010,9,市内移動_転出,男,3052
平成22,2010,9,市内移動_転出,女,2723
平成22,2010,9,その他増減,総数,45
平成22,2010,9,その他増減,男,24
平成22,2010,9,その他増減,女,21
平成22,2010,9,自然増減,総数,660
平成22,2010,9,自然増減,男,224
平成22,2010,9,自然増減,女,436
平成22,2010,9,出生,総数,2818
平成22,2010,9,出生,男,1405
平成22,2010,9,出生,女,1413
平成22,2010,9,死亡,総数,2158
平成22,2010,9,死亡,男,1181
平成22,2010,9,死亡,女,977
平成22,2010,9,人口増減率,,-0.00951
平成22,2010,9,社会増減率,,-0.02744
平成22,2010,9,自然増減率,,0.01793
平成22,2010,10,世帯数増減,,1010
平成22,2010,10,人口増減,総数,1157
平成22,2010,10,人口増減,男,301
平成22,2010,10,人口増減,女,856
平成22,2010,10,社会増減,総数,631
平成22,2010,10,社会増減,男,117
平成22,2010,10,社会増減,女,514
平成22,2010,10,市外移動_転入,総数,10402
平成22,2010,10,市外移動_転入,男,5501
平成22,2010,10,市外移動_転入,女,4901
平成22,2010,10,市外移動_転出,総数,9830
平成22,2010,10,市外移動_転出,男,5412
平成22,2010,10,市外移動_転出,女,4418
平成22,2010,10,市内移動_転入,総数,5809
平成22,2010,10,市内移動_転入,男,3050
平成22,2010,10,市内移動_転入,女,2759
平成22,2010,10,市内移動_転出,総数,5798
平成22,2010,10,市内移動_転出,男,3043
平成22,2010,10,市内移動_転出,女,2755
平成22,2010,10,その他増減,総数,48
平成22,2010,10,その他増減,男,21
平成22,2010,10,その他増減,女,27
平成22,2010,10,自然増減,総数,526
平成22,2010,10,自然増減,男,184
平成22,2010,10,自然増減,女,342
平成22,2010,10,出生,総数,2749
平成22,2010,10,出生,男,1428
平成22,2010,10,出生,女,1321
平成22,2010,10,死亡,総数,2223
平成22,2010,10,死亡,男,1244
平成22,2010,10,死亡,女,979
平成22,2010,10,人口増減率,,0.03137
平成22,2010,10,社会増減率,,0.01711
平成22,2010,10,自然増減率,,0.01426
平成22,2010,11,世帯数増減,,61
平成22,2010,11,人口増減,総数,-92
平成22,2010,11,人口増減,男,-247
平成22,2010,11,人口増減,女,155
平成22,2010,11,社会増減,総数,-424
平成22,2010,11,社会増減,男,-300
平成22,2010,11,社会増減,女,-124
平成22,2010,11,市外移動_転入,総数,9112
平成22,2010,11,市外移動_転入,男,4868
平成22,2010,11,市外移動_転入,女,4244
平成22,2010,11,市外移動_転出,総数,9578
平成22,2010,11,市外移動_転出,男,5177
平成22,2010,11,市外移動_転出,女,4401
平成22,2010,11,市内移動_転入,総数,5909
平成22,2010,11,市内移動_転入,男,3074
平成22,2010,11,市内移動_転入,女,2835
平成22,2010,11,市内移動_転出,総数,5897
平成22,2010,11,市内移動_転出,男,3066
平成22,2010,11,市内移動_転出,女,2831
平成22,2010,11,その他増減,総数,30
平成22,2010,11,その他増減,男,1
平成22,2010,11,その他増減,女,29
平成22,2010,11,自然増減,総数,332
平成22,2010,11,自然増減,男,53
平成22,2010,11,自然増減,女,279
平成22,2010,11,出生,総数,2887
平成22,2010,11,出生,男,1458
平成22,2010,11,出生,女,1429
平成22,2010,11,死亡,総数,2555
平成22,2010,11,死亡,男,1405
平成22,2010,11,死亡,女,1150
平成22,2010,11,人口増減率,,-0.00249
平成22,2010,11,社会増減率,,-0.01149
平成22,2010,11,自然増減率,,0.009
平成22,2010,12,世帯数増減,,-406
平成22,2010,12,人口増減,総数,-816
平成22,2010,12,人口増減,男,-812
平成22,2010,12,人口増減,女,-4
平成22,2010,12,社会増減,総数,-1102
平成22,2010,12,社会増減,男,-843
平成22,2010,12,社会増減,女,-259
平成22,2010,12,市外移動_転入,総数,8831
平成22,2010,12,市外移動_転入,男,4588
平成22,2010,12,市外移動_転入,女,4243
平成22,2010,12,市外移動_転出,総数,9994
平成22,2010,12,市外移動_転出,男,5450
平成22,2010,12,市外移動_転出,女,4544
平成22,2010,12,市内移動_転入,総数,5581
平成22,2010,12,市内移動_転入,男,2893
平成22,2010,12,市内移動_転入,女,2688
平成22,2010,12,市内移動_転出,総数,5575
平成22,2010,12,市内移動_転出,男,2887
平成22,2010,12,市内移動_転出,女,2688
平成22,2010,12,その他増減,総数,55
平成22,2010,12,その他増減,男,13
平成22,2010,12,その他増減,女,42
平成22,2010,12,自然増減,総数,286
平成22,2010,12,自然増減,男,31
平成22,2010,12,自然増減,女,255
平成22,2010,12,出生,総数,2553
平成22,2010,12,出生,男,1290
平成22,2010,12,出生,女,1263
平成22,2010,12,死亡,総数,2267
平成22,2010,12,死亡,男,1259
平成22,2010,12,死亡,女,1008
平成22,2010,12,人口増減率,,-0.02211
平成22,2010,12,社会増減率,,-0.02987
平成22,2010,12,自然増減率,,0.00775
平成23,2011,1,世帯数増減,,-486
平成23,2011,1,人口増減,総数,-1073
平成23,2011,1,人口増減,男,-874
平成23,2011,1,人口増減,女,-199
平成23,2011,1,社会増減,総数,-1024
平成23,2011,1,社会増減,男,-743
平成23,2011,1,社会増減,女,-281
平成23,2011,1,市外移動_転入,総数,8187
平成23,2011,1,市外移動_転入,男,4408
平成23,2011,1,市外移動_転入,女,3779
平成23,2011,1,市外移動_転出,総数,9184
平成23,2011,1,市外移動_転出,男,5110
平成23,2011,1,市外移動_転出,女,4074
平成23,2011,1,市内移動_転入,総数,4940
平成23,2011,1,市内移動_転入,男,2546
平成23,2011,1,市内移動_転入,女,2394
平成23,2011,1,市内移動_転出,総数,4936
平成23,2011,1,市内移動_転出,男,2542
平成23,2011,1,市内移動_転出,女,2394
平成23,2011,1,その他増減,総数,-31
平成23,2011,1,その他増減,男,-45
平成23,2011,1,その他増減,女,14
平成23,2011,1,自然増減,総数,-49
平成23,2011,1,自然増減,男,-131
平成23,2011,1,自然増減,女,82
平成23,2011,1,出生,総数,2820
平成23,2011,1,出生,男,1465
平成23,2011,1,出生,女,1355
平成23,2011,1,死亡,総数,2869
平成23,2011,1,死亡,男,1596
平成23,2011,1,死亡,女,1273
平成23,2011,1,人口増減率,,-0.02909
平成23,2011,1,社会増減率,,-0.02776
平成23,2011,1,自然増減率,,-0.00133
平成23,2011,2,世帯数増減,,-494
平成23,2011,2,人口増減,総数,-1397
平成23,2011,2,人口増減,男,-1025
平成23,2011,2,人口増減,女,-372
平成23,2011,2,社会増減,総数,-1494
平成23,2011,2,社会増減,男,-973
平成23,2011,2,社会増減,女,-521
平成23,2011,2,市外移動_転入,総数,8730
平成23,2011,2,市外移動_転入,男,4750
平成23,2011,2,市外移動_転入,女,3980
平成23,2011,2,市外移動_転出,総数,10101
平成23,2011,2,市外移動_転出,男,5601
平成23,2011,2,市外移動_転出,女,4500
平成23,2011,2,市内移動_転入,総数,5706
平成23,2011,2,市内移動_転入,男,2949
平成23,2011,2,市内移動_転入,女,2757
平成23,2011,2,市内移動_転出,総数,5699
平成23,2011,2,市内移動_転出,男,2945
平成23,2011,2,市内移動_転出,女,2754
平成23,2011,2,その他増減,総数,-130
平成23,2011,2,その他増減,男,-126
平成23,2011,2,その他増減,女,-4
平成23,2011,2,自然増減,総数,97
平成23,2011,2,自然増減,男,-52
平成23,2011,2,自然増減,女,149
平成23,2011,2,出生,総数,2436
平成23,2011,2,出生,男,1241
平成23,2011,2,出生,女,1195
平成23,2011,2,死亡,総数,2339
平成23,2011,2,死亡,男,1293
平成23,2011,2,死亡,女,1046
平成23,2011,2,人口増減率,,-0.03788
平成23,2011,2,社会増減率,,-0.04051
平成23,2011,2,自然増減率,,0.00263
平成23,2011,3,世帯数増減,,3957
平成23,2011,3,人口増減,総数,-71
平成23,2011,3,人口増減,男,-618
平成23,2011,3,人口増減,女,547
平成23,2011,3,社会増減,総数,-65
平成23,2011,3,社会増減,男,-535
平成23,2011,3,社会増減,女,470
平成23,2011,3,市外移動_転入,総数,25279
平成23,2011,3,市外移動_転入,男,13525
平成23,2011,3,市外移動_転入,女,11754
平成23,2011,3,市外移動_転出,総数,25352
平成23,2011,3,市外移動_転出,男,13955
平成23,2011,3,市外移動_転出,女,11397
平成23,2011,3,市内移動_転入,総数,9225
平成23,2011,3,市内移動_転入,男,4672
平成23,2011,3,市内移動_転入,女,4553
平成23,2011,3,市内移動_転出,総数,9216
平成23,2011,3,市内移動_転出,男,4664
平成23,2011,3,市内移動_転出,女,4552
平成23,2011,3,その他増減,総数,-1
平成23,2011,3,その他増減,男,-113
平成23,2011,3,その他増減,女,112
平成23,2011,3,自然増減,総数,-6
平成23,2011,3,自然増減,男,-83
平成23,2011,3,自然増減,女,77
平成23,2011,3,出生,総数,2566
平成23,2011,3,出生,男,1316
平成23,2011,3,出生,女,1250
平成23,2011,3,死亡,総数,2572
平成23,2011,3,死亡,男,1399
平成23,2011,3,死亡,女,1173
平成23,2011,3,人口増減率,,-0.00193
平成23,2011,3,社会増減率,,-0.00176
平成23,2011,3,自然増減率,,-0.00016
平成23,2011,4,世帯数増減,,5002
平成23,2011,4,人口増減,総数,5031
平成23,2011,4,人口増減,男,2800
平成23,2011,4,人口増減,女,2231
平成23,2011,4,社会増減,総数,4936
平成23,2011,4,社会増減,男,2830
平成23,2011,4,社会増減,女,2106
平成23,2011,4,市外移動_転入,総数,18507
平成23,2011,4,市外移動_転入,男,10284
平成23,2011,4,市外移動_転入,女,8223
平成23,2011,4,市外移動_転出,総数,13665
平成23,2011,4,市外移動_転出,男,7508
平成23,2011,4,市外移動_転出,女,6157
平成23,2011,4,市内移動_転入,総数,6587
平成23,2011,4,市内移動_転入,男,3458
平成23,2011,4,市内移動_転入,女,3129
平成23,2011,4,市内移動_転出,総数,6577
平成23,2011,4,市内移動_転出,男,3450
平成23,2011,4,市内移動_転出,女,3127
平成23,2011,4,その他増減,総数,84
平成23,2011,4,その他増減,男,46
平成23,2011,4,その他増減,女,38
平成23,2011,4,自然増減,総数,95
平成23,2011,4,自然増減,男,-30
平成23,2011,4,自然増減,女,125
平成23,2011,4,出生,総数,2369
平成23,2011,4,出生,男,1226
平成23,2011,4,出生,女,1143
平成23,2011,4,死亡,総数,2274
平成23,2011,4,死亡,男,1256
平成23,2011,4,死亡,女,1018
平成23,2011,4,人口増減率,,0.13647
平成23,2011,4,社会増減率,,0.13389
平成23,2011,4,自然増減率,,0.00258
平成23,2011,5,世帯数増減,,1321
平成23,2011,5,人口増減,総数,926
平成23,2011,5,人口増減,男,220
平成23,2011,5,人口増減,女,706
平成23,2011,5,社会増減,総数,647
平成23,2011,5,社会増減,男,155
平成23,2011,5,社会増減,女,492
平成23,2011,5,市外移動_転入,総数,11224
平成23,2011,5,市外移動_転入,男,6049
平成23,2011,5,市外移動_転入,女,5175
平成23,2011,5,市外移動_転出,総数,10654
平成23,2011,5,市外移動_転出,男,5913
平成23,2011,5,市外移動_転出,女,4741
平成23,2011,5,市内移動_転入,総数,5764
平成23,2011,5,市内移動_転入,男,2981
平成23,2011,5,市内移動_転入,女,2783
平成23,2011,5,市内移動_転出,総数,5760
平成23,2011,5,市内移動_転出,男,2977
平成23,2011,5,市内移動_転出,女,2783
平成23,2011,5,その他増減,総数,73
平成23,2011,5,その他増減,男,15
平成23,2011,5,その他増減,女,58
平成23,2011,5,自然増減,総数,279
平成23,2011,5,自然増減,男,65
平成23,2011,5,自然増減,女,214
平成23,2011,5,出生,総数,2720
平成23,2011,5,出生,男,1398
平成23,2011,5,出生,女,1322
平成23,2011,5,死亡,総数,2441
平成23,2011,5,死亡,男,1333
平成23,2011,5,死亡,女,1108
平成23,2011,5,人口増減率,,0.02508
平成23,2011,5,社会増減率,,0.01753
平成23,2011,5,自然増減率,,0.00756
平成23,2011,6,世帯数増減,,315
平成23,2011,6,人口増減,総数,-459
平成23,2011,6,人口増減,男,-465
平成23,2011,6,人口増減,女,6
平成23,2011,6,社会増減,総数,-860
平成23,2011,6,社会増減,男,-613
平成23,2011,6,社会増減,女,-247
平成23,2011,6,市外移動_転入,総数,9219
平成23,2011,6,市外移動_転入,男,5003
平成23,2011,6,市外移動_転入,女,4216
平成23,2011,6,市外移動_転出,総数,10157
平成23,2011,6,市外移動_転出,男,5653
平成23,2011,6,市外移動_転出,女,4504
平成23,2011,6,市内移動_転入,総数,5513
平成23,2011,6,市内移動_転入,男,2880
平成23,2011,6,市内移動_転入,女,2633
平成23,2011,6,市内移動_転出,総数,5506
平成23,2011,6,市内移動_転出,男,2874
平成23,2011,6,市内移動_転出,女,2632
平成23,2011,6,その他増減,総数,71
平成23,2011,6,その他増減,男,31
平成23,2011,6,その他増減,女,40
平成23,2011,6,自然増減,総数,401
平成23,2011,6,自然増減,男,148
平成23,2011,6,自然増減,女,253
平成23,2011,6,出生,総数,2659
平成23,2011,6,出生,男,1391
平成23,2011,6,出生,女,1268
平成23,2011,6,死亡,総数,2258
平成23,2011,6,死亡,男,1243
平成23,2011,6,死亡,女,1015
平成23,2011,6,人口増減率,,-0.01243
平成23,2011,6,社会増減率,,-0.02329
平成23,2011,6,自然増減率,,0.01086
平成23,2011,7,世帯数増減,,208
平成23,2011,7,人口増減,総数,-221
平成23,2011,7,人口増減,男,-361
平成23,2011,7,人口増減,女,140
平成23,2011,7,社会増減,総数,-602
平成23,2011,7,社会増減,男,-481
平成23,2011,7,社会増減,女,-121
平成23,2011,7,市外移動_転入,総数,9753
平成23,2011,7,市外移動_転入,男,5214
平成23,2011,7,市外移動_転入,女,4539
平成23,2011,7,市外移動_転出,総数,10365
平成23,2011,7,市外移動_転出,男,5691
平成23,2011,7,市外移動_転出,女,4674
平成23,2011,7,市内移動_転入,総数,5447
平成23,2011,7,市内移動_転入,男,2819
平成23,2011,7,市内移動_転入,女,2628
平成23,2011,7,市内移動_転出,総数,5437
平成23,2011,7,市内移動_転出,男,2811
平成23,2011,7,市内移動_転出,女,2626
平成23,2011,7,その他増減,総数,0
平成23,2011,7,その他増減,男,-12
平成23,2011,7,その他増減,女,12
平成23,2011,7,自然増減,総数,381
平成23,2011,7,自然増減,男,120
平成23,2011,7,自然増減,女,261
平成23,2011,7,出生,総数,2474
平成23,2011,7,出生,男,1257
平成23,2011,7,出生,女,1217
平成23,2011,7,死亡,総数,2093
平成23,2011,7,死亡,男,1137
平成23,2011,7,死亡,女,956
平成23,2011,7,人口増減率,,-0.00599
平成23,2011,7,社会増減率,,-0.01631
平成23,2011,7,自然増減率,,0.01032
平成23,2011,8,世帯数増減,,488
平成23,2011,8,人口増減,総数,612
平成23,2011,8,人口増減,男,151
平成23,2011,8,人口増減,女,461
平成23,2011,8,社会増減,総数,241
平成23,2011,8,社会増減,男,22
平成23,2011,8,社会増減,女,219
平成23,2011,8,市外移動_転入,総数,10700
平成23,2011,8,市外移動_転入,男,5720
平成23,2011,8,市外移動_転入,女,4980
平成23,2011,8,市外移動_転出,総数,10534
平成23,2011,8,市外移動_転出,男,5743
平成23,2011,8,市外移動_転出,女,4791
平成23,2011,8,市内移動_転入,総数,5802
平成23,2011,8,市内移動_転入,男,2990
平成23,2011,8,市内移動_転入,女,2812
平成23,2011,8,市内移動_転出,総数,5799
平成23,2011,8,市内移動_転出,男,2989
平成23,2011,8,市内移動_転出,女,2810
平成23,2011,8,その他増減,総数,72
平成23,2011,8,その他増減,男,44
平成23,2011,8,その他増減,女,28
平成23,2011,8,自然増減,総数,371
平成23,2011,8,自然増減,男,129
平成23,2011,8,自然増減,女,242
平成23,2011,8,出生,総数,2800
平成23,2011,8,出生,男,1441
平成23,2011,8,出生,女,1359
平成23,2011,8,死亡,総数,2429
平成23,2011,8,死亡,男,1312
平成23,2011,8,死亡,女,1117
平成23,2011,8,人口増減率,,0.01658
平成23,2011,8,社会増減率,,0.00653
平成23,2011,8,自然増減率,,0.01005
平成23,2011,9,世帯数増減,,6
平成23,2011,9,人口増減,総数,-677
平成23,2011,9,人口増減,男,-679
平成23,2011,9,人口増減,女,2
平成23,2011,9,社会増減,総数,-1231
平成23,2011,9,社会増減,男,-894
平成23,2011,9,社会増減,女,-337
平成23,2011,9,市外移動_転入,総数,9300
平成23,2011,9,市外移動_転入,男,4931
平成23,2011,9,市外移動_転入,女,4369
平成23,2011,9,市外移動_転出,総数,10588
平成23,2011,9,市外移動_転出,男,5854
平成23,2011,9,市外移動_転出,女,4734
平成23,2011,9,市内移動_転入,総数,5079
平成23,2011,9,市内移動_転入,男,2649
平成23,2011,9,市内移動_転入,女,2430
平成23,2011,9,市内移動_転出,総数,5067
平成23,2011,9,市内移動_転出,男,2640
平成23,2011,9,市内移動_転出,女,2427
平成23,2011,9,その他増減,総数,45
平成23,2011,9,その他増減,男,20
平成23,2011,9,その他増減,女,25
平成23,2011,9,自然増減,総数,554
平成23,2011,9,自然増減,男,215
平成23,2011,9,自然増減,女,339
平成23,2011,9,出生,総数,2691
平成23,2011,9,出生,男,1416
平成23,2011,9,出生,女,1275
平成23,2011,9,死亡,総数,2137
平成23,2011,9,死亡,男,1201
平成23,2011,9,死亡,女,936
平成23,2011,9,人口増減率,,-0.01834
平成23,2011,9,社会増減率,,-0.03334
平成23,2011,9,自然増減率,,0.015
平成23,2011,10,世帯数増減,,621
平成23,2011,10,人口増減,総数,602
平成23,2011,10,人口増減,男,165
平成23,2011,10,人口増減,女,437
平成23,2011,10,社会増減,総数,150
平成23,2011,10,社会増減,男,-2
平成23,2011,10,社会増減,女,152
平成23,2011,10,市外移動_転入,総数,10299
平成23,2011,10,市外移動_転入,男,5555
平成23,2011,10,市外移動_転入,女,4744
平成23,2011,10,市外移動_転出,総数,10199
平成23,2011,10,市外移動_転出,男,5568
平成23,2011,10,市外移動_転出,女,4631
平成23,2011,10,市内移動_転入,総数,5702
平成23,2011,10,市内移動_転入,男,2971
平成23,2011,10,市内移動_転入,女,2731
平成23,2011,10,市内移動_転出,総数,5698
平成23,2011,10,市内移動_転出,男,2967
平成23,2011,10,市内移動_転出,女,2731
平成23,2011,10,その他増減,総数,46
平成23,2011,10,その他増減,男,7
平成23,2011,10,その他増減,女,39
平成23,2011,10,自然増減,総数,452
平成23,2011,10,自然増減,男,167
平成23,2011,10,自然増減,女,285
平成23,2011,10,出生,総数,2762
平成23,2011,10,出生,男,1412
平成23,2011,10,出生,女,1350
平成23,2011,10,死亡,総数,2310
平成23,2011,10,死亡,男,1245
平成23,2011,10,死亡,女,1065
平成23,2011,10,人口増減率,,0.01631
平成23,2011,10,社会増減率,,0.00406
平成23,2011,10,自然増減率,,0.01224
平成23,2011,11,世帯数増減,,65
平成23,2011,11,人口増減,総数,148
平成23,2011,11,人口増減,男,-147
平成23,2011,11,人口増減,女,295
平成23,2011,11,社会増減,総数,-154
平成23,2011,11,社会増減,男,-244
平成23,2011,11,社会増減,女,90
平成23,2011,11,市外移動_転入,総数,9238
平成23,2011,11,市外移動_転入,男,4861
平成23,2011,11,市外移動_転入,女,4377
平成23,2011,11,市外移動_転出,総数,9314
平成23,2011,11,市外移動_転出,男,5050
平成23,2011,11,市外移動_転出,女,4264
平成23,2011,11,市内移動_転入,総数,5899
平成23,2011,11,市内移動_転入,男,2976
平成23,2011,11,市内移動_転入,女,2923
平成23,2011,11,市内移動_転出,総数,5892
平成23,2011,11,市内移動_転出,男,2971
平成23,2011,11,市内移動_転出,女,2921
平成23,2011,11,その他増減,総数,-85
平成23,2011,11,その他増減,男,-60
平成23,2011,11,その他増減,女,-25
平成23,2011,11,自然増減,総数,302
平成23,2011,11,自然増減,男,97
平成23,2011,11,自然増減,女,205
平成23,2011,11,出生,総数,2663
平成23,2011,11,出生,男,1383
平成23,2011,11,出生,女,1280
平成23,2011,11,死亡,総数,2361
平成23,2011,11,死亡,男,1286
平成23,2011,11,死亡,女,1075
平成23,2011,11,人口増減率,,0.00401
平成23,2011,11,社会増減率,,-0.00417
平成23,2011,11,自然増減率,,0.00818
平成23,2011,12,世帯数増減,,-418
平成23,2011,12,人口増減,総数,-1203
平成23,2011,12,人口増減,男,-969
平成23,2011,12,人口増減,女,-234
平成23,2011,12,社会増減,総数,-1134
平成23,2011,12,社会増減,男,-845
平成23,2011,12,社会増減,女,-289
平成23,2011,12,市外移動_転入,総数,8676
平成23,2011,12,市外移動_転入,男,4530
平成23,2011,12,市外移動_転入,女,4146
平成23,2011,12,市外移動_転出,総数,9792
平成23,2011,12,市外移動_転出,男,5312
平成23,2011,12,市外移動_転出,女,4480
平成23,2011,12,市内移動_転入,総数,6186
平成23,2011,12,市内移動_転入,男,3134
平成23,2011,12,市内移動_転入,女,3052
平成23,2011,12,市内移動_転出,総数,6181
平成23,2011,12,市内移動_転出,男,3129
平成23,2011,12,市内移動_転出,女,3052
平成23,2011,12,その他増減,総数,-23
平成23,2011,12,その他増減,男,-68
平成23,2011,12,その他増減,女,45
平成23,2011,12,自然増減,総数,-69
平成23,2011,12,自然増減,男,-124
平成23,2011,12,自然増減,女,55
平成23,2011,12,出生,総数,2336
平成23,2011,12,出生,男,1203
平成23,2011,12,出生,女,1133
平成23,2011,12,死亡,総数,2405
平成23,2011,12,死亡,男,1327
平成23,2011,12,死亡,女,1078
平成23,2011,12,人口増減率,,-0.03258
平成23,2011,12,社会増減率,,-0.03071
平成23,2011,12,自然増減率,,-0.00187
平成24,2012,1,世帯数増減,,-470
平成24,2012,1,人口増減,総数,-795
平成24,2012,1,人口増減,男,-699
平成24,2012,1,人口増減,女,-96
平成24,2012,1,社会増減,総数,-552
平成24,2012,1,社会増減,男,-476
平成24,2012,1,社会増減,女,-76
平成24,2012,1,市外移動_転入,総数,8383
平成24,2012,1,市外移動_転入,男,4447
平成24,2012,1,市外移動_転入,女,3936
平成24,2012,1,市外移動_転出,総数,8977
平成24,2012,1,市外移動_転出,男,4927
平成24,2012,1,市外移動_転出,女,4050
平成24,2012,1,市内移動_転入,総数,4885
平成24,2012,1,市内移動_転入,男,2461
平成24,2012,1,市内移動_転入,女,2424
平成24,2012,1,市内移動_転出,総数,4878
平成24,2012,1,市内移動_転出,男,2455
平成24,2012,1,市内移動_転出,女,2423
平成24,2012,1,その他増減,総数,35
平成24,2012,1,その他増減,男,-2
平成24,2012,1,その他増減,女,37
平成24,2012,1,自然増減,総数,-243
平成24,2012,1,自然増減,男,-223
平成24,2012,1,自然増減,女,-20
平成24,2012,1,出生,総数,2721
平成24,2012,1,出生,男,1397
平成24,2012,1,出生,女,1324
平成24,2012,1,死亡,総数,2964
平成24,2012,1,死亡,男,1620
平成24,2012,1,死亡,女,1344
平成24,2012,1,人口増減率,,-0.02154
平成24,2012,1,社会増減率,,-0.01495
平成24,2012,1,自然増減率,,-0.00658
平成24,2012,2,世帯数増減,,-490
平成24,2012,2,人口増減,総数,-1302
平成24,2012,2,人口増減,男,-863
平成24,2012,2,人口増減,女,-439
平成24,2012,2,社会増減,総数,-1079
平成24,2012,2,社会増減,男,-694
平成24,2012,2,社会増減,女,-385
平成24,2012,2,市外移動_転入,総数,9039
平成24,2012,2,市外移動_転入,男,4832
平成24,2012,2,市外移動_転入,女,4207
平成24,2012,2,市外移動_転出,総数,10180
平成24,2012,2,市外移動_転出,男,5557
平成24,2012,2,市外移動_転出,女,4623
平成24,2012,2,市内移動_転入,総数,5820
平成24,2012,2,市内移動_転入,男,3072
平成24,2012,2,市内移動_転入,女,2748
平成24,2012,2,市内移動_転出,総数,5813
平成24,2012,2,市内移動_転出,男,3069
平成24,2012,2,市内移動_転出,女,2744
平成24,2012,2,その他増減,総数,55
平成24,2012,2,その他増減,男,28
平成24,2012,2,その他増減,女,27
平成24,2012,2,自然増減,総数,-223
平成24,2012,2,自然増減,男,-169
平成24,2012,2,自然増減,女,-54
平成24,2012,2,出生,総数,2443
平成24,2012,2,出生,男,1280
平成24,2012,2,出生,女,1163
平成24,2012,2,死亡,総数,2666
平成24,2012,2,死亡,男,1449
平成24,2012,2,死亡,女,1217
平成24,2012,2,人口増減率,,-0.03528
平成24,2012,2,社会増減率,,-0.02924
平成24,2012,2,自然増減率,,-0.00604
平成24,2012,3,世帯数増減,,4162
平成24,2012,3,人口増減,総数,-519
平成24,2012,3,人口増減,男,-966
平成24,2012,3,人口増減,女,447
平成24,2012,3,社会増減,総数,-502
平成24,2012,3,社会増減,男,-873
平成24,2012,3,社会増減,女,371
平成24,2012,3,市外移動_転入,総数,25604
平成24,2012,3,市外移動_転入,男,13568
平成24,2012,3,市外移動_転入,女,12036
平成24,2012,3,市外移動_転出,総数,26257
平成24,2012,3,市外移動_転出,男,14483
平成24,2012,3,市外移動_転出,女,11774
平成24,2012,3,市内移動_転入,総数,9285
平成24,2012,3,市内移動_転入,男,4748
平成24,2012,3,市内移動_転入,女,4537
平成24,2012,3,市内移動_転出,総数,9279
平成24,2012,3,市内移動_転出,男,4743
平成24,2012,3,市内移動_転出,女,4536
平成24,2012,3,その他増減,総数,145
平成24,2012,3,その他増減,男,37
平成24,2012,3,その他増減,女,108
平成24,2012,3,自然増減,総数,-17
平成24,2012,3,自然増減,男,-93
平成24,2012,3,自然増減,女,76
平成24,2012,3,出生,総数,2466
平成24,2012,3,出生,男,1241
平成24,2012,3,出生,女,1225
平成24,2012,3,死亡,総数,2483
平成24,2012,3,死亡,男,1334
平成24,2012,3,死亡,女,1149
平成24,2012,3,人口増減率,,-0.01407
平成24,2012,3,社会増減率,,-0.01361
平成24,2012,3,自然増減率,,-0.00046
平成24,2012,4,世帯数増減,,6478
平成24,2012,4,人口増減,総数,7795
平成24,2012,4,人口増減,男,4268
平成24,2012,4,人口増減,女,3527
平成24,2012,4,社会増減,総数,7774
平成24,2012,4,社会増減,男,4357
平成24,2012,4,社会増減,女,3417
平成24,2012,4,市外移動_転入,総数,20845
平成24,2012,4,市外移動_転入,男,11643
平成24,2012,4,市外移動_転入,女,9202
平成24,2012,4,市外移動_転出,総数,13221
平成24,2012,4,市外移動_転出,男,7374
平成24,2012,4,市外移動_転出,女,5847
平成24,2012,4,市内移動_転入,総数,7195
平成24,2012,4,市内移動_転入,男,3732
平成24,2012,4,市内移動_転入,女,3463
平成24,2012,4,市内移動_転出,総数,7185
平成24,2012,4,市内移動_転出,男,3724
平成24,2012,4,市内移動_転出,女,3461
平成24,2012,4,その他増減,総数,140
平成24,2012,4,その他増減,男,80
平成24,2012,4,その他増減,女,60
平成24,2012,4,自然増減,総数,21
平成24,2012,4,自然増減,男,-89
平成24,2012,4,自然増減,女,110
平成24,2012,4,出生,総数,2244
平成24,2012,4,出生,男,1141
平成24,2012,4,出生,女,1103
平成24,2012,4,死亡,総数,2223
平成24,2012,4,死亡,男,1230
平成24,2012,4,死亡,女,993
平成24,2012,4,人口増減率,,0.21133
平成24,2012,4,社会増減率,,0.21076
平成24,2012,4,自然増減率,,0.00057
平成24,2012,5,世帯数増減,,1437
平成24,2012,5,人口増減,総数,1475
平成24,2012,5,人口増減,男,503
平成24,2012,5,人口増減,女,972
平成24,2012,5,社会増減,総数,1154
平成24,2012,5,社会増減,男,391
平成24,2012,5,社会増減,女,763
平成24,2012,5,市外移動_転入,総数,11377
平成24,2012,5,市外移動_転入,男,6132
平成24,2012,5,市外移動_転入,女,5245
平成24,2012,5,市外移動_転出,総数,10314
平成24,2012,5,市外移動_転出,男,5780
平成24,2012,5,市外移動_転出,女,4534
平成24,2012,5,市内移動_転入,総数,6281
平成24,2012,5,市内移動_転入,男,3148
平成24,2012,5,市内移動_転入,女,3133
平成24,2012,5,市内移動_転出,総数,6272
平成24,2012,5,市内移動_転出,男,3143
平成24,2012,5,市内移動_転出,女,3129
平成24,2012,5,その他増減,総数,82
平成24,2012,5,その他増減,男,34
平成24,2012,5,その他増減,女,48
平成24,2012,5,自然増減,総数,321
平成24,2012,5,自然増減,男,112
平成24,2012,5,自然増減,女,209
平成24,2012,5,出生,総数,2809
平成24,2012,5,出生,男,1481
平成24,2012,5,出生,女,1328
平成24,2012,5,死亡,総数,2488
平成24,2012,5,死亡,男,1369
平成24,2012,5,死亡,女,1119
平成24,2012,5,人口増減率,,0.0399
平成24,2012,5,社会増減率,,0.03122
平成24,2012,5,自然増減率,,0.00868
平成24,2012,6,世帯数増減,,244
平成24,2012,6,人口増減,総数,-462
平成24,2012,6,人口増減,男,-578
平成24,2012,6,人口増減,女,116
平成24,2012,6,社会増減,総数,-793
平成24,2012,6,社会増減,男,-620
平成24,2012,6,社会増減,女,-173
平成24,2012,6,市外移動_転入,総数,8968
平成24,2012,6,市外移動_転入,男,4832
平成24,2012,6,市外移動_転入,女,4136
平成24,2012,6,市外移動_転出,総数,9861
平成24,2012,6,市外移動_転出,男,5497
平成24,2012,6,市外移動_転出,女,4364
平成24,2012,6,市内移動_転入,総数,5243
平成24,2012,6,市内移動_転入,男,2698
平成24,2012,6,市内移動_転入,女,2545
平成24,2012,6,市内移動_転出,総数,5230
平成24,2012,6,市内移動_転出,男,2688
平成24,2012,6,市内移動_転出,女,2542
平成24,2012,6,その他増減,総数,87
平成24,2012,6,その他増減,男,35
平成24,2012,6,その他増減,女,52
平成24,2012,6,自然増減,総数,331
平成24,2012,6,自然増減,男,42
平成24,2012,6,自然増減,女,289
平成24,2012,6,出生,総数,2443
平成24,2012,6,出生,男,1220
平成24,2012,6,出生,女,1223
平成24,2012,6,死亡,総数,2112
平成24,2012,6,死亡,男,1178
平成24,2012,6,死亡,女,934
平成24,2012,6,人口増減率,,-0.01249
平成24,2012,6,社会増減率,,-0.02144
平成24,2012,6,自然増減率,,0.00895
平成24,2012,7,世帯数増減,,127
平成24,2012,7,人口増減,総数,-6
平成24,2012,7,人口増減,男,-59
平成24,2012,7,人口増減,女,53
平成24,2012,7,社会増減,総数,-480
平成24,2012,7,社会増減,男,-264
平成24,2012,7,社会増減,女,-216
平成24,2012,7,市外移動_転入,総数,10026
平成24,2012,7,市外移動_転入,男,5474
平成24,2012,7,市外移動_転入,女,4552
平成24,2012,7,市外移動_転出,総数,10748
平成24,2012,7,市外移動_転出,男,5871
平成24,2012,7,市外移動_転出,女,4877
平成24,2012,7,市内移動_転入,総数,5668
平成24,2012,7,市内移動_転入,男,2993
平成24,2012,7,市内移動_転入,女,2675
平成24,2012,7,市内移動_転出,総数,5659
平成24,2012,7,市内移動_転出,男,2987
平成24,2012,7,市内移動_転出,女,2672
平成24,2012,7,その他増減,総数,233
平成24,2012,7,その他増減,男,127
平成24,2012,7,その他増減,女,106
平成24,2012,7,自然増減,総数,474
平成24,2012,7,自然増減,男,205
平成24,2012,7,自然増減,女,269
平成24,2012,7,出生,総数,2796
平成24,2012,7,出生,男,1426
平成24,2012,7,出生,女,1370
平成24,2012,7,死亡,総数,2322
平成24,2012,7,死亡,男,1221
平成24,2012,7,死亡,女,1101
平成24,2012,7,人口増減率,,-0.00016
平成24,2012,7,社会増減率,,-0.01298
平成24,2012,7,自然増減率,,0.01282
平成24,2012,8,世帯数増減,,-67
平成24,2012,8,人口増減,総数,165
平成24,2012,8,人口増減,男,-133
平成24,2012,8,人口増減,女,298
平成24,2012,8,社会増減,総数,-414
平成24,2012,8,社会増減,男,-317
平成24,2012,8,社会増減,女,-97
平成24,2012,8,市外移動_転入,総数,9682
平成24,2012,8,市外移動_転入,男,5146
平成24,2012,8,市外移動_転入,女,4536
平成24,2012,8,市外移動_転出,総数,10008
平成24,2012,8,市外移動_転出,男,5391
平成24,2012,8,市外移動_転出,女,4617
平成24,2012,8,市内移動_転入,総数,5676
平成24,2012,8,市内移動_転入,男,2899
平成24,2012,8,市内移動_転入,女,2777
平成24,2012,8,市内移動_転出,総数,5672
平成24,2012,8,市内移動_転出,男,2896
平成24,2012,8,市内移動_転出,女,2776
平成24,2012,8,その他増減,総数,-92
平成24,2012,8,その他増減,男,-75
平成24,2012,8,その他増減,女,-17
平成24,2012,8,自然増減,総数,579
平成24,2012,8,自然増減,男,184
平成24,2012,8,自然増減,女,395
平成24,2012,8,出生,総数,2950
平成24,2012,8,出生,男,1529
平成24,2012,8,出生,女,1421
平成24,2012,8,死亡,総数,2371
平成24,2012,8,死亡,男,1345
平成24,2012,8,死亡,女,1026
平成24,2012,8,人口増減率,,0.00446
平成24,2012,8,社会増減率,,-0.0112
平成24,2012,8,自然増減率,,0.01566
平成24,2012,9,世帯数増減,,-88
平成24,2012,9,人口増減,総数,-585
平成24,2012,9,人口増減,男,-615
平成24,2012,9,人口増減,女,30
平成24,2012,9,社会増減,総数,-1029
平成24,2012,9,社会増減,男,-680
平成24,2012,9,社会増減,女,-349
平成24,2012,9,市外移動_転入,総数,8380
平成24,2012,9,市外移動_転入,男,4591
平成24,2012,9,市外移動_転入,女,3789
平成24,2012,9,市外移動_転出,総数,9531
平成24,2012,9,市外移動_転出,男,5321
平成24,2012,9,市外移動_転出,女,4210
平成24,2012,9,市内移動_転入,総数,4948
平成24,2012,9,市内移動_転入,男,2606
平成24,2012,9,市内移動_転入,女,2342
平成24,2012,9,市内移動_転出,総数,4939
平成24,2012,9,市内移動_転出,男,2601
平成24,2012,9,市内移動_転出,女,2338
平成24,2012,9,その他増減,総数,113
平成24,2012,9,その他増減,男,45
平成24,2012,9,その他増減,女,68
平成24,2012,9,自然増減,総数,444
平成24,2012,9,自然増減,男,65
平成24,2012,9,自然増減,女,379
平成24,2012,9,出生,総数,2495
平成24,2012,9,出生,男,1227
平成24,2012,9,出生,女,1268
平成24,2012,9,死亡,総数,2051
平成24,2012,9,死亡,男,1162
平成24,2012,9,死亡,女,889
平成24,2012,9,人口増減率,,-0.01582
平成24,2012,9,社会増減率,,-0.02783
平成24,2012,9,自然増減率,,0.01201
平成24,2012,10,世帯数増減,,1230
平成24,2012,10,人口増減,総数,1822
平成24,2012,10,人口増減,男,767
平成24,2012,10,人口増減,女,1055
平成24,2012,10,社会増減,総数,1382
平成24,2012,10,社会増減,男,633
平成24,2012,10,社会増減,女,749
平成24,2012,10,市外移動_転入,総数,11508
平成24,2012,10,市外移動_転入,男,6289
平成24,2012,10,市外移動_転入,女,5219
平成24,2012,10,市外移動_転出,総数,10149
平成24,2012,10,市外移動_転出,男,5596
平成24,2012,10,市外移動_転出,女,4553
平成24,2012,10,市内移動_転入,総数,6364
平成24,2012,10,市内移動_転入,男,3347
平成24,2012,10,市内移動_転入,女,3017
平成24,2012,10,市内移動_転出,総数,6354
平成24,2012,10,市内移動_転出,男,3342
平成24,2012,10,市内移動_転出,女,3012
平成24,2012,10,その他増減,総数,13
平成24,2012,10,その他増減,男,-65
平成24,2012,10,その他増減,女,78
平成24,2012,10,自然増減,総数,440
平成24,2012,10,自然増減,男,134
平成24,2012,10,自然増減,女,306
平成24,2012,10,出生,総数,2998
平成24,2012,10,出生,男,1539
平成24,2012,10,出生,女,1459
平成24,2012,10,死亡,総数,2558
平成24,2012,10,死亡,男,1405
平成24,2012,10,死亡,女,1153
平成24,2012,10,人口増減率,,0.04928
平成24,2012,10,社会増減率,,0.03738
平成24,2012,10,自然増減率,,0.0119
平成24,2012,11,世帯数増減,,-117
平成24,2012,11,人口増減,総数,-391
平成24,2012,11,人口増減,男,-476
平成24,2012,11,人口増減,女,85
平成24,2012,11,社会増減,総数,-673
平成24,2012,11,社会増減,男,-540
平成24,2012,11,社会増減,女,-133
平成24,2012,11,市外移動_転入,総数,8553
平成24,2012,11,市外移動_転入,男,4493
平成24,2012,11,市外移動_転入,女,4060
平成24,2012,11,市外移動_転出,総数,9110
平成24,2012,11,市外移動_転出,男,4926
平成24,2012,11,市外移動_転出,女,4184
平成24,2012,11,市内移動_転入,総数,5760
平成24,2012,11,市内移動_転入,男,2949
平成24,2012,11,市内移動_転入,女,2811
平成24,2012,11,市内移動_転出,総数,5752
平成24,2012,11,市内移動_転出,男,2942
平成24,2012,11,市内移動_転出,女,2810
平成24,2012,11,その他増減,総数,-124
平成24,2012,11,その他増減,男,-114
平成24,2012,11,その他増減,女,-10
平成24,2012,11,自然増減,総数,282
平成24,2012,11,自然増減,男,64
平成24,2012,11,自然増減,女,218
平成24,2012,11,出生,総数,2752
平成24,2012,11,出生,男,1418
平成24,2012,11,出生,女,1334
平成24,2012,11,死亡,総数,2470
平成24,2012,11,死亡,男,1354
平成24,2012,11,死亡,女,1116
平成24,2012,11,人口増減率,,-0.01057
平成24,2012,11,社会増減率,,-0.01819
平成24,2012,11,自然増減率,,0.00762
平成24,2012,12,世帯数増減,,-862
平成24,2012,12,人口増減,総数,-1402
平成24,2012,12,人口増減,男,-1061
平成24,2012,12,人口増減,女,-341
平成24,2012,12,社会増減,総数,-1453
平成24,2012,12,社会増減,男,-964
平成24,2012,12,社会増減,女,-489
平成24,2012,12,市外移動_転入,総数,8924
平成24,2012,12,市外移動_転入,男,4689
平成24,2012,12,市外移動_転入,女,4235
平成24,2012,12,市外移動_転出,総数,9428
平成24,2012,12,市外移動_転出,男,5089
平成24,2012,12,市外移動_転出,女,4339
平成24,2012,12,市内移動_転入,総数,6354
平成24,2012,12,市内移動_転入,男,3253
平成24,2012,12,市内移動_転入,女,3101
平成24,2012,12,市内移動_転出,総数,6348
平成24,2012,12,市内移動_転出,男,3250
平成24,2012,12,市内移動_転出,女,3098
平成24,2012,12,その他増減,総数,-955
平成24,2012,12,その他増減,男,-567
平成24,2012,12,その他増減,女,-388
平成24,2012,12,自然増減,総数,51
平成24,2012,12,自然増減,男,-97
平成24,2012,12,自然増減,女,148
平成24,2012,12,出生,総数,2506
平成24,2012,12,出生,男,1254
平成24,2012,12,出生,女,1252
平成24,2012,12,死亡,総数,2455
平成24,2012,12,死亡,男,1351
平成24,2012,12,死亡,女,1104
平成24,2012,12,人口増減率,,-0.03791
平成24,2012,12,社会増減率,,-0.03929
平成24,2012,12,自然増減率,,0.00138
平成25,2013,1,世帯数増減,,-377
平成25,2013,1,人口増減,総数,-865
平成25,2013,1,人口増減,男,-628
平成25,2013,1,人口増減,女,-237
平成25,2013,1,社会増減,総数,-416
平成25,2013,1,社会増減,男,-273
平成25,2013,1,社会増減,女,-143
平成25,2013,1,市外移動_転入,総数,8294
平成25,2013,1,市外移動_転入,男,4471
平成25,2013,1,市外移動_転入,女,3823
平成25,2013,1,市外移動_転出,総数,8412
平成25,2013,1,市外移動_転出,男,4562
平成25,2013,1,市外移動_転出,女,3850
平成25,2013,1,市内移動_転入,総数,4865
平成25,2013,1,市内移動_転入,男,2514
平成25,2013,1,市内移動_転入,女,2351
平成25,2013,1,市内移動_転出,総数,4855
平成25,2013,1,市内移動_転出,男,2506
平成25,2013,1,市内移動_転出,女,2349
平成25,2013,1,その他増減,総数,-308
平成25,2013,1,その他増減,男,-190
平成25,2013,1,その他増減,女,-118
平成25,2013,1,自然増減,総数,-449
平成25,2013,1,自然増減,男,-355
平成25,2013,1,自然増減,女,-94
平成25,2013,1,出生,総数,2696
平成25,2013,1,出生,男,1370
平成25,2013,1,出生,女,1326
平成25,2013,1,死亡,総数,3145
平成25,2013,1,死亡,男,1725
平成25,2013,1,死亡,女,1420
平成25,2013,1,人口増減率,,-0.0234
平成25,2013,1,社会増減率,,-0.01125
平成25,2013,1,自然増減率,,-0.01214
平成25,2013,2,世帯数増減,,-357
平成25,2013,2,人口増減,総数,-1368
平成25,2013,2,人口増減,男,-974
平成25,2013,2,人口増減,女,-394
平成25,2013,2,社会増減,総数,-1046
平成25,2013,2,社会増減,男,-701
平成25,2013,2,社会増減,女,-345
平成25,2013,2,市外移動_転入,総数,8988
平成25,2013,2,市外移動_転入,男,4824
平成25,2013,2,市外移動_転入,女,4164
平成25,2013,2,市外移動_転出,総数,9811
平成25,2013,2,市外移動_転出,男,5380
平成25,2013,2,市外移動_転出,女,4431
平成25,2013,2,市内移動_転入,総数,5665
平成25,2013,2,市内移動_転入,男,2965
平成25,2013,2,市内移動_転入,女,2700
平成25,2013,2,市内移動_転出,総数,5662
平成25,2013,2,市内移動_転出,男,2963
平成25,2013,2,市内移動_転出,女,2699
平成25,2013,2,その他増減,総数,-226
平成25,2013,2,その他増減,男,-147
平成25,2013,2,その他増減,女,-79
平成25,2013,2,自然増減,総数,-322
平成25,2013,2,自然増減,男,-273
平成25,2013,2,自然増減,女,-49
平成25,2013,2,出生,総数,2262
平成25,2013,2,出生,男,1146
平成25,2013,2,出生,女,1116
平成25,2013,2,死亡,総数,2584
平成25,2013,2,死亡,男,1419
平成25,2013,2,死亡,女,1165
平成25,2013,2,人口増減率,,-0.03701
平成25,2013,2,社会増減率,,-0.0283
平成25,2013,2,自然増減率,,-0.00871
平成25,2013,3,世帯数増減,,3758
平成25,2013,3,人口増減,総数,-1014
平成25,2013,3,人口増減,男,-1133
平成25,2013,3,人口増減,女,119
平成25,2013,3,社会増減,総数,-1005
平成25,2013,3,社会増減,男,-1031
平成25,2013,3,社会増減,女,26
平成25,2013,3,市外移動_転入,総数,24613
平成25,2013,3,市外移動_転入,男,13208
平成25,2013,3,市外移動_転入,女,11405
平成25,2013,3,市外移動_転出,総数,25273
平成25,2013,3,市外移動_転出,男,13930
平成25,2013,3,市外移動_転出,女,11343
平成25,2013,3,市内移動_転入,総数,8462
平成25,2013,3,市内移動_転入,男,4290
平成25,2013,3,市内移動_転入,女,4172
平成25,2013,3,市内移動_転出,総数,8453
平成25,2013,3,市内移動_転出,男,4286
平成25,2013,3,市内移動_転出,女,4167
平成25,2013,3,その他増減,総数,-354
平成25,2013,3,その他増減,男,-313
平成25,2013,3,その他増減,女,-41
平成25,2013,3,自然増減,総数,-9
平成25,2013,3,自然増減,男,-102
平成25,2013,3,自然増減,女,93
平成25,2013,3,出生,総数,2410
平成25,2013,3,出生,男,1216
平成25,2013,3,出生,女,1194
平成25,2013,3,死亡,総数,2419
平成25,2013,3,死亡,男,1318
平成25,2013,3,死亡,女,1101
平成25,2013,3,人口増減率,,-0.02744
平成25,2013,3,社会増減率,,-0.0272
平成25,2013,3,自然増減率,,-0.00024
平成25,2013,4,世帯数増減,,5935
平成25,2013,4,人口増減,総数,7687
平成25,2013,4,人口増減,男,4288
平成25,2013,4,人口増減,女,3399
平成25,2013,4,社会増減,総数,7607
平成25,2013,4,社会増減,男,4256
平成25,2013,4,社会増減,女,3351
平成25,2013,4,市外移動_転入,総数,20836
平成25,2013,4,市外移動_転入,男,11642
平成25,2013,4,市外移動_転入,女,9194
平成25,2013,4,市外移動_転出,総数,12863
平成25,2013,4,市外移動_転出,男,7139
平成25,2013,4,市外移動_転出,女,5724
平成25,2013,4,市内移動_転入,総数,7667
平成25,2013,4,市内移動_転入,男,3949
平成25,2013,4,市内移動_転入,女,3718
平成25,2013,4,市内移動_転出,総数,7656
平成25,2013,4,市内移動_転出,男,3943
平成25,2013,4,市内移動_転出,女,3713
平成25,2013,4,その他増減,総数,-377
平成25,2013,4,その他増減,男,-253
平成25,2013,4,その他増減,女,-124
平成25,2013,4,自然増減,総数,80
平成25,2013,4,自然増減,男,32
平成25,2013,4,自然増減,女,48
平成25,2013,4,出生,総数,2501
平成25,2013,4,出生,男,1329
平成25,2013,4,出生,女,1172
平成25,2013,4,死亡,総数,2421
平成25,2013,4,死亡,男,1297
平成25,2013,4,死亡,女,1124
平成25,2013,4,人口増減率,,0.20811
平成25,2013,4,社会増減率,,0.20594
平成25,2013,4,自然増減率,,0.00217
平成25,2013,5,世帯数増減,,919
平成25,2013,5,人口増減,総数,572
平成25,2013,5,人口増減,男,228
平成25,2013,5,人口増減,女,344
平成25,2013,5,社会増減,総数,446
平成25,2013,5,社会増減,男,221
平成25,2013,5,社会増減,女,225
平成25,2013,5,市外移動_転入,総数,10395
平成25,2013,5,市外移動_転入,男,5726
平成25,2013,5,市外移動_転入,女,4669
平成25,2013,5,市外移動_転出,総数,9839
平成25,2013,5,市外移動_転出,男,5432
平成25,2013,5,市外移動_転出,女,4407
平成25,2013,5,市内移動_転入,総数,6170
平成25,2013,5,市内移動_転入,男,3180
平成25,2013,5,市内移動_転入,女,2990
平成25,2013,5,市内移動_転出,総数,6161
平成25,2013,5,市内移動_転出,男,3172
平成25,2013,5,市内移動_転出,女,2989
平成25,2013,5,その他増減,総数,-119
平成25,2013,5,その他増減,男,-81
平成25,2013,5,その他増減,女,-38
平成25,2013,5,自然増減,総数,126
平成25,2013,5,自然増減,男,7
平成25,2013,5,自然増減,女,119
平成25,2013,5,出生,総数,2591
平成25,2013,5,出生,男,1330
平成25,2013,5,出生,女,1261
平成25,2013,5,死亡,総数,2465
平成25,2013,5,死亡,男,1323
平成25,2013,5,死亡,女,1142
平成25,2013,5,人口増減率,,0.01545
平成25,2013,5,社会増減率,,0.01205
平成25,2013,5,自然増減率,,0.0034
平成25,2013,6,世帯数増減,,150
平成25,2013,6,人口増減,総数,-335
平成25,2013,6,人口増減,男,-479
平成25,2013,6,人口増減,女,144
平成25,2013,6,社会増減,総数,-627
平成25,2013,6,社会増減,男,-545
平成25,2013,6,社会増減,女,-82
平成25,2013,6,市外移動_転入,総数,8863
平成25,2013,6,市外移動_転入,男,4802
平成25,2013,6,市外移動_転入,女,4061
平成25,2013,6,市外移動_転出,総数,9075
平成25,2013,6,市外移動_転出,男,5076
平成25,2013,6,市外移動_転出,女,3999
平成25,2013,6,市内移動_転入,総数,5230
平成25,2013,6,市内移動_転入,男,2689
平成25,2013,6,市内移動_転入,女,2541
平成25,2013,6,市内移動_転出,総数,5220
平成25,2013,6,市内移動_転出,男,2682
平成25,2013,6,市内移動_転出,女,2538
平成25,2013,6,その他増減,総数,-425
平成25,2013,6,その他増減,男,-278
平成25,2013,6,その他増減,女,-147
平成25,2013,6,自然増減,総数,292
平成25,2013,6,自然増減,男,66
平成25,2013,6,自然増減,女,226
平成25,2013,6,出生,総数,2285
平成25,2013,6,出生,男,1163
平成25,2013,6,出生,女,1122
平成25,2013,6,死亡,総数,1993
平成25,2013,6,死亡,男,1097
平成25,2013,6,死亡,女,896
平成25,2013,6,人口増減率,,-0.00905
平成25,2013,6,社会増減率,,-0.01694
平成25,2013,6,自然増減率,,0.00789
平成25,2013,7,世帯数増減,,349
平成25,2013,7,人口増減,総数,259
平成25,2013,7,人口増減,男,-70
平成25,2013,7,人口増減,女,329
平成25,2013,7,社会増減,総数,-179
平成25,2013,7,社会増減,男,-183
平成25,2013,7,社会増減,女,4
平成25,2013,7,市外移動_転入,総数,10970
平成25,2013,7,市外移動_転入,男,5841
平成25,2013,7,市外移動_転入,女,5129
平成25,2013,7,市外移動_転出,総数,10888
平成25,2013,7,市外移動_転出,男,5900
平成25,2013,7,市外移動_転出,女,4988
平成25,2013,7,市内移動_転入,総数,6292
平成25,2013,7,市内移動_転入,男,3269
平成25,2013,7,市内移動_転入,女,3023
平成25,2013,7,市内移動_転出,総数,6286
平成25,2013,7,市内移動_転出,男,3265
平成25,2013,7,市内移動_転出,女,3021
平成25,2013,7,その他増減,総数,-267
平成25,2013,7,その他増減,男,-128
平成25,2013,7,その他増減,女,-139
平成25,2013,7,自然増減,総数,438
平成25,2013,7,自然増減,男,113
平成25,2013,7,自然増減,女,325
平成25,2013,7,出生,総数,2775
平成25,2013,7,出生,男,1390
平成25,2013,7,出生,女,1385
平成25,2013,7,死亡,総数,2337
平成25,2013,7,死亡,男,1277
平成25,2013,7,死亡,女,1060
平成25,2013,7,人口増減率,,0.007
平成25,2013,7,社会増減率,,-0.00484
平成25,2013,7,自然増減率,,0.01183
平成25,2013,8,世帯数増減,,418
平成25,2013,8,人口増減,総数,443
平成25,2013,8,人口増減,男,124
平成25,2013,8,人口増減,女,319
平成25,2013,8,社会増減,総数,3
平成25,2013,8,社会増減,男,4
平成25,2013,8,社会増減,女,-1
平成25,2013,8,市外移動_転入,総数,9645
平成25,2013,8,市外移動_転入,男,5126
平成25,2013,8,市外移動_転入,女,4519
平成25,2013,8,市外移動_転出,総数,9443
平成25,2013,8,市外移動_転出,男,5005
平成25,2013,8,市外移動_転出,女,4438
平成25,2013,8,市内移動_転入,総数,5909
平成25,2013,8,市内移動_転入,男,3060
平成25,2013,8,市内移動_転入,女,2849
平成25,2013,8,市内移動_転出,総数,5904
平成25,2013,8,市内移動_転出,男,3056
平成25,2013,8,市内移動_転出,女,2848
平成25,2013,8,その他増減,総数,-204
平成25,2013,8,その他増減,男,-121
平成25,2013,8,その他増減,女,-83
平成25,2013,8,自然増減,総数,440
平成25,2013,8,自然増減,男,120
平成25,2013,8,自然増減,女,320
平成25,2013,8,出生,総数,2739
平成25,2013,8,出生,男,1369
平成25,2013,8,出生,女,1370
平成25,2013,8,死亡,総数,2299
平成25,2013,8,死亡,男,1249
平成25,2013,8,死亡,女,1050
平成25,2013,8,人口増減率,,0.01197
平成25,2013,8,社会増減率,,0.00008
平成25,2013,8,自然増減率,,0.01189
平成25,2013,9,世帯数増減,,321
平成25,2013,9,人口増減,総数,137
平成25,2013,9,人口増減,男,-199
平成25,2013,9,人口増減,女,336
平成25,2013,9,社会増減,総数,-270
平成25,2013,9,社会増減,男,-375
平成25,2013,9,社会増減,女,105
平成25,2013,9,市外移動_転入,総数,9533
平成25,2013,9,市外移動_転入,男,5132
平成25,2013,9,市外移動_転入,女,4401
平成25,2013,9,市外移動_転出,総数,9674
平成25,2013,9,市外移動_転出,男,5398
平成25,2013,9,市外移動_転出,女,4276
平成25,2013,9,市内移動_転入,総数,5638
平成25,2013,9,市内移動_転入,男,2914
平成25,2013,9,市内移動_転入,女,2724
平成25,2013,9,市内移動_転出,総数,5633
平成25,2013,9,市内移動_転出,男,2910
平成25,2013,9,市内移動_転出,女,2723
平成25,2013,9,その他増減,総数,-134
平成25,2013,9,その他増減,男,-113
平成25,2013,9,その他増減,女,-21
平成25,2013,9,自然増減,総数,407
平成25,2013,9,自然増減,男,176
平成25,2013,9,自然増減,女,231
平成25,2013,9,出生,総数,2642
平成25,2013,9,出生,男,1405
平成25,2013,9,出生,女,1237
平成25,2013,9,死亡,総数,2235
平成25,2013,9,死亡,男,1229
平成25,2013,9,死亡,女,1006
平成25,2013,9,人口増減率,,0.0037
平成25,2013,9,社会増減率,,-0.00729
平成25,2013,9,自然増減率,,0.01099
平成25,2013,10,世帯数増減,,1181
平成25,2013,10,人口増減,総数,1447
平成25,2013,10,人口増減,男,707
平成25,2013,10,人口増減,女,740
平成25,2013,10,社会増減,総数,1104
平成25,2013,10,社会増減,男,572
平成25,2013,10,社会増減,女,532
平成25,2013,10,市外移動_転入,総数,10976
平成25,2013,10,市外移動_転入,男,5980
平成25,2013,10,市外移動_転入,女,4996
平成25,2013,10,市外移動_転出,総数,9705
平成25,2013,10,市外移動_転出,男,5285
平成25,2013,10,市外移動_転出,女,4420
平成25,2013,10,市内移動_転入,総数,6202
平成25,2013,10,市内移動_転入,男,3187
平成25,2013,10,市内移動_転入,女,3015
平成25,2013,10,市内移動_転出,総数,6195
平成25,2013,10,市内移動_転出,男,3181
平成25,2013,10,市内移動_転出,女,3014
平成25,2013,10,その他増減,総数,-174
平成25,2013,10,その他増減,男,-129
平成25,2013,10,その他増減,女,-45
平成25,2013,10,自然増減,総数,343
平成25,2013,10,自然増減,男,135
平成25,2013,10,自然増減,女,208
平成25,2013,10,出生,総数,2844
平成25,2013,10,出生,男,1491
平成25,2013,10,出生,女,1353
平成25,2013,10,死亡,総数,2501
平成25,2013,10,死亡,男,1356
平成25,2013,10,死亡,女,1145
平成25,2013,10,人口増減率,,0.03908
平成25,2013,10,社会増減率,,0.02982
平成25,2013,10,自然増減率,,0.00926
平成25,2013,11,世帯数増減,,-11
平成25,2013,11,人口増減,総数,-146
平成25,2013,11,人口増減,男,-243
平成25,2013,11,人口増減,女,97
平成25,2013,11,社会増減,総数,-296
平成25,2013,11,社会増減,男,-228
平成25,2013,11,社会増減,女,-68
平成25,2013,11,市外移動_転入,総数,8564
平成25,2013,11,市外移動_転入,男,4494
平成25,2013,11,市外移動_転入,女,4070
平成25,2013,11,市外移動_転出,総数,8823
平成25,2013,11,市外移動_転出,男,4674
平成25,2013,11,市外移動_転出,女,4149
平成25,2013,11,市内移動_転入,総数,5598
平成25,2013,11,市内移動_転入,男,2837
平成25,2013,11,市内移動_転入,女,2761
平成25,2013,11,市内移動_転出,総数,5590
平成25,2013,11,市内移動_転出,男,2833
平成25,2013,11,市内移動_転出,女,2757
平成25,2013,11,その他増減,総数,-45
平成25,2013,11,その他増減,男,-52
平成25,2013,11,その他増減,女,7
平成25,2013,11,自然増減,総数,150
平成25,2013,11,自然増減,男,-15
平成25,2013,11,自然増減,女,165
平成25,2013,11,出生,総数,2535
平成25,2013,11,出生,男,1302
平成25,2013,11,出生,女,1233
平成25,2013,11,死亡,総数,2385
平成25,2013,11,死亡,男,1317
平成25,2013,11,死亡,女,1068
平成25,2013,11,人口増減率,,-0.00394
平成25,2013,11,社会増減率,,-0.00799
平成25,2013,11,自然増減率,,0.00405
平成25,2013,12,世帯数増減,,-275
平成25,2013,12,人口増減,総数,-594
平成25,2013,12,人口増減,男,-495
平成25,2013,12,人口増減,女,-99
平成25,2013,12,社会増減,総数,-633
平成25,2013,12,社会増減,男,-475
平成25,2013,12,社会増減,女,-158
平成25,2013,12,市外移動_転入,総数,8679
平成25,2013,12,市外移動_転入,男,4595
平成25,2013,12,市外移動_転入,女,4084
平成25,2013,12,市外移動_転出,総数,9147
平成25,2013,12,市外移動_転出,男,4921
平成25,2013,12,市外移動_転出,女,4226
平成25,2013,12,市内移動_転入,総数,5571
平成25,2013,12,市内移動_転入,男,2860
平成25,2013,12,市内移動_転入,女,2711
平成25,2013,12,市内移動_転出,総数,5568
平成25,2013,12,市内移動_転出,男,2858
平成25,2013,12,市内移動_転出,女,2710
平成25,2013,12,その他増減,総数,-168
平成25,2013,12,その他増減,男,-151
平成25,2013,12,その他増減,女,-17
平成25,2013,12,自然増減,総数,39
平成25,2013,12,自然増減,男,-20
平成25,2013,12,自然増減,女,59
平成25,2013,12,出生,総数,2473
平成25,2013,12,出生,男,1283
平成25,2013,12,出生,女,1190
平成25,2013,12,死亡,総数,2434
平成25,2013,12,死亡,男,1303
平成25,2013,12,死亡,女,1131
平成25,2013,12,人口増減率,,-0.01604
平成25,2013,12,社会増減率,,-0.01709
平成25,2013,12,自然増減率,,0.00105
平成26,2014,1,世帯数増減,,-339
平成26,2014,1,人口増減,総数,-1033
平成26,2014,1,人口増減,男,-712
平成26,2014,1,人口増減,女,-321
平成26,2014,1,社会増減,総数,-472
平成26,2014,1,社会増減,男,-318
平成26,2014,1,社会増減,女,-154
平成26,2014,1,市外移動_転入,総数,8332
平成26,2014,1,市外移動_転入,男,4562
平成26,2014,1,市外移動_転入,女,3770
平成26,2014,1,市外移動_転出,総数,8569
平成26,2014,1,市外移動_転出,男,4714
平成26,2014,1,市外移動_転出,女,3855
平成26,2014,1,市内移動_転入,総数,4846
平成26,2014,1,市内移動_転入,男,2482
平成26,2014,1,市内移動_転入,女,2364
平成26,2014,1,市内移動_転出,総数,4841
平成26,2014,1,市内移動_転出,男,2477
平成26,2014,1,市内移動_転出,女,2364
平成26,2014,1,その他増減,総数,-240
平成26,2014,1,その他増減,男,-171
平成26,2014,1,その他増減,女,-69
平成26,2014,1,自然増減,総数,-561
平成26,2014,1,自然増減,男,-394
平成26,2014,1,自然増減,女,-167
平成26,2014,1,出生,総数,2720
平成26,2014,1,出生,男,1396
平成26,2014,1,出生,女,1324
平成26,2014,1,死亡,総数,3281
平成26,2014,1,死亡,男,1790
平成26,2014,1,死亡,女,1491
平成26,2014,1,人口増減率,,-0.02789
平成26,2014,1,社会増減率,,-0.01275
平成26,2014,1,自然増減率,,-0.01515
平成26,2014,2,世帯数増減,,-404
平成26,2014,2,人口増減,総数,-1263
平成26,2014,2,人口増減,男,-727
平成26,2014,2,人口増減,女,-536
平成26,2014,2,社会増減,総数,-878
平成26,2014,2,社会増減,男,-485
平成26,2014,2,社会増減,女,-393
平成26,2014,2,市外移動_転入,総数,8812
平成26,2014,2,市外移動_転入,男,4806
平成26,2014,2,市外移動_転入,女,4006
平成26,2014,2,市外移動_転出,総数,9527
平成26,2014,2,市外移動_転出,男,5139
平成26,2014,2,市外移動_転出,女,4388
平成26,2014,2,市内移動_転入,総数,5603
平成26,2014,2,市内移動_転入,男,2896
平成26,2014,2,市内移動_転入,女,2707
平成26,2014,2,市内移動_転出,総数,5595
平成26,2014,2,市内移動_転出,男,2891
平成26,2014,2,市内移動_転出,女,2704
平成26,2014,2,その他増減,総数,-171
平成26,2014,2,その他増減,男,-157
平成26,2014,2,その他増減,女,-14
平成26,2014,2,自然増減,総数,-385
平成26,2014,2,自然増減,男,-242
平成26,2014,2,自然増減,女,-143
平成26,2014,2,出生,総数,2249
平成26,2014,2,出生,男,1165
平成26,2014,2,出生,女,1084
平成26,2014,2,死亡,総数,2634
平成26,2014,2,死亡,男,1407
平成26,2014,2,死亡,女,1227
平成26,2014,2,人口増減率,,-0.03411
平成26,2014,2,社会増減率,,-0.02372
平成26,2014,2,自然増減率,,-0.0104
平成26,2014,3,世帯数増減,,5615
平成26,2014,3,人口増減,総数,1131
平成26,2014,3,人口増減,男,221
平成26,2014,3,人口増減,女,910
平成26,2014,3,社会増減,総数,1361
平成26,2014,3,社会増減,男,451
平成26,2014,3,社会増減,女,910
平成26,2014,3,市外移動_転入,総数,26335
平成26,2014,3,市外移動_転入,男,14200
平成26,2014,3,市外移動_転入,女,12135
平成26,2014,3,市外移動_転出,総数,25008
平成26,2014,3,市外移動_転出,男,13712
平成26,2014,3,市外移動_転出,女,11296
平成26,2014,3,市内移動_転入,総数,9032
平成26,2014,3,市内移動_転入,男,4572
平成26,2014,3,市内移動_転入,女,4460
平成26,2014,3,市内移動_転出,総数,9023
平成26,2014,3,市内移動_転出,男,4565
平成26,2014,3,市内移動_転出,女,4458
平成26,2014,3,その他増減,総数,25
平成26,2014,3,その他増減,男,-44
平成26,2014,3,その他増減,女,69
平成26,2014,3,自然増減,総数,-230
平成26,2014,3,自然増減,男,-230
平成26,2014,3,自然増減,女,0
平成26,2014,3,出生,総数,2406
平成26,2014,3,出生,男,1223
平成26,2014,3,出生,女,1183
平成26,2014,3,死亡,総数,2636
平成26,2014,3,死亡,男,1453
平成26,2014,3,死亡,女,1183
平成26,2014,3,人口増減率,,0.03056
平成26,2014,3,社会増減率,,0.03677
平成26,2014,3,自然増減率,,-0.00621
平成26,2014,4,世帯数増減,,5274
平成26,2014,4,人口増減,総数,6029
平成26,2014,4,人口増減,男,3151
平成26,2014,4,人口増減,女,2878
平成26,2014,4,社会増減,総数,6236
平成26,2014,4,社会増減,男,3310
平成26,2014,4,社会増減,女,2926
平成26,2014,4,市外移動_転入,総数,19194
平成26,2014,4,市外移動_転入,男,10644
平成26,2014,4,市外移動_転入,女,8550
平成26,2014,4,市外移動_転出,総数,12803
平成26,2014,4,市外移動_転出,男,7237
平成26,2014,4,市外移動_転出,女,5566
平成26,2014,4,市内移動_転入,総数,7071
平成26,2014,4,市内移動_転入,男,3653
平成26,2014,4,市内移動_転入,女,3418
平成26,2014,4,市内移動_転出,総数,7065
平成26,2014,4,市内移動_転出,男,3648
平成26,2014,4,市内移動_転出,女,3417
平成26,2014,4,その他増減,総数,-161
平成26,2014,4,その他増減,男,-102
平成26,2014,4,その他増減,女,-59
平成26,2014,4,自然増減,総数,-207
平成26,2014,4,自然増減,男,-159
平成26,2014,4,自然増減,女,-48
平成26,2014,4,出生,総数,2339
平成26,2014,4,出生,男,1190
平成26,2014,4,出生,女,1149
平成26,2014,4,死亡,総数,2546
平成26,2014,4,死亡,男,1349
平成26,2014,4,死亡,女,1197
平成26,2014,4,人口増減率,,0.16285
平成26,2014,4,社会増減率,,0.16845
平成26,2014,4,自然増減率,,-0.00559
平成26,2014,5,世帯数増減,,916
平成26,2014,5,人口増減,総数,844
平成26,2014,5,人口増減,男,269
平成26,2014,5,人口増減,女,575
平成26,2014,5,社会増減,総数,787
平成26,2014,5,社会増減,男,314
平成26,2014,5,社会増減,女,473
平成26,2014,5,市外移動_転入,総数,9650
平成26,2014,5,市外移動_転入,男,5298
平成26,2014,5,市外移動_転入,女,4352
平成26,2014,5,市外移動_転出,総数,8781
平成26,2014,5,市外移動_転出,男,4908
平成26,2014,5,市外移動_転出,女,3873
平成26,2014,5,市内移動_転入,総数,5425
平成26,2014,5,市内移動_転入,男,2787
平成26,2014,5,市内移動_転入,女,2638
平成26,2014,5,市内移動_転出,総数,5423
平成26,2014,5,市内移動_転出,男,2786
平成26,2014,5,市内移動_転出,女,2637
平成26,2014,5,その他増減,総数,-84
平成26,2014,5,その他増減,男,-77
平成26,2014,5,その他増減,女,-7
平成26,2014,5,自然増減,総数,57
平成26,2014,5,自然増減,男,-45
平成26,2014,5,自然増減,女,102
平成26,2014,5,出生,総数,2455
平成26,2014,5,出生,男,1275
平成26,2014,5,出生,女,1180
平成26,2014,5,死亡,総数,2398
平成26,2014,5,死亡,男,1320
平成26,2014,5,死亡,女,1078
平成26,2014,5,人口増減率,,0.02276
平成26,2014,5,社会増減率,,0.02122
平成26,2014,5,自然増減率,,0.00154
平成26,2014,6,世帯数増減,,757
平成26,2014,6,人口増減,総数,811
平成26,2014,6,人口増減,男,263
平成26,2014,6,人口増減,女,548
平成26,2014,6,社会増減,総数,407
平成26,2014,6,社会増減,男,96
平成26,2014,6,社会増減,女,311
平成26,2014,6,市外移動_転入,総数,9750
平成26,2014,6,市外移動_転入,男,5278
平成26,2014,6,市外移動_転入,女,4472
平成26,2014,6,市外移動_転出,総数,9211
平成26,2014,6,市外移動_転出,男,5113
平成26,2014,6,市外移動_転出,女,4098
平成26,2014,6,市内移動_転入,総数,5349
平成26,2014,6,市内移動_転入,男,2717
平成26,2014,6,市内移動_転入,女,2632
平成26,2014,6,市内移動_転出,総数,5345
平成26,2014,6,市内移動_転出,男,2714
平成26,2014,6,市内移動_転出,女,2631
平成26,2014,6,その他増減,総数,-136
平成26,2014,6,その他増減,男,-72
平成26,2014,6,その他増減,女,-64
平成26,2014,6,自然増減,総数,404
平成26,2014,6,自然増減,男,167
平成26,2014,6,自然増減,女,237
平成26,2014,6,出生,総数,2590
平成26,2014,6,出生,男,1333
平成26,2014,6,出生,女,1257
平成26,2014,6,死亡,総数,2186
平成26,2014,6,死亡,男,1166
平成26,2014,6,死亡,女,1020
平成26,2014,6,人口増減率,,0.02187
平成26,2014,6,社会増減率,,0.01097
平成26,2014,6,自然増減率,,0.01089
平成26,2014,7,世帯数増減,,203
平成26,2014,7,人口増減,総数,-91
平成26,2014,7,人口増減,男,-167
平成26,2014,7,人口増減,女,76
平成26,2014,7,社会増減,総数,-444
平成26,2014,7,社会増減,男,-257
平成26,2014,7,社会増減,女,-187
平成26,2014,7,市外移動_転入,総数,10192
平成26,2014,7,市外移動_転入,男,5522
平成26,2014,7,市外移動_転入,女,4670
平成26,2014,7,市外移動_転出,総数,10423
平成26,2014,7,市外移動_転出,男,5615
平成26,2014,7,市外移動_転出,女,4808
平成26,2014,7,市内移動_転入,総数,5953
平成26,2014,7,市内移動_転入,男,3144
平成26,2014,7,市内移動_転入,女,2809
平成26,2014,7,市内移動_転出,総数,5948
平成26,2014,7,市内移動_転出,男,3139
平成26,2014,7,市内移動_転出,女,2809
平成26,2014,7,その他増減,総数,-218
平成26,2014,7,その他増減,男,-169
平成26,2014,7,その他増減,女,-49
平成26,2014,7,自然増減,総数,353
平成26,2014,7,自然増減,男,90
平成26,2014,7,自然増減,女,263
平成26,2014,7,出生,総数,2727
平成26,2014,7,出生,男,1403
平成26,2014,7,出生,女,1324
平成26,2014,7,死亡,総数,2374
平成26,2014,7,死亡,男,1313
平成26,2014,7,死亡,女,1061
平成26,2014,7,人口増減率,,-0.00245
平成26,2014,7,社会増減率,,-0.01197
平成26,2014,7,自然増減率,,0.00952
平成26,2014,8,世帯数増減,,128
平成26,2014,8,人口増減,総数,41
平成26,2014,8,人口増減,男,-116
平成26,2014,8,人口増減,女,157
平成26,2014,8,社会増減,総数,-290
平成26,2014,8,社会増減,男,-170
平成26,2014,8,社会増減,女,-120
平成26,2014,8,市外移動_転入,総数,9345
平成26,2014,8,市外移動_転入,男,5029
平成26,2014,8,市外移動_転入,女,4316
平成26,2014,8,市外移動_転出,総数,9489
平成26,2014,8,市外移動_転出,男,5095
平成26,2014,8,市外移動_転出,女,4394
平成26,2014,8,市内移動_転入,総数,5278
平成26,2014,8,市内移動_転入,男,2722
平成26,2014,8,市内移動_転入,女,2556
平成26,2014,8,市内移動_転出,総数,5271
平成26,2014,8,市内移動_転出,男,2717
平成26,2014,8,市内移動_転出,女,2554
平成26,2014,8,その他増減,総数,-153
平成26,2014,8,その他増減,男,-109
平成26,2014,8,その他増減,女,-44
平成26,2014,8,自然増減,総数,331
平成26,2014,8,自然増減,男,54
平成26,2014,8,自然増減,女,277
平成26,2014,8,出生,総数,2564
平成26,2014,8,出生,男,1302
平成26,2014,8,出生,女,1262
平成26,2014,8,死亡,総数,2233
平成26,2014,8,死亡,男,1248
平成26,2014,8,死亡,女,985
平成26,2014,8,人口増減率,,0.00111
平成26,2014,8,社会増減率,,-0.00782
平成26,2014,8,自然増減率,,0.00892
平成26,2014,9,世帯数増減,,511
平成26,2014,9,人口増減,総数,281
平成26,2014,9,人口増減,男,-115
平成26,2014,9,人口増減,女,396
平成26,2014,9,社会増減,総数,-85
平成26,2014,9,社会増減,男,-249
平成26,2014,9,社会増減,女,164
平成26,2014,9,市外移動_転入,総数,9967
平成26,2014,9,市外移動_転入,男,5384
平成26,2014,9,市外移動_転入,女,4583
平成26,2014,9,市外移動_転出,総数,10048
平成26,2014,9,市外移動_転出,男,5615
平成26,2014,9,市外移動_転出,女,4433
平成26,2014,9,市内移動_転入,総数,5660
平成26,2014,9,市内移動_転入,男,2942
平成26,2014,9,市内移動_転入,女,2718
平成26,2014,9,市内移動_転出,総数,5654
平成26,2014,9,市内移動_転出,男,2937
平成26,2014,9,市内移動_転出,女,2717
平成26,2014,9,その他増減,総数,-10
平成26,2014,9,その他増減,男,-23
平成26,2014,9,その他増減,女,13
平成26,2014,9,自然増減,総数,366
平成26,2014,9,自然増減,男,134
平成26,2014,9,自然増減,女,232
平成26,2014,9,出生,総数,2759
平成26,2014,9,出生,男,1400
平成26,2014,9,出生,女,1359
平成26,2014,9,死亡,総数,2393
平成26,2014,9,死亡,男,1266
平成26,2014,9,死亡,女,1127
平成26,2014,9,人口増減率,,0.00757
平成26,2014,9,社会増減率,,-0.00229
平成26,2014,9,自然増減率,,0.00987
平成26,2014,10,世帯数増減,,1142
平成26,2014,10,人口増減,総数,1532
平成26,2014,10,人口増減,男,762
平成26,2014,10,人口増減,女,770
平成26,2014,10,社会増減,総数,1150
平成26,2014,10,社会増減,男,609
平成26,2014,10,社会増減,女,541
平成26,2014,10,市外移動_転入,総数,10619
平成26,2014,10,市外移動_転入,男,5781
平成26,2014,10,市外移動_転入,女,4838
平成26,2014,10,市外移動_転出,総数,9374
平成26,2014,10,市外移動_転出,男,5088
平成26,2014,10,市外移動_転出,女,4286
平成26,2014,10,市内移動_転入,総数,5894
平成26,2014,10,市内移動_転入,男,3064
平成26,2014,10,市内移動_転入,女,2830
平成26,2014,10,市内移動_転出,総数,5890
平成26,2014,10,市内移動_転出,男,3061
平成26,2014,10,市内移動_転出,女,2829
平成26,2014,10,その他増減,総数,-99
平成26,2014,10,その他増減,男,-87
平成26,2014,10,その他増減,女,-12
平成26,2014,10,自然増減,総数,382
平成26,2014,10,自然増減,男,153
平成26,2014,10,自然増減,女,229
平成26,2014,10,出生,総数,2949
平成26,2014,10,出生,男,1522
平成26,2014,10,出生,女,1427
平成26,2014,10,死亡,総数,2567
平成26,2014,10,死亡,男,1369
平成26,2014,10,死亡,女,1198
平成26,2014,10,人口増減率,,0.04129
平成26,2014,10,社会増減率,,0.031
平成26,2014,10,自然増減率,,0.0103
平成26,2014,11,世帯数増減,,222
平成26,2014,11,人口増減,総数,91
平成26,2014,11,人口増減,男,-68
平成26,2014,11,人口増減,女,159
平成26,2014,11,社会増減,総数,-23
平成26,2014,11,社会増減,男,-71
平成26,2014,11,社会増減,女,48
平成26,2014,11,市外移動_転入,総数,7525
平成26,2014,11,市外移動_転入,男,4022
平成26,2014,11,市外移動_転入,女,3503
平成26,2014,11,市外移動_転出,総数,7507
平成26,2014,11,市外移動_転出,男,4073
平成26,2014,11,市外移動_転出,女,3434
平成26,2014,11,市内移動_転入,総数,5190
平成26,2014,11,市内移動_転入,男,2675
平成26,2014,11,市内移動_転入,女,2515
平成26,2014,11,市内移動_転出,総数,5185
平成26,2014,11,市内移動_転出,男,2670
平成26,2014,11,市内移動_転出,女,2515
平成26,2014,11,その他増減,総数,-46
平成26,2014,11,その他増減,男,-25
平成26,2014,11,その他増減,女,-21
平成26,2014,11,自然増減,総数,114
平成26,2014,11,自然増減,男,3
平成26,2014,11,自然増減,女,111
平成26,2014,11,出生,総数,2453
平成26,2014,11,出生,男,1274
平成26,2014,11,出生,女,1179
平成26,2014,11,死亡,総数,2339
平成26,2014,11,死亡,男,1271
平成26,2014,11,死亡,女,1068
平成26,2014,11,人口増減率,,0.00245
平成26,2014,11,社会増減率,,-0.00062
平成26,2014,11,自然増減率,,0.00307
平成26,2014,12,世帯数増減,,-60
平成26,2014,12,人口増減,総数,-181
平成26,2014,12,人口増減,男,-310
平成26,2014,12,人口増減,女,129
平成26,2014,12,社会増減,総数,-170
平成26,2014,12,社会増減,男,-235
平成26,2014,12,社会増減,女,65
平成26,2014,12,市外移動_転入,総数,9088
平成26,2014,12,市外移動_転入,男,4787
平成26,2014,12,市外移動_転入,女,4301
平成26,2014,12,市外移動_転出,総数,9207
平成26,2014,12,市外移動_転出,男,4979
平成26,2014,12,市外移動_転出,女,4228
平成26,2014,12,市内移動_転入,総数,6235
平成26,2014,12,市内移動_転入,男,3148
平成26,2014,12,市内移動_転入,女,3087
平成26,2014,12,市内移動_転出,総数,6235
平成26,2014,12,市内移動_転出,男,3148
平成26,2014,12,市内移動_転出,女,3087
平成26,2014,12,その他増減,総数,-51
平成26,2014,12,その他増減,男,-43
平成26,2014,12,その他増減,女,-8
平成26,2014,12,自然増減,総数,-11
平成26,2014,12,自然増減,男,-75
平成26,2014,12,自然増減,女,64
平成26,2014,12,出生,総数,2569
平成26,2014,12,出生,男,1306
平成26,2014,12,出生,女,1263
平成26,2014,12,死亡,総数,2580
平成26,2014,12,死亡,男,1381
平成26,2014,12,死亡,女,1199
平成26,2014,12,人口増減率,,-0.00488
平成26,2014,12,社会増減率,,-0.00458
平成26,2014,12,自然増減率,,-0.0003
平成27,2015,1,世帯数増減,,-248
平成27,2015,1,人口増減,総数,-626
平成27,2015,1,人口増減,男,-396
平成27,2015,1,人口増減,女,-230
平成27,2015,1,社会増減,総数,65
平成27,2015,1,社会増減,男,-21
平成27,2015,1,社会増減,女,86
平成27,2015,1,市外移動_転入,総数,8626
平成27,2015,1,市外移動_転入,男,4651
平成27,2015,1,市外移動_転入,女,3975
平成27,2015,1,市外移動_転出,総数,8421
平成27,2015,1,市外移動_転出,男,4577
平成27,2015,1,市外移動_転出,女,3844
平成27,2015,1,市内移動_転入,総数,4974
平成27,2015,1,市内移動_転入,男,2566
平成27,2015,1,市内移動_転入,女,2408
平成27,2015,1,市内移動_転出,総数,4970
平成27,2015,1,市内移動_転出,男,2563
平成27,2015,1,市内移動_転出,女,2407
平成27,2015,1,その他増減,総数,-144
平成27,2015,1,その他増減,男,-98
平成27,2015,1,その他増減,女,-46
平成27,2015,1,自然増減,総数,-691
平成27,2015,1,自然増減,男,-375
平成27,2015,1,自然増減,女,-316
平成27,2015,1,出生,総数,2794
平成27,2015,1,出生,男,1463
平成27,2015,1,出生,女,1331
平成27,2015,1,死亡,総数,3485
平成27,2015,1,死亡,男,1838
平成27,2015,1,死亡,女,1647
平成27,2015,1,人口増減率,,-0.01687
平成27,2015,1,社会増減率,,0.00175
平成27,2015,1,自然増減率,,-0.01862
平成27,2015,2,世帯数増減,,-258
平成27,2015,2,人口増減,総数,-1357
平成27,2015,2,人口増減,男,-711
平成27,2015,2,人口増減,女,-646
平成27,2015,2,社会増減,総数,-1094
平成27,2015,2,社会増減,男,-521
平成27,2015,2,社会増減,女,-573
平成27,2015,2,市外移動_転入,総数,9040
平成27,2015,2,市外移動_転入,男,5002
平成27,2015,2,市外移動_転入,女,4038
平成27,2015,2,市外移動_転出,総数,9992
平成27,2015,2,市外移動_転出,男,5374
平成27,2015,2,市外移動_転出,女,4618
平成27,2015,2,市内移動_転入,総数,5660
平成27,2015,2,市内移動_転入,男,2932
平成27,2015,2,市内移動_転入,女,2728
平成27,2015,2,市内移動_転出,総数,5653
平成27,2015,2,市内移動_転出,男,2928
平成27,2015,2,市内移動_転出,女,2725
平成27,2015,2,その他増減,総数,-149
平成27,2015,2,その他増減,男,-153
平成27,2015,2,その他増減,女,4
平成27,2015,2,自然増減,総数,-263
平成27,2015,2,自然増減,男,-190
平成27,2015,2,自然増減,女,-73
平成27,2015,2,出生,総数,2342
平成27,2015,2,出生,男,1200
平成27,2015,2,出生,女,1142
平成27,2015,2,死亡,総数,2605
平成27,2015,2,死亡,男,1390
平成27,2015,2,死亡,女,1215
平成27,2015,2,人口増減率,,-0.03657
平成27,2015,2,社会増減率,,-0.02948
平成27,2015,2,自然増減率,,-0.00709
平成27,2015,3,世帯数増減,,6753
平成27,2015,3,人口増減,総数,2703
平成27,2015,3,人口増減,男,797
平成27,2015,3,人口増減,女,1906
平成27,2015,3,社会増減,総数,2842
平成27,2015,3,社会増減,男,947
平成27,2015,3,社会増減,女,1895
平成27,2015,3,市外移動_転入,総数,28542
平成27,2015,3,市外移動_転入,男,15235
平成27,2015,3,市外移動_転入,女,13307
平成27,2015,3,市外移動_転出,総数,25776
平成27,2015,3,市外移動_転出,男,14283
平成27,2015,3,市外移動_転出,女,11493
平成27,2015,3,市内移動_転入,総数,9382
平成27,2015,3,市内移動_転入,男,4777
平成27,2015,3,市内移動_転入,女,4605
平成27,2015,3,市内移動_転出,総数,9378
平成27,2015,3,市内移動_転出,男,4773
平成27,2015,3,市内移動_転出,女,4605
平成27,2015,3,その他増減,総数,72
平成27,2015,3,その他増減,男,-9
平成27,2015,3,その他増減,女,81
平成27,2015,3,自然増減,総数,-139
平成27,2015,3,自然増減,男,-150
平成27,2015,3,自然増減,女,11
平成27,2015,3,出生,総数,2548
平成27,2015,3,出生,男,1326
平成27,2015,3,出生,女,1222
平成27,2015,3,死亡,総数,2687
平成27,2015,3,死亡,男,1476
平成27,2015,3,死亡,女,1211
平成27,2015,3,人口増減率,,0.07287
平成27,2015,3,社会増減率,,0.07661
平成27,2015,3,自然増減率,,-0.00375
平成27,2015,4,世帯数増減,,5944
平成27,2015,4,人口増減,総数,6743
平成27,2015,4,人口増減,男,3777
平成27,2015,4,人口増減,女,2966
平成27,2015,4,社会増減,総数,6736
平成27,2015,4,社会増減,男,3876
平成27,2015,4,社会増減,女,2860
平成27,2015,4,市外移動_転入,総数,19602
平成27,2015,4,市外移動_転入,男,11119
平成27,2015,4,市外移動_転入,女,8483
平成27,2015,4,市外移動_転出,総数,12826
平成27,2015,4,市外移動_転出,男,7188
平成27,2015,4,市外移動_転出,女,5638
平成27,2015,4,市内移動_転入,総数,7613
平成27,2015,4,市内移動_転入,男,3913
平成27,2015,4,市内移動_転入,女,3700
平成27,2015,4,市内移動_転出,総数,7607
平成27,2015,4,市内移動_転出,男,3908
平成27,2015,4,市内移動_転出,女,3699
平成27,2015,4,その他増減,総数,-46
平成27,2015,4,その他増減,男,-60
平成27,2015,4,その他増減,女,14
平成27,2015,4,自然増減,総数,7
平成27,2015,4,自然増減,男,-99
平成27,2015,4,自然増減,女,106
平成27,2015,4,出生,総数,2525
平成27,2015,4,出生,男,1301
平成27,2015,4,出生,女,1224
平成27,2015,4,死亡,総数,2518
平成27,2015,4,死亡,男,1400
平成27,2015,4,死亡,女,1118
平成27,2015,4,人口増減率,,0.18165
平成27,2015,4,社会増減率,,0.18146
平成27,2015,4,自然増減率,,0.00019
平成27,2015,5,世帯数増減,,849
平成27,2015,5,人口増減,総数,622
平成27,2015,5,人口増減,男,266
平成27,2015,5,人口増減,女,356
平成27,2015,5,社会増減,総数,338
平成27,2015,5,社会増減,男,202
平成27,2015,5,社会増減,女,136
平成27,2015,5,市外移動_転入,総数,9349
平成27,2015,5,市外移動_転入,男,5165
平成27,2015,5,市外移動_転入,女,4184
平成27,2015,5,市外移動_転出,総数,9013
平成27,2015,5,市外移動_転出,男,4964
平成27,2015,5,市外移動_転出,女,4049
平成27,2015,5,市内移動_転入,総数,5417
平成27,2015,5,市内移動_転入,男,2751
平成27,2015,5,市内移動_転入,女,2666
平成27,2015,5,市内移動_転出,総数,5411
平成27,2015,5,市内移動_転出,男,2748
平成27,2015,5,市内移動_転出,女,2663
平成27,2015,5,その他増減,総数,-4
平成27,2015,5,その他増減,男,-2
平成27,2015,5,その他増減,女,-2
平成27,2015,5,自然増減,総数,284
平成27,2015,5,自然増減,男,64
平成27,2015,5,自然増減,女,220
平成27,2015,5,出生,総数,2542
平成27,2015,5,出生,男,1289
平成27,2015,5,出生,女,1253
平成27,2015,5,死亡,総数,2258
平成27,2015,5,死亡,男,1225
平成27,2015,5,死亡,女,1033
平成27,2015,5,人口増減率,,0.01673
平成27,2015,5,社会増減率,,0.00909
平成27,2015,5,自然増減率,,0.00764
平成27,2015,6,世帯数増減,,853
平成27,2015,6,人口増減,総数,361
平成27,2015,6,人口増減,男,-175
平成27,2015,6,人口増減,女,536
平成27,2015,6,社会増減,総数,184
平成27,2015,6,社会増減,男,-192
平成27,2015,6,社会増減,女,376
平成27,2015,6,市外移動_転入,総数,10397
平成27,2015,6,市外移動_転入,男,5565
平成27,2015,6,市外移動_転入,女,4832
平成27,2015,6,市外移動_転出,総数,10203
平成27,2015,6,市外移動_転出,男,5702
平成27,2015,6,市外移動_転出,女,4501
平成27,2015,6,市内移動_転入,総数,6033
平成27,2015,6,市内移動_転入,男,3134
平成27,2015,6,市内移動_転入,女,2899
平成27,2015,6,市内移動_転出,総数,6027
平成27,2015,6,市内移動_転出,男,3128
平成27,2015,6,市内移動_転出,女,2899
平成27,2015,6,その他増減,総数,-16
平成27,2015,6,その他増減,男,-61
平成27,2015,6,その他増減,女,45
平成27,2015,6,自然増減,総数,177
平成27,2015,6,自然増減,男,17
平成27,2015,6,自然増減,女,160
平成27,2015,6,出生,総数,2595
平成27,2015,6,出生,男,1310
平成27,2015,6,出生,女,1285
平成27,2015,6,死亡,総数,2418
平成27,2015,6,死亡,男,1293
平成27,2015,6,死亡,女,1125
平成27,2015,6,人口増減率,,0.00971
平成27,2015,6,社会増減率,,0.00495
平成27,2015,6,自然増減率,,0.00476
平成27,2015,7,世帯数増減,,-106
平成27,2015,7,人口増減,総数,-508
平成27,2015,7,人口増減,男,-383
平成27,2015,7,人口増減,女,-125
平成27,2015,7,社会増減,総数,-721
平成27,2015,7,社会増減,男,-393
平成27,2015,7,社会増減,女,-328
平成27,2015,7,市外移動_転入,総数,10275
平成27,2015,7,市外移動_転入,男,5568
平成27,2015,7,市外移動_転入,女,4707
平成27,2015,7,市外移動_転出,総数,10706
平成27,2015,7,市外移動_転出,男,5776
平成27,2015,7,市外移動_転出,女,4930
平成27,2015,7,市内移動_転入,総数,5758
平成27,2015,7,市内移動_転入,男,2925
平成27,2015,7,市内移動_転入,女,2833
平成27,2015,7,市内移動_転出,総数,5752
平成27,2015,7,市内移動_転出,男,2920
平成27,2015,7,市内移動_転出,女,2832
平成27,2015,7,その他増減,総数,-296
平成27,2015,7,その他増減,男,-190
平成27,2015,7,その他増減,女,-106
平成27,2015,7,自然増減,総数,213
平成27,2015,7,自然増減,男,10
平成27,2015,7,自然増減,女,203
平成27,2015,7,出生,総数,2750
平成27,2015,7,出生,男,1394
平成27,2015,7,出生,女,1356
平成27,2015,7,死亡,総数,2537
平成27,2015,7,死亡,男,1384
平成27,2015,7,死亡,女,1153
平成27,2015,7,人口増減率,,-0.01366
平成27,2015,7,社会増減率,,-0.01938
平成27,2015,7,自然増減率,,0.00573
平成27,2015,8,世帯数増減,,190
平成27,2015,8,人口増減,総数,201
平成27,2015,8,人口増減,男,-102
平成27,2015,8,人口増減,女,303
平成27,2015,8,社会増減,総数,-126
平成27,2015,8,社会増減,男,-195
平成27,2015,8,社会増減,女,69
平成27,2015,8,市外移動_転入,総数,9732
平成27,2015,8,市外移動_転入,男,5206
平成27,2015,8,市外移動_転入,女,4526
平成27,2015,8,市外移動_転出,総数,9802
平成27,2015,8,市外移動_転出,男,5330
平成27,2015,8,市外移動_転出,女,4472
平成27,2015,8,市内移動_転入,総数,5618
平成27,2015,8,市内移動_転入,男,2927
平成27,2015,8,市内移動_転入,女,2691
平成27,2015,8,市内移動_転出,総数,5615
平成27,2015,8,市内移動_転出,男,2925
平成27,2015,8,市内移動_転出,女,2690
平成27,2015,8,その他増減,総数,-59
平成27,2015,8,その他増減,男,-73
平成27,2015,8,その他増減,女,14
平成27,2015,8,自然増減,総数,327
平成27,2015,8,自然増減,男,93
平成27,2015,8,自然増減,女,234
平成27,2015,8,出生,総数,2747
平成27,2015,8,出生,男,1430
平成27,2015,8,出生,女,1317
平成27,2015,8,死亡,総数,2420
平成27,2015,8,死亡,男,1337
平成27,2015,8,死亡,女,1083
平成27,2015,8,人口増減率,,0.0054
平成27,2015,8,社会増減率,,-0.00339
平成27,2015,8,自然増減率,,0.00879
平成27,2015,9,世帯数増減,,-59
平成27,2015,9,人口増減,総数,-943
平成27,2015,9,人口増減,男,-826
平成27,2015,9,人口増減,女,-117
平成27,2015,9,社会増減,総数,-1209
平成27,2015,9,社会増減,男,-970
平成27,2015,9,社会増減,女,-239
平成27,2015,9,市外移動_転入,総数,10331
平成27,2015,9,市外移動_転入,男,5648
平成27,2015,9,市外移動_転入,女,4683
平成27,2015,9,市外移動_転出,総数,11037
平成27,2015,9,市外移動_転出,男,6208
平成27,2015,9,市外移動_転出,女,4829
平成27,2015,9,市内移動_転入,総数,6220
平成27,2015,9,市内移動_転入,男,3240
平成27,2015,9,市内移動_転入,女,2980
平成27,2015,9,市内移動_転出,総数,6205
平成27,2015,9,市内移動_転出,男,3226
平成27,2015,9,市内移動_転出,女,2979
平成27,2015,9,その他増減,総数,-518
平成27,2015,9,その他増減,男,-424
平成27,2015,9,その他増減,女,-94
平成27,2015,9,自然増減,総数,266
平成27,2015,9,自然増減,男,144
平成27,2015,9,自然増減,女,122
平成27,2015,9,出生,総数,2614
平成27,2015,9,出生,男,1381
平成27,2015,9,出生,女,1233
平成27,2015,9,死亡,総数,2348
平成27,2015,9,死亡,男,1237
平成27,2015,9,死亡,女,1111
平成27,2015,9,人口増減率,,-0.02535
平成27,2015,9,社会増減率,,-0.0325
平成27,2015,9,自然増減率,,0.00715
平成27,2015,10,世帯数増減,,1150
平成27,2015,10,人口増減,総数,659
平成27,2015,10,人口増減,男,283
平成27,2015,10,人口増減,女,376
平成27,2015,10,社会増減,総数,632
平成27,2015,10,社会増減,男,371
平成27,2015,10,社会増減,女,261
平成27,2015,10,市外移動_転入,総数,10916
平成27,2015,10,市外移動_転入,男,6069
平成27,2015,10,市外移動_転入,女,4847
平成27,2015,10,市外移動_転出,総数,10152
平成27,2015,10,市外移動_転出,男,5545
平成27,2015,10,市外移動_転出,女,4607
平成27,2015,10,市内移動_転入,総数,6206
平成27,2015,10,市内移動_転入,男,3229
平成27,2015,10,市内移動_転入,女,2977
平成27,2015,10,市内移動_転出,総数,6189
平成27,2015,10,市内移動_転出,男,3217
平成27,2015,10,市内移動_転出,女,2972
平成27,2015,10,その他増減,総数,-149
平成27,2015,10,その他増減,男,-165
平成27,2015,10,その他増減,女,16
平成27,2015,10,自然増減,総数,27
平成27,2015,10,自然増減,男,-88
平成27,2015,10,自然増減,女,115
平成27,2015,10,出生,総数,2586
平成27,2015,10,出生,男,1305
平成27,2015,10,出生,女,1281
平成27,2015,10,死亡,総数,2559
平成27,2015,10,死亡,男,1393
平成27,2015,10,死亡,女,1166
平成27,2015,10,人口増減率,,0.01769
平成27,2015,10,社会増減率,,0.01697
平成27,2015,10,自然増減率,,0.00072
平成27,2015,11,世帯数増減,,23
平成27,2015,11,人口増減,総数,255
平成27,2015,11,人口増減,男,15
平成27,2015,11,人口増減,女,240
平成27,2015,11,社会増減,総数,113
平成27,2015,11,社会増減,男,8
平成27,2015,11,社会増減,女,105
平成27,2015,11,市外移動_転入,総数,8704
平成27,2015,11,市外移動_転入,男,4647
平成27,2015,11,市外移動_転入,女,4057
平成27,2015,11,市外移動_転出,総数,8591
平成27,2015,11,市外移動_転出,男,4585
平成27,2015,11,市外移動_転出,女,4006
平成27,2015,11,市内移動_転入,総数,5449
平成27,2015,11,市内移動_転入,男,2816
平成27,2015,11,市内移動_転入,女,2633
平成27,2015,11,市内移動_転出,総数,5440
平成27,2015,11,市内移動_転出,男,2810
平成27,2015,11,市内移動_転出,女,2630
平成27,2015,11,その他増減,総数,-9
平成27,2015,11,その他増減,男,-60
平成27,2015,11,その他増減,女,51
平成27,2015,11,自然増減,総数,142
平成27,2015,11,自然増減,男,7
平成27,2015,11,自然増減,女,135
平成27,2015,11,出生,総数,2558
平成27,2015,11,出生,男,1301
平成27,2015,11,出生,女,1257
平成27,2015,11,死亡,総数,2416
平成27,2015,11,死亡,男,1294
平成27,2015,11,死亡,女,1122
平成27,2015,11,人口増減率,,0.00684
平成27,2015,11,社会増減率,,0.00303
平成27,2015,11,自然増減率,,0.00381
平成27,2015,12,世帯数増減,,-443
平成27,2015,12,人口増減,総数,-1063
平成27,2015,12,人口増減,男,-786
平成27,2015,12,人口増減,女,-277
平成27,2015,12,社会増減,総数,-908
平成27,2015,12,社会増減,男,-635
平成27,2015,12,社会増減,女,-273
平成27,2015,12,市外移動_転入,総数,8521
平成27,2015,12,市外移動_転入,男,4527
平成27,2015,12,市外移動_転入,女,3994
平成27,2015,12,市外移動_転出,総数,9435
平成27,2015,12,市外移動_転出,男,5141
平成27,2015,12,市外移動_転出,女,4294
平成27,2015,12,市内移動_転入,総数,5812
平成27,2015,12,市内移動_転入,男,2959
平成27,2015,12,市内移動_転入,女,2853
平成27,2015,12,市内移動_転出,総数,5796
平成27,2015,12,市内移動_転出,男,2945
平成27,2015,12,市内移動_転出,女,2851
平成27,2015,12,その他増減,総数,-10
平成27,2015,12,その他増減,男,-35
平成27,2015,12,その他増減,女,25
平成27,2015,12,自然増減,総数,-155
平成27,2015,12,自然増減,男,-151
平成27,2015,12,自然増減,女,-4
平成27,2015,12,出生,総数,2327
平成27,2015,12,出生,男,1198
平成27,2015,12,出生,女,1129
平成27,2015,12,死亡,総数,2482
平成27,2015,12,死亡,男,1349
平成27,2015,12,死亡,女,1133
平成27,2015,12,人口増減率,,-0.02853
平成27,2015,12,社会増減率,,-0.02437
平成27,2015,12,自然増減率,,-0.00416
平成28,2016,1,世帯数増減,,-489
平成28,2016,1,人口増減,総数,-833
平成28,2016,1,人口増減,男,-572
平成28,2016,1,人口増減,女,-261
平成28,2016,1,社会増減,総数,-152
平成28,2016,1,社会増減,男,-152
平成28,2016,1,社会増減,女,0
平成28,2016,1,市外移動_転入,総数,8530
平成28,2016,1,市外移動_転入,男,4692
平成28,2016,1,市外移動_転入,女,3838
平成28,2016,1,市外移動_転出,総数,8624
平成28,2016,1,市外移動_転出,男,4769
平成28,2016,1,市外移動_転出,女,3855
平成28,2016,1,市内移動_転入,総数,4592
平成28,2016,1,市内移動_転入,男,2394
平成28,2016,1,市内移動_転入,女,2198
平成28,2016,1,市内移動_転出,総数,4573
平成28,2016,1,市内移動_転出,男,2377
平成28,2016,1,市内移動_転出,女,2196
平成28,2016,1,その他増減,総数,-77
平成28,2016,1,その他増減,男,-92
平成28,2016,1,その他増減,女,15
平成28,2016,1,自然増減,総数,-681
平成28,2016,1,自然増減,男,-420
平成28,2016,1,自然増減,女,-261
平成28,2016,1,出生,総数,2456
平成28,2016,1,出生,男,1256
平成28,2016,1,出生,女,1200
平成28,2016,1,死亡,総数,3137
平成28,2016,1,死亡,男,1676
平成28,2016,1,死亡,女,1461
平成28,2016,1,人口増減率,,-0.02314
平成28,2016,1,社会増減率,,-0.00947
平成28,2016,1,自然増減率,,-0.01367
平成28,2016,2,世帯数増減,,-278
平成28,2016,2,人口増減,総数,-1311
平成28,2016,2,人口増減,男,-939
平成28,2016,2,人口増減,女,-372
平成28,2016,2,社会増減,総数,-759
平成28,2016,2,社会増減,男,-505
平成28,2016,2,社会増減,女,-254
平成28,2016,2,市外移動_転入,総数,9440
平成28,2016,2,市外移動_転入,男,5125
平成28,2016,2,市外移動_転入,女,4315
平成28,2016,2,市外移動_転出,総数,10263
平成28,2016,2,市外移動_転出,男,5662
平成28,2016,2,市外移動_転出,女,4601
平成28,2016,2,市内移動_転入,総数,6136
平成28,2016,2,市内移動_転入,男,3183
平成28,2016,2,市内移動_転入,女,2953
平成28,2016,2,市内移動_転出,総数,6128
平成28,2016,2,市内移動_転出,男,3178
平成28,2016,2,市内移動_転出,女,2950
平成28,2016,2,その他増減,総数,56
平成28,2016,2,その他増減,男,27
平成28,2016,2,その他増減,女,29
平成28,2016,2,自然増減,総数,-552
平成28,2016,2,自然増減,男,-434
平成28,2016,2,自然増減,女,-118
平成28,2016,2,出生,総数,2343
平成28,2016,2,出生,男,1153
平成28,2016,2,出生,女,1190
平成28,2016,2,死亡,総数,2895
平成28,2016,2,死亡,男,1587
平成28,2016,2,死亡,女,1308
平成28,2016,2,人口増減率,,-0.03521
平成28,2016,2,社会増減率,,-0.02038
平成28,2016,2,自然増減率,,-0.01482
平成28,2016,3,世帯数増減,,7003
平成28,2016,3,人口増減,総数,2491
平成28,2016,3,人口増減,男,874
平成28,2016,3,人口増減,女,1617
平成28,2016,3,社会増減,総数,2866
平成28,2016,3,社会増減,男,1096
平成28,2016,3,社会増減,女,1770
平成28,2016,3,市外移動_転入,総数,27953
平成28,2016,3,市外移動_転入,男,14960
平成28,2016,3,市外移動_転入,女,12993
平成28,2016,3,市外移動_転出,総数,25226
平成28,2016,3,市外移動_転出,男,13880
平成28,2016,3,市外移動_転出,女,11346
平成28,2016,3,市内移動_転入,総数,8778
平成28,2016,3,市内移動_転入,男,4497
平成28,2016,3,市内移動_転入,女,4281
平成28,2016,3,市内移動_転出,総数,8767
平成28,2016,3,市内移動_転出,男,4491
平成28,2016,3,市内移動_転出,女,4276
平成28,2016,3,その他増減,総数,128
平成28,2016,3,その他増減,男,10
平成28,2016,3,その他増減,女,118
平成28,2016,3,自然増減,総数,-375
平成28,2016,3,自然増減,男,-222
平成28,2016,3,自然増減,女,-153
平成28,2016,3,出生,総数,2478
平成28,2016,3,出生,男,1280
平成28,2016,3,出生,女,1198
平成28,2016,3,死亡,総数,2853
平成28,2016,3,死亡,男,1502
平成28,2016,3,死亡,女,1351
平成28,2016,3,人口増減率,,0.06692
平成28,2016,3,社会増減率,,0.07699
平成28,2016,3,自然増減率,,-0.01007
平成28,2016,4,世帯数増減,,5116
平成28,2016,4,人口増減,総数,5664
平成28,2016,4,人口増減,男,2952
平成28,2016,4,人口増減,女,2712
平成28,2016,4,社会増減,総数,5791
平成28,2016,4,社会増減,男,3090
平成28,2016,4,社会増減,女,2701
平成28,2016,4,市外移動_転入,総数,18128
平成28,2016,4,市外移動_転入,男,9959
平成28,2016,4,市外移動_転入,女,8169
平成28,2016,4,市外移動_転出,総数,12273
平成28,2016,4,市外移動_転出,男,6829
平成28,2016,4,市外移動_転出,女,5444
平成28,2016,4,市内移動_転入,総数,6579
平成28,2016,4,市内移動_転入,男,3350
平成28,2016,4,市内移動_転入,女,3229
平成28,2016,4,市内移動_転出,総数,6570
平成28,2016,4,市内移動_転出,男,3342
平成28,2016,4,市内移動_転出,女,3228
平成28,2016,4,その他増減,総数,-73
平成28,2016,4,その他増減,男,-48
平成28,2016,4,その他増減,女,-25
平成28,2016,4,自然増減,総数,-127
平成28,2016,4,自然増減,男,-138
平成28,2016,4,自然増減,女,11
平成28,2016,4,出生,総数,2297
平成28,2016,4,出生,男,1180
平成28,2016,4,出生,女,1117
平成28,2016,4,死亡,総数,2424
平成28,2016,4,死亡,男,1318
平成28,2016,4,死亡,女,1106
平成28,2016,4,人口増減率,,0.15205
平成28,2016,4,社会増減率,,0.15546
平成28,2016,4,自然増減率,,-0.00341
平成28,2016,5,世帯数増減,,1071
平成28,2016,5,人口増減,総数,510
平成28,2016,5,人口増減,男,172
平成28,2016,5,人口増減,女,338
平成28,2016,5,社会増減,総数,667
平成28,2016,5,社会増減,男,340
平成28,2016,5,社会増減,女,327
平成28,2016,5,市外移動_転入,総数,10526
平成28,2016,5,市外移動_転入,男,5887
平成28,2016,5,市外移動_転入,女,4639
平成28,2016,5,市外移動_転出,総数,9852
平成28,2016,5,市外移動_転出,男,5514
平成28,2016,5,市外移動_転出,女,4338
平成28,2016,5,市内移動_転入,総数,5638
平成28,2016,5,市内移動_転入,男,2876
平成28,2016,5,市内移動_転入,女,2762
平成28,2016,5,市内移動_転出,総数,5633
平成28,2016,5,市内移動_転出,男,2872
平成28,2016,5,市内移動_転出,女,2761
平成28,2016,5,その他増減,総数,-12
平成28,2016,5,その他増減,男,-37
平成28,2016,5,その他増減,女,25
平成28,2016,5,自然増減,総数,-157
平成28,2016,5,自然増減,男,-168
平成28,2016,5,自然増減,女,11
平成28,2016,5,出生,総数,2511
平成28,2016,5,出生,男,1253
平成28,2016,5,出生,女,1258
平成28,2016,5,死亡,総数,2668
平成28,2016,5,死亡,男,1421
平成28,2016,5,死亡,女,1247
平成28,2016,5,人口増減率,,0.01367
平成28,2016,5,社会増減率,,0.01788
平成28,2016,5,自然増減率,,-0.00421
平成28,2016,6,世帯数増減,,948
平成28,2016,6,人口増減,総数,534
平成28,2016,6,人口増減,男,-65
平成28,2016,6,人口増減,女,599
平成28,2016,6,社会増減,総数,258
平成28,2016,6,社会増減,男,-124
平成28,2016,6,社会増減,女,382
平成28,2016,6,市外移動_転入,総数,9795
平成28,2016,6,市外移動_転入,男,5221
平成28,2016,6,市外移動_転入,女,4574
平成28,2016,6,市外移動_転出,総数,9483
平成28,2016,6,市外移動_転出,男,5310
平成28,2016,6,市外移動_転出,女,4173
平成28,2016,6,市内移動_転入,総数,5531
平成28,2016,6,市内移動_転入,男,2850
平成28,2016,6,市内移動_転入,女,2681
平成28,2016,6,市内移動_転出,総数,5523
平成28,2016,6,市内移動_転出,男,2843
平成28,2016,6,市内移動_転出,女,2680
平成28,2016,6,その他増減,総数,-62
平成28,2016,6,その他増減,男,-42
平成28,2016,6,その他増減,女,-20
平成28,2016,6,自然増減,総数,276
平成28,2016,6,自然増減,男,59
平成28,2016,6,自然増減,女,217
平成28,2016,6,出生,総数,2586
平成28,2016,6,出生,男,1299
平成28,2016,6,出生,女,1287
平成28,2016,6,死亡,総数,2310
平成28,2016,6,死亡,男,1240
平成28,2016,6,死亡,女,1070
平成28,2016,6,人口増減率,,0.01431
平成28,2016,6,社会増減率,,0.00691
平成28,2016,6,自然増減率,,0.0074
平成28,2016,7,世帯数増減,,-143
平成28,2016,7,人口増減,総数,-464
平成28,2016,7,人口増減,男,-363
平成28,2016,7,人口増減,女,-101
平成28,2016,7,社会増減,総数,-647
平成28,2016,7,社会増減,男,-395
平成28,2016,7,社会増減,女,-252
平成28,2016,7,市外移動_転入,総数,9457
平成28,2016,7,市外移動_転入,男,5133
平成28,2016,7,市外移動_転入,女,4324
平成28,2016,7,市外移動_転出,総数,9969
平成28,2016,7,市外移動_転出,男,5410
平成28,2016,7,市外移動_転出,女,4559
平成28,2016,7,市内移動_転入,総数,5396
平成28,2016,7,市内移動_転入,男,2756
平成28,2016,7,市内移動_転入,女,2640
平成28,2016,7,市内移動_転出,総数,5392
平成28,2016,7,市内移動_転出,男,2752
平成28,2016,7,市内移動_転出,女,2640
平成28,2016,7,その他増減,総数,-139
平成28,2016,7,その他増減,男,-122
平成28,2016,7,その他増減,女,-17
平成28,2016,7,自然増減,総数,183
平成28,2016,7,自然増減,男,32
平成28,2016,7,自然増減,女,151
平成28,2016,7,出生,総数,2473
平成28,2016,7,出生,男,1262
平成28,2016,7,出生,女,1211
平成28,2016,7,死亡,総数,2290
平成28,2016,7,死亡,男,1230
平成28,2016,7,死亡,女,1060
平成28,2016,7,人口増減率,,-0.01243
平成28,2016,7,社会増減率,,-0.01734
平成28,2016,7,自然増減率,,0.0049
平成28,2016,8,世帯数増減,,232
平成28,2016,8,人口増減,総数,185
平成28,2016,8,人口増減,男,42
平成28,2016,8,人口増減,女,143
平成28,2016,8,社会増減,総数,98
平成28,2016,8,社会増減,男,34
平成28,2016,8,社会増減,女,64
平成28,2016,8,市外移動_転入,総数,10310
平成28,2016,8,市外移動_転入,男,5558
平成28,2016,8,市外移動_転入,女,4752
平成28,2016,8,市外移動_転出,総数,10008
平成28,2016,8,市外移動_転出,男,5360
平成28,2016,8,市外移動_転出,女,4648
平成28,2016,8,市内移動_転入,総数,5727
平成28,2016,8,市内移動_転入,男,2942
平成28,2016,8,市内移動_転入,女,2785
平成28,2016,8,市内移動_転出,総数,5726
平成28,2016,8,市内移動_転出,男,2941
平成28,2016,8,市内移動_転出,女,2785
平成28,2016,8,その他増減,総数,-205
平成28,2016,8,その他増減,男,-165
平成28,2016,8,その他増減,女,-40
平成28,2016,8,自然増減,総数,87
平成28,2016,8,自然増減,男,8
平成28,2016,8,自然増減,女,79
平成28,2016,8,出生,総数,2719
平成28,2016,8,出生,男,1402
平成28,2016,8,出生,女,1317
平成28,2016,8,死亡,総数,2632
平成28,2016,8,死亡,男,1394
平成28,2016,8,死亡,女,1238
平成28,2016,8,人口増減率,,0.00496
平成28,2016,8,社会増減率,,0.00263
平成28,2016,8,自然増減率,,0.00233
平成28,2016,9,世帯数増減,,448
平成28,2016,9,人口増減,総数,-178
平成28,2016,9,人口増減,男,-231
平成28,2016,9,人口増減,女,53
平成28,2016,9,社会増減,総数,-153
平成28,2016,9,社会増減,男,-189
平成28,2016,9,社会増減,女,36
平成28,2016,9,市外移動_転入,総数,9554
平成28,2016,9,市外移動_転入,男,5163
平成28,2016,9,市外移動_転入,女,4391
平成28,2016,9,市外移動_転出,総数,9747
平成28,2016,9,市外移動_転出,男,5340
平成28,2016,9,市外移動_転出,女,4407
平成28,2016,9,市内移動_転入,総数,4884
平成28,2016,9,市内移動_転入,男,2550
平成28,2016,9,市内移動_転入,女,2334
平成28,2016,9,市内移動_転出,総数,4881
平成28,2016,9,市内移動_転出,男,2548
平成28,2016,9,市内移動_転出,女,2333
平成28,2016,9,その他増減,総数,37
平成28,2016,9,その他増減,男,-14
平成28,2016,9,その他増減,女,51
平成28,2016,9,自然増減,総数,-25
平成28,2016,9,自然増減,男,-42
平成28,2016,9,自然増減,女,17
平成28,2016,9,出生,総数,2580
平成28,2016,9,出生,男,1344
平成28,2016,9,出生,女,1236
平成28,2016,9,死亡,総数,2605
平成28,2016,9,死亡,男,1386
平成28,2016,9,死亡,女,1219
平成28,2016,9,人口増減率,,-0.00477
平成28,2016,9,社会増減率,,-0.0041
平成28,2016,9,自然増減率,,-0.00067
平成28,2016,10,世帯数増減,,1431
平成28,2016,10,人口増減,総数,1475
平成28,2016,10,人口増減,男,868
平成28,2016,10,人口増減,女,607
平成28,2016,10,社会増減,総数,1518
平成28,2016,10,社会増減,男,948
平成28,2016,10,社会増減,女,570
平成28,2016,10,市外移動_転入,総数,10411
平成28,2016,10,市外移動_転入,男,5780
平成28,2016,10,市外移動_転入,女,4631
平成28,2016,10,市外移動_転出,総数,8941
平成28,2016,10,市外移動_転出,男,4812
平成28,2016,10,市外移動_転出,女,4129
平成28,2016,10,市内移動_転入,総数,5160
平成28,2016,10,市内移動_転入,男,2714
平成28,2016,10,市内移動_転入,女,2446
平成28,2016,10,市内移動_転出,総数,5154
平成28,2016,10,市内移動_転出,男,2710
平成28,2016,10,市内移動_転出,女,2444
平成28,2016,10,その他増減,総数,42
平成28,2016,10,その他増減,男,-24
平成28,2016,10,その他増減,女,66
平成28,2016,10,自然増減,総数,-43
平成28,2016,10,自然増減,男,-80
平成28,2016,10,自然増減,女,37
平成28,2016,10,出生,総数,2509
平成28,2016,10,出生,男,1291
平成28,2016,10,出生,女,1218
平成28,2016,10,死亡,総数,2552
平成28,2016,10,死亡,男,1371
平成28,2016,10,死亡,女,1181
平成28,2016,10,人口増減率,,0.03953
平成28,2016,10,社会増減率,,0.04068
平成28,2016,10,自然増減率,,-0.00115
平成28,2016,11,世帯数増減,,-407
平成28,2016,11,人口増減,総数,-676
平成28,2016,11,人口増減,男,-525
平成28,2016,11,人口増減,女,-151
平成28,2016,11,社会増減,総数,-338
平成28,2016,11,社会増減,男,-317
平成28,2016,11,社会増減,女,-21
平成28,2016,11,市外移動_転入,総数,8436
平成28,2016,11,市外移動_転入,男,4454
平成28,2016,11,市外移動_転入,女,3982
平成28,2016,11,市外移動_転出,総数,8808
平成28,2016,11,市外移動_転出,男,4763
平成28,2016,11,市外移動_転出,女,4045
平成28,2016,11,市内移動_転入,総数,5607
平成28,2016,11,市内移動_転入,男,2909
平成28,2016,11,市内移動_転入,女,2698
平成28,2016,11,市内移動_転出,総数,5599
平成28,2016,11,市内移動_転出,男,2903
平成28,2016,11,市内移動_転出,女,2696
平成28,2016,11,その他増減,総数,26
平成28,2016,11,その他増減,男,-14
平成28,2016,11,その他増減,女,40
平成28,2016,11,自然増減,総数,-338
平成28,2016,11,自然増減,男,-208
平成28,2016,11,自然増減,女,-130
平成28,2016,11,出生,総数,2484
平成28,2016,11,出生,男,1272
平成28,2016,11,出生,女,1212
平成28,2016,11,死亡,総数,2822
平成28,2016,11,死亡,男,1480
平成28,2016,11,死亡,女,1342
平成28,2016,11,人口増減率,,-0.01811
平成28,2016,11,社会増減率,,-0.00905
平成28,2016,11,自然増減率,,-0.00905
平成28,2016,12,世帯数増減,,-278
平成28,2016,12,人口増減,総数,-996
平成28,2016,12,人口増減,男,-654
平成28,2016,12,人口増減,女,-342
平成28,2016,12,社会増減,総数,-664
平成28,2016,12,社会増減,男,-387
平成28,2016,12,社会増減,女,-277
平成28,2016,12,市外移動_転入,総数,8289
平成28,2016,12,市外移動_転入,男,4422
平成28,2016,12,市外移動_転入,女,3867
平成28,2016,12,市外移動_転出,総数,9040
平成28,2016,12,市外移動_転出,男,4847
平成28,2016,12,市外移動_転出,女,4193
平成28,2016,12,市内移動_転入,総数,5589
平成28,2016,12,市内移動_転入,男,2850
平成28,2016,12,市内移動_転入,女,2739
平成28,2016,12,市内移動_転出,総数,5581
平成28,2016,12,市内移動_転出,男,2845
平成28,2016,12,市内移動_転出,女,2736
平成28,2016,12,その他増減,総数,79
平成28,2016,12,その他増減,男,33
平成28,2016,12,その他増減,女,46
平成28,2016,12,自然増減,総数,-332
平成28,2016,12,自然増減,男,-267
平成28,2016,12,自然増減,女,-65
平成28,2016,12,出生,総数,2313
平成28,2016,12,出生,男,1179
平成28,2016,12,出生,女,1134
平成28,2016,12,死亡,総数,2645
平成28,2016,12,死亡,男,1446
平成28,2016,12,死亡,女,1199
平成28,2016,12,人口増減率,,-0.02669
平成28,2016,12,社会増減率,,-0.01779
平成28,2016,12,自然増減率,,-0.0089
平成29,2017,1,世帯数増減,,-379
平成29,2017,1,人口増減,総数,-938
平成29,2017,1,人口増減,男,-621
平成29,2017,1,人口増減,女,-317
平成29,2017,1,社会増減,総数,-194
平成29,2017,1,社会増減,男,-88
平成29,2017,1,社会増減,女,-106
平成29,2017,1,市外移動_転入,総数,8689
平成29,2017,1,市外移動_転入,男,4707
平成29,2017,1,市外移動_転入,女,3982
平成29,2017,1,市外移動_転出,総数,8878
平成29,2017,1,市外移動_転出,男,4791
平成29,2017,1,市外移動_転出,女,4087
平成29,2017,1,市内移動_転入,総数,4869
平成29,2017,1,市内移動_転入,男,2512
平成29,2017,1,市内移動_転入,女,2357
平成29,2017,1,市内移動_転出,総数,4863
平成29,2017,1,市内移動_転出,男,2507
平成29,2017,1,市内移動_転出,女,2356
平成29,2017,1,その他増減,総数,-11
平成29,2017,1,その他増減,男,-9
平成29,2017,1,その他増減,女,-2
平成29,2017,1,自然増減,総数,-744
平成29,2017,1,自然増減,男,-533
平成29,2017,1,自然増減,女,-211
平成29,2017,1,出生,総数,2556
平成29,2017,1,出生,男,1281
平成29,2017,1,出生,女,1275
平成29,2017,1,死亡,総数,3300
平成29,2017,1,死亡,男,1814
平成29,2017,1,死亡,女,1486
平成29,2017,1,人口増減率,,-0.02514
平成29,2017,1,社会増減率,,-0.0052
平成29,2017,1,自然増減率,,-0.01994
平成29,2017,2,世帯数増減,,-921
平成29,2017,2,人口増減,総数,-2137
平成29,2017,2,人口増減,男,-1390
平成29,2017,2,人口増減,女,-747
平成29,2017,2,社会増減,総数,-1401
平成29,2017,2,社会増減,男,-953
平成29,2017,2,社会増減,女,-448
平成29,2017,2,市外移動_転入,総数,8725
平成29,2017,2,市外移動_転入,男,4653
平成29,2017,2,市外移動_転入,女,4072
平成29,2017,2,市外移動_転出,総数,10106
平成29,2017,2,市外移動_転出,男,5547
平成29,2017,2,市外移動_転出,女,4559
平成29,2017,2,市内移動_転入,総数,5478
平成29,2017,2,市内移動_転入,男,2802
平成29,2017,2,市内移動_転入,女,2676
平成29,2017,2,市内移動_転出,総数,5471
平成29,2017,2,市内移動_転出,男,2797
平成29,2017,2,市内移動_転出,女,2674
平成29,2017,2,その他増減,総数,-27
平成29,2017,2,その他増減,男,-64
平成29,2017,2,その他増減,女,37
平成29,2017,2,自然増減,総数,-736
平成29,2017,2,自然増減,男,-437
平成29,2017,2,自然増減,女,-299
平成29,2017,2,出生,総数,2144
平成29,2017,2,出生,男,1110
平成29,2017,2,出生,女,1034
平成29,2017,2,死亡,総数,2880
平成29,2017,2,死亡,男,1547
平成29,2017,2,死亡,女,1333
平成29,2017,2,人口増減率,,-0.05729
平成29,2017,2,社会増減率,,-0.03756
平成29,2017,2,自然増減率,,-0.01973
平成29,2017,3,世帯数増減,,5814
平成29,2017,3,人口増減,総数,103
平成29,2017,3,人口増減,男,-747
平成29,2017,3,人口増減,女,850
平成29,2017,3,社会増減,総数,663
平成29,2017,3,社会増減,男,-361
平成29,2017,3,社会増減,女,1024
平成29,2017,3,市外移動_転入,総数,26735
平成29,2017,3,市外移動_転入,男,13996
平成29,2017,3,市外移動_転入,女,12739
平成29,2017,3,市外移動_転出,総数,26213
平成29,2017,3,市外移動_転出,男,14406
平成29,2017,3,市外移動_転出,女,11807
平成29,2017,3,市内移動_転入,総数,9095
平成29,2017,3,市内移動_転入,男,4573
平成29,2017,3,市内移動_転入,女,4522
平成29,2017,3,市内移動_転出,総数,9080
平成29,2017,3,市内移動_転出,男,4560
平成29,2017,3,市内移動_転出,女,4520
平成29,2017,3,その他増減,総数,126
平成29,2017,3,その他増減,男,36
平成29,2017,3,その他増減,女,90
平成29,2017,3,自然増減,総数,-560
平成29,2017,3,自然増減,男,-386
平成29,2017,3,自然増減,女,-174
平成29,2017,3,出生,総数,2395
平成29,2017,3,出生,男,1229
平成29,2017,3,出生,女,1166
平成29,2017,3,死亡,総数,2955
平成29,2017,3,死亡,男,1615
平成29,2017,3,死亡,女,1340
平成29,2017,3,人口増減率,,0.00276
平成29,2017,3,社会増減率,,0.01778
平成29,2017,3,自然増減率,,-0.01502
平成29,2017,4,世帯数増減,,5674
平成29,2017,4,人口増減,総数,5683
平成29,2017,4,人口増減,男,3266
平成29,2017,4,人口増減,女,2417
平成29,2017,4,社会増減,総数,6119
平成29,2017,4,社会増減,男,3551
平成29,2017,4,社会増減,女,2568
平成29,2017,4,市外移動_転入,総数,18429
平成29,2017,4,市外移動_転入,男,10336
平成29,2017,4,市外移動_転入,女,8093
平成29,2017,4,市外移動_転出,総数,12309
平成29,2017,4,市外移動_転出,男,6770
平成29,2017,4,市外移動_転出,女,5539
平成29,2017,4,市内移動_転入,総数,6532
平成29,2017,4,市内移動_転入,男,3328
平成29,2017,4,市内移動_転入,女,3204
平成29,2017,4,市内移動_転出,総数,6525
平成29,2017,4,市内移動_転出,男,3324
平成29,2017,4,市内移動_転出,女,3201
平成29,2017,4,その他増減,総数,-8
平成29,2017,4,その他増減,男,-19
平成29,2017,4,その他増減,女,11
平成29,2017,4,自然増減,総数,-436
平成29,2017,4,自然増減,男,-285
平成29,2017,4,自然増減,女,-151
平成29,2017,4,出生,総数,2161
平成29,2017,4,出生,男,1119
平成29,2017,4,出生,女,1042
平成29,2017,4,死亡,総数,2597
平成29,2017,4,死亡,男,1404
平成29,2017,4,死亡,女,1193
平成29,2017,4,人口増減率,,0.15244
平成29,2017,4,社会増減率,,0.16413
平成29,2017,4,自然増減率,,-0.01169
平成29,2017,5,世帯数増減,,890
平成29,2017,5,人口増減,総数,168
平成29,2017,5,人口増減,男,-76
平成29,2017,5,人口増減,女,244
平成29,2017,5,社会増減,総数,340
平成29,2017,5,社会増減,男,88
平成29,2017,5,社会増減,女,252
平成29,2017,5,市外移動_転入,総数,10681
平成29,2017,5,市外移動_転入,男,5860
平成29,2017,5,市外移動_転入,女,4821
平成29,2017,5,市外移動_転出,総数,10424
平成29,2017,5,市外移動_転出,男,5809
平成29,2017,5,市外移動_転出,女,4615
平成29,2017,5,市内移動_転入,総数,5955
平成29,2017,5,市内移動_転入,男,3019
平成29,2017,5,市内移動_転入,女,2936
平成29,2017,5,市内移動_転出,総数,5947
平成29,2017,5,市内移動_転出,男,3014
平成29,2017,5,市内移動_転出,女,2933
平成29,2017,5,その他増減,総数,75
平成29,2017,5,その他増減,男,32
平成29,2017,5,その他増減,女,43
平成29,2017,5,自然増減,総数,-172
平成29,2017,5,自然増減,男,-164
平成29,2017,5,自然増減,女,-8
平成29,2017,5,出生,総数,2495
平成29,2017,5,出生,男,1297
平成29,2017,5,出生,女,1198
平成29,2017,5,死亡,総数,2667
平成29,2017,5,死亡,男,1461
平成29,2017,5,死亡,女,1206
平成29,2017,5,人口増減率,,0.0045
平成29,2017,5,社会増減率,,0.00911
平成29,2017,5,自然増減率,,-0.00461
平成29,2017,6,世帯数増減,,926
平成29,2017,6,人口増減,総数,-2
平成29,2017,6,人口増減,男,-177
平成29,2017,6,人口増減,女,175
平成29,2017,6,社会増減,総数,110
平成29,2017,6,社会増減,男,-45
平成29,2017,6,社会増減,女,155
平成29,2017,6,市外移動_転入,総数,10043
平成29,2017,6,市外移動_転入,男,5357
平成29,2017,6,市外移動_転入,女,4686
平成29,2017,6,市外移動_転出,総数,9891
平成29,2017,6,市外移動_転出,男,5371
平成29,2017,6,市外移動_転出,女,4520
平成29,2017,6,市内移動_転入,総数,5560
平成29,2017,6,市内移動_転入,男,2848
平成29,2017,6,市内移動_転入,女,2712
平成29,2017,6,市内移動_転出,総数,5556
平成29,2017,6,市内移動_転出,男,2844
平成29,2017,6,市内移動_転出,女,2712
平成29,2017,6,その他増減,総数,-46
平成29,2017,6,その他増減,男,-35
平成29,2017,6,その他増減,女,-11
平成29,2017,6,自然増減,総数,-112
平成29,2017,6,自然増減,男,-132
平成29,2017,6,自然増減,女,20
平成29,2017,6,出生,総数,2262
平成29,2017,6,出生,男,1142
平成29,2017,6,出生,女,1120
平成29,2017,6,死亡,総数,2374
平成29,2017,6,死亡,男,1274
平成29,2017,6,死亡,女,1100
平成29,2017,6,人口増減率,,-0.00005
平成29,2017,6,社会増減率,,0.00295
平成29,2017,6,自然増減率,,-0.003
平成29,2017,7,世帯数増減,,214
平成29,2017,7,人口増減,総数,-87
平成29,2017,7,人口増減,男,-186
平成29,2017,7,人口増減,女,99
平成29,2017,7,社会増減,総数,22
平成29,2017,7,社会増減,男,37
平成29,2017,7,社会増減,女,-15
平成29,2017,7,市外移動_転入,総数,10088
平成29,2017,7,市外移動_転入,男,5433
平成29,2017,7,市外移動_転入,女,4655
平成29,2017,7,市外移動_転出,総数,10008
平成29,2017,7,市外移動_転出,男,5335
平成29,2017,7,市外移動_転出,女,4673
平成29,2017,7,市内移動_転入,総数,5413
平成29,2017,7,市内移動_転入,男,2769
平成29,2017,7,市内移動_転入,女,2644
平成29,2017,7,市内移動_転出,総数,5410
平成29,2017,7,市内移動_転出,男,2767
平成29,2017,7,市内移動_転出,女,2643
平成29,2017,7,その他増減,総数,-61
平成29,2017,7,その他増減,男,-63
平成29,2017,7,その他増減,女,2
平成29,2017,7,自然増減,総数,-109
平成29,2017,7,自然増減,男,-223
平成29,2017,7,自然増減,女,114
平成29,2017,7,出生,総数,2322
平成29,2017,7,出生,男,1155
平成29,2017,7,出生,女,1167
平成29,2017,7,死亡,総数,2431
平成29,2017,7,死亡,男,1378
平成29,2017,7,死亡,女,1053
平成29,2017,7,人口増減率,,-0.00233
平成29,2017,7,社会増減率,,0.00059
平成29,2017,7,自然増減率,,-0.00292
平成29,2017,8,世帯数増減,,202
平成29,2017,8,人口増減,総数,-95
平成29,2017,8,人口増減,男,-187
平成29,2017,8,人口増減,女,92
平成29,2017,8,社会増減,総数,37
平成29,2017,8,社会増減,男,-73
平成29,2017,8,社会増減,女,110
平成29,2017,8,市外移動_転入,総数,10076
平成29,2017,8,市外移動_転入,男,5347
平成29,2017,8,市外移動_転入,女,4729
平成29,2017,8,市外移動_転出,総数,9967
平成29,2017,8,市外移動_転出,男,5343
平成29,2017,8,市外移動_転出,女,4624
平成29,2017,8,市内移動_転入,総数,5480
平成29,2017,8,市内移動_転入,男,2845
平成29,2017,8,市内移動_転入,女,2635
平成29,2017,8,市内移動_転出,総数,5477
平成29,2017,8,市内移動_転出,男,2842
平成29,2017,8,市内移動_転出,女,2635
平成29,2017,8,その他増減,総数,-75
平成29,2017,8,その他増減,男,-80
平成29,2017,8,その他増減,女,5
平成29,2017,8,自然増減,総数,-132
平成29,2017,8,自然増減,男,-114
平成29,2017,8,自然増減,女,-18
平成29,2017,8,出生,総数,2578
平成29,2017,8,出生,男,1301
平成29,2017,8,出生,女,1277
平成29,2017,8,死亡,総数,2710
平成29,2017,8,死亡,男,1415
平成29,2017,8,死亡,女,1295
平成29,2017,8,人口増減率,,-0.00254
平成29,2017,8,社会増減率,,0.00099
平成29,2017,8,自然増減率,,-0.00354
平成29,2017,9,世帯数増減,,240
平成29,2017,9,人口増減,総数,-557
平成29,2017,9,人口増減,男,-640
平成29,2017,9,人口増減,女,83
平成29,2017,9,社会増減,総数,-500
平成29,2017,9,社会増減,男,-542
平成29,2017,9,社会増減,女,42
平成29,2017,9,市外移動_転入,総数,9383
平成29,2017,9,市外移動_転入,男,4990
平成29,2017,9,市外移動_転入,女,4393
平成29,2017,9,市外移動_転出,総数,9835
平成29,2017,9,市外移動_転出,男,5461
平成29,2017,9,市外移動_転出,女,4374
平成29,2017,9,市内移動_転入,総数,5084
平成29,2017,9,市内移動_転入,男,2646
平成29,2017,9,市内移動_転入,女,2438
平成29,2017,9,市内移動_転出,総数,5078
平成29,2017,9,市内移動_転出,男,2642
平成29,2017,9,市内移動_転出,女,2436
平成29,2017,9,その他増減,総数,-54
平成29,2017,9,その他増減,男,-75
平成29,2017,9,その他増減,女,21
平成29,2017,9,自然増減,総数,-57
平成29,2017,9,自然増減,男,-98
平成29,2017,9,自然増減,女,41
平成29,2017,9,出生,総数,2413
平成29,2017,9,出生,男,1229
平成29,2017,9,出生,女,1184
平成29,2017,9,死亡,総数,2470
平成29,2017,9,死亡,男,1327
平成29,2017,9,死亡,女,1143
平成29,2017,9,人口増減率,,-0.01492
平成29,2017,9,社会増減率,,-0.01339
平成29,2017,9,自然増減率,,-0.00153
平成29,2017,10,世帯数増減,,1430
平成29,2017,10,人口増減,総数,1346
平成29,2017,10,人口増減,男,603
平成29,2017,10,人口増減,女,743
平成29,2017,10,社会増減,総数,1457
平成29,2017,10,社会増減,男,684
平成29,2017,10,社会増減,女,773
平成29,2017,10,市外移動_転入,総数,11004
平成29,2017,10,市外移動_転入,男,5918
平成29,2017,10,市外移動_転入,女,5086
平成29,2017,10,市外移動_転出,総数,9572
平成29,2017,10,市外移動_転出,男,5203
平成29,2017,10,市外移動_転出,女,4369
平成29,2017,10,市内移動_転入,総数,5463
平成29,2017,10,市内移動_転入,男,2833
平成29,2017,10,市内移動_転入,女,2630
平成29,2017,10,市内移動_転出,総数,5456
平成29,2017,10,市内移動_転出,男,2826
平成29,2017,10,市内移動_転出,女,2630
平成29,2017,10,その他増減,総数,18
平成29,2017,10,その他増減,男,-38
平成29,2017,10,その他増減,女,56
平成29,2017,10,自然増減,総数,-111
平成29,2017,10,自然増減,男,-81
平成29,2017,10,自然増減,女,-30
平成29,2017,10,出生,総数,2632
平成29,2017,10,出生,男,1391
平成29,2017,10,出生,女,1241
平成29,2017,10,死亡,総数,2743
平成29,2017,10,死亡,男,1472
平成29,2017,10,死亡,女,1271
平成29,2017,10,人口増減率,,0.03605
平成29,2017,10,社会増減率,,0.03903
平成29,2017,10,自然増減率,,-0.00297
平成29,2017,11,世帯数増減,,-65
平成29,2017,11,人口増減,総数,-568
平成29,2017,11,人口増減,男,-428
平成29,2017,11,人口増減,女,-140
平成29,2017,11,社会増減,総数,-148
平成29,2017,11,社会増減,男,-122
平成29,2017,11,社会増減,女,-26
平成29,2017,11,市外移動_転入,総数,8468
平成29,2017,11,市外移動_転入,男,4540
平成29,2017,11,市外移動_転入,女,3928
平成29,2017,11,市外移動_転出,総数,8365
平成29,2017,11,市外移動_転出,男,4529
平成29,2017,11,市外移動_転出,女,3836
平成29,2017,11,市内移動_転入,総数,5486
平成29,2017,11,市内移動_転入,男,2771
平成29,2017,11,市内移動_転入,女,2715
平成29,2017,11,市内移動_転出,総数,5485
平成29,2017,11,市内移動_転出,男,2770
平成29,2017,11,市内移動_転出,女,2715
平成29,2017,11,その他増減,総数,-252
平成29,2017,11,その他増減,男,-134
平成29,2017,11,その他増減,女,-118
平成29,2017,11,自然増減,総数,-420
平成29,2017,11,自然増減,男,-306
平成29,2017,11,自然増減,女,-114
平成29,2017,11,出生,総数,2394
平成29,2017,11,出生,男,1233
平成29,2017,11,出生,女,1161
平成29,2017,11,死亡,総数,2814
平成29,2017,11,死亡,男,1539
平成29,2017,11,死亡,女,1275
平成29,2017,11,人口増減率,,-0.01521
平成29,2017,11,社会増減率,,-0.00396
平成29,2017,11,自然増減率,,-0.01125
平成29,2017,12,世帯数増減,,-426
平成29,2017,12,人口増減,総数,-928
平成29,2017,12,人口増減,男,-684
平成29,2017,12,人口増減,女,-244
平成29,2017,12,社会増減,総数,-444
平成29,2017,12,社会増減,男,-350
平成29,2017,12,社会増減,女,-94
平成29,2017,12,市外移動_転入,総数,8438
平成29,2017,12,市外移動_転入,男,4518
平成29,2017,12,市外移動_転入,女,3920
平成29,2017,12,市外移動_転出,総数,8950
平成29,2017,12,市外移動_転出,男,4895
平成29,2017,12,市外移動_転出,女,4055
平成29,2017,12,市内移動_転入,総数,5278
平成29,2017,12,市内移動_転入,男,2666
平成29,2017,12,市内移動_転入,女,2612
平成29,2017,12,市内移動_転出,総数,5279
平成29,2017,12,市内移動_転出,男,2667
平成29,2017,12,市内移動_転出,女,2612
平成29,2017,12,その他増減,総数,69
平成29,2017,12,その他増減,男,28
平成29,2017,12,その他増減,女,41
平成29,2017,12,自然増減,総数,-484
平成29,2017,12,自然増減,男,-334
平成29,2017,12,自然増減,女,-150
平成29,2017,12,出生,総数,2259
平成29,2017,12,出生,男,1122
平成29,2017,12,出生,女,1137
平成29,2017,12,死亡,総数,2743
平成29,2017,12,死亡,男,1456
平成29,2017,12,死亡,女,1287
平成29,2017,12,人口増減率,,-0.02485
平成29,2017,12,社会増減率,,-0.01189
平成29,2017,12,自然増減率,,-0.01296
平成30,2018,1,世帯数増減,,-558
平成30,2018,1,人口増減,総数,-1419
平成30,2018,1,人口増減,男,-724
平成30,2018,1,人口増減,女,-695
平成30,2018,1,社会増減,総数,-216
平成30,2018,1,社会増減,男,-60
平成30,2018,1,社会増減,女,-156
平成30,2018,1,市外移動_転入,総数,8882
平成30,2018,1,市外移動_転入,男,4853
平成30,2018,1,市外移動_転入,女,4029
平成30,2018,1,市外移動_転出,総数,9078
平成30,2018,1,市外移動_転出,男,4882
平成30,2018,1,市外移動_転出,女,4196
平成30,2018,1,市内移動_転入,総数,5047
平成30,2018,1,市内移動_転入,男,2674
平成30,2018,1,市内移動_転入,女,2373
平成30,2018,1,市内移動_転出,総数,5044
平成30,2018,1,市内移動_転出,男,2671
平成30,2018,1,市内移動_転出,女,2373
平成30,2018,1,その他増減,総数,-23
平成30,2018,1,その他増減,男,-34
平成30,2018,1,その他増減,女,11
平成30,2018,1,自然増減,総数,-1203
平成30,2018,1,自然増減,男,-664
平成30,2018,1,自然増減,女,-539
平成30,2018,1,出生,総数,2397
平成30,2018,1,出生,男,1249
平成30,2018,1,出生,女,1148
平成30,2018,1,死亡,総数,3600
平成30,2018,1,死亡,男,1913
平成30,2018,1,死亡,女,1687
平成30,2018,1,人口増減率,,-0.03801
平成30,2018,1,社会増減率,,-0.00579
平成30,2018,1,自然増減率,,-0.03223
平成30,2018,2,世帯数増減,,-532
平成30,2018,2,人口増減,総数,-1936
平成30,2018,2,人口増減,男,-1008
平成30,2018,2,人口増減,女,-928
平成30,2018,2,社会増減,総数,-1071
平成30,2018,2,社会増減,男,-536
平成30,2018,2,社会増減,女,-535
平成30,2018,2,市外移動_転入,総数,9199
平成30,2018,2,市外移動_転入,男,4972
平成30,2018,2,市外移動_転入,女,4227
平成30,2018,2,市外移動_転出,総数,10316
平成30,2018,2,市外移動_転出,男,5511
平成30,2018,2,市外移動_転出,女,4805
平成30,2018,2,市内移動_転入,総数,5634
平成30,2018,2,市内移動_転入,男,2839
平成30,2018,2,市内移動_転入,女,2795
平成30,2018,2,市内移動_転出,総数,5631
平成30,2018,2,市内移動_転出,男,2837
平成30,2018,2,市内移動_転出,女,2794
平成30,2018,2,その他増減,総数,43
平成30,2018,2,その他増減,男,1
平成30,2018,2,その他増減,女,42
平成30,2018,2,自然増減,総数,-865
平成30,2018,2,自然増減,男,-472
平成30,2018,2,自然増減,女,-393
平成30,2018,2,出生,総数,2109
平成30,2018,2,出生,男,1074
平成30,2018,2,出生,女,1035
平成30,2018,2,死亡,総数,2974
平成30,2018,2,死亡,男,1546
平成30,2018,2,死亡,女,1428
平成30,2018,2,人口増減率,,-0.05188
平成30,2018,2,社会増減率,,-0.0287
平成30,2018,2,自然増減率,,-0.02318
平成30,2018,3,世帯数増減,,7257
平成30,2018,3,人口増減,総数,1977
平成30,2018,3,人口増減,男,562
平成30,2018,3,人口増減,女,1415
平成30,2018,3,社会増減,総数,2718
平成30,2018,3,社会増減,男,1008
平成30,2018,3,社会増減,女,1710
平成30,2018,3,市外移動_転入,総数,27486
平成30,2018,3,市外移動_転入,男,14443
平成30,2018,3,市外移動_転入,女,13043
平成30,2018,3,市外移動_転出,総数,24950
平成30,2018,3,市外移動_転出,男,13480
平成30,2018,3,市外移動_転出,女,11470
平成30,2018,3,市内移動_転入,総数,8747
平成30,2018,3,市内移動_転入,男,4378
平成30,2018,3,市内移動_転入,女,4369
平成30,2018,3,市内移動_転出,総数,8746
平成30,2018,3,市内移動_転出,男,4378
平成30,2018,3,市内移動_転出,女,4368
平成30,2018,3,その他増減,総数,181
平成30,2018,3,その他増減,男,45
平成30,2018,3,その他増減,女,136
平成30,2018,3,自然増減,総数,-741
平成30,2018,3,自然増減,男,-446
平成30,2018,3,自然増減,女,-295
平成30,2018,3,出生,総数,2134
平成30,2018,3,出生,男,1108
平成30,2018,3,出生,女,1026
平成30,2018,3,死亡,総数,2875
平成30,2018,3,死亡,男,1554
平成30,2018,3,死亡,女,1321
平成30,2018,3,人口増減率,,0.05301
平成30,2018,3,社会増減率,,0.07287
平成30,2018,3,自然増減率,,-0.01987
平成30,2018,4,世帯数増減,,6562
平成30,2018,4,人口増減,総数,7324
平成30,2018,4,人口増減,男,4059
平成30,2018,4,人口増減,女,3265
平成30,2018,4,社会増減,総数,7725
平成30,2018,4,社会増減,男,4290
平成30,2018,4,社会増減,女,3435
平成30,2018,4,市外移動_転入,総数,19954
平成30,2018,4,市外移動_転入,男,11016
平成30,2018,4,市外移動_転入,女,8938
平成30,2018,4,市外移動_転出,総数,12293
平成30,2018,4,市外移動_転出,男,6759
平成30,2018,4,市外移動_転出,女,5534
平成30,2018,4,市内移動_転入,総数,6810
平成30,2018,4,市内移動_転入,男,3497
平成30,2018,4,市内移動_転入,女,3313
平成30,2018,4,市内移動_転出,総数,6808
平成30,2018,4,市内移動_転出,男,3495
平成30,2018,4,市内移動_転出,女,3313
平成30,2018,4,その他増減,総数,62
平成30,2018,4,その他増減,男,31
平成30,2018,4,その他増減,女,31
平成30,2018,4,自然増減,総数,-401
平成30,2018,4,自然増減,男,-231
平成30,2018,4,自然増減,女,-170
平成30,2018,4,出生,総数,2103
平成30,2018,4,出生,男,1117
平成30,2018,4,出生,女,986
平成30,2018,4,死亡,総数,2504
平成30,2018,4,死亡,男,1348
平成30,2018,4,死亡,女,1156
平成30,2018,4,人口増減率,,0.19626
平成30,2018,4,社会増減率,,0.20701
平成30,2018,4,自然増減率,,-0.01075
平成30,2018,5,世帯数増減,,1669
平成30,2018,5,人口増減,総数,1467
平成30,2018,5,人口増減,男,511
平成30,2018,5,人口増減,女,956
平成30,2018,5,社会増減,総数,1716
平成30,2018,5,社会増減,男,685
平成30,2018,5,社会増減,女,1031
平成30,2018,5,市外移動_転入,総数,11704
平成30,2018,5,市外移動_転入,男,6313
平成30,2018,5,市外移動_転入,女,5391
平成30,2018,5,市外移動_転出,総数,10004
平成30,2018,5,市外移動_転出,男,5583
平成30,2018,5,市外移動_転出,女,4421
平成30,2018,5,市内移動_転入,総数,6017
平成30,2018,5,市内移動_転入,男,3109
平成30,2018,5,市内移動_転入,女,2908
平成30,2018,5,市内移動_転出,総数,6013
平成30,2018,5,市内移動_転出,男,3106
平成30,2018,5,市内移動_転出,女,2907
平成30,2018,5,その他増減,総数,12
平成30,2018,5,その他増減,男,-48
平成30,2018,5,その他増減,女,60
平成30,2018,5,自然増減,総数,-249
平成30,2018,5,自然増減,男,-174
平成30,2018,5,自然増減,女,-75
平成30,2018,5,出生,総数,2601
平成30,2018,5,出生,男,1324
平成30,2018,5,出生,女,1277
平成30,2018,5,死亡,総数,2850
平成30,2018,5,死亡,男,1498
平成30,2018,5,死亡,女,1352
平成30,2018,5,人口増減率,,0.03923
平成30,2018,5,社会増減率,,0.04589
平成30,2018,5,自然増減率,,-0.00666
平成30,2018,6,世帯数増減,,895
平成30,2018,6,人口増減,総数,336
平成30,2018,6,人口増減,男,-34
平成30,2018,6,人口増減,女,370
平成30,2018,6,社会増減,総数,372
平成30,2018,6,社会増減,男,27
平成30,2018,6,社会増減,女,345
平成30,2018,6,市外移動_転入,総数,9932
平成30,2018,6,市外移動_転入,男,5265
平成30,2018,6,市外移動_転入,女,4667
平成30,2018,6,市外移動_転出,総数,9542
平成30,2018,6,市外移動_転出,男,5208
平成30,2018,6,市外移動_転出,女,4334
平成30,2018,6,市内移動_転入,総数,5390
平成30,2018,6,市内移動_転入,男,2676
平成30,2018,6,市内移動_転入,女,2714
平成30,2018,6,市内移動_転出,総数,5385
平成30,2018,6,市内移動_転出,男,2673
平成30,2018,6,市内移動_転出,女,2712
平成30,2018,6,その他増減,総数,-23
平成30,2018,6,その他増減,男,-33
平成30,2018,6,その他増減,女,10
平成30,2018,6,自然増減,総数,-36
平成30,2018,6,自然増減,男,-61
平成30,2018,6,自然増減,女,25
平成30,2018,6,出生,総数,2353
平成30,2018,6,出生,男,1219
平成30,2018,6,出生,女,1134
平成30,2018,6,死亡,総数,2389
平成30,2018,6,死亡,男,1280
平成30,2018,6,死亡,女,1109
平成30,2018,6,人口増減率,,0.00898
平成30,2018,6,社会増減率,,0.00995
平成30,2018,6,自然増減率,,-0.00096
平成30,2018,7,世帯数増減,,390
平成30,2018,7,人口増減,総数,-216
平成30,2018,7,人口増減,男,-36
平成30,2018,7,人口増減,女,-180
平成30,2018,7,社会増減,総数,98
平成30,2018,7,社会増減,男,162
平成30,2018,7,社会増減,女,-64
平成30,2018,7,市外移動_転入,総数,10852
平成30,2018,7,市外移動_転入,男,5875
平成30,2018,7,市外移動_転入,女,4977
平成30,2018,7,市外移動_転出,総数,10579
平成30,2018,7,市外移動_転出,男,5591
平成30,2018,7,市外移動_転出,女,4988
平成30,2018,7,市内移動_転入,総数,5892
平成30,2018,7,市内移動_転入,男,3037
平成30,2018,7,市内移動_転入,女,2855
平成30,2018,7,市内移動_転出,総数,5889
平成30,2018,7,市内移動_転出,男,3033
平成30,2018,7,市内移動_転出,女,2856
平成30,2018,7,その他増減,総数,-178
平成30,2018,7,その他増減,男,-126
平成30,2018,7,その他増減,女,-52
平成30,2018,7,自然増減,総数,-314
平成30,2018,7,自然増減,男,-198
平成30,2018,7,自然増減,女,-116
平成30,2018,7,出生,総数,2324
平成30,2018,7,出生,男,1191
平成30,2018,7,出生,女,1133
平成30,2018,7,死亡,総数,2638
平成30,2018,7,死亡,男,1389
平成30,2018,7,死亡,女,1249
平成30,2018,7,人口増減率,,-0.00577
平成30,2018,7,社会増減率,,0.00262
平成30,2018,7,自然増減率,,-0.00839
平成30,2018,8,世帯数増減,,179
平成30,2018,8,人口増減,総数,-250
平成30,2018,8,人口増減,男,-160
平成30,2018,8,人口増減,女,-90
平成30,2018,8,社会増減,総数,-46
平成30,2018,8,社会増減,男,-28
平成30,2018,8,社会増減,女,-18
平成30,2018,8,市外移動_転入,総数,10263
平成30,2018,8,市外移動_転入,男,5560
平成30,2018,8,市外移動_転入,女,4703
平成30,2018,8,市外移動_転出,総数,10256
平成30,2018,8,市外移動_転出,男,5509
平成30,2018,8,市外移動_転出,女,4747
平成30,2018,8,市内移動_転入,総数,5478
平成30,2018,8,市内移動_転入,男,2826
平成30,2018,8,市内移動_転入,女,2652
平成30,2018,8,市内移動_転出,総数,5474
平成30,2018,8,市内移動_転出,男,2823
平成30,2018,8,市内移動_転出,女,2651
平成30,2018,8,その他増減,総数,-57
平成30,2018,8,その他増減,男,-82
平成30,2018,8,その他増減,女,25
平成30,2018,8,自然増減,総数,-204
平成30,2018,8,自然増減,男,-132
平成30,2018,8,自然増減,女,-72
平成30,2018,8,出生,総数,2559
平成30,2018,8,出生,男,1317
平成30,2018,8,出生,女,1242
平成30,2018,8,死亡,総数,2763
平成30,2018,8,死亡,男,1449
平成30,2018,8,死亡,女,1314
平成30,2018,8,人口増減率,,-0.00668
平成30,2018,8,社会増減率,,-0.00123
平成30,2018,8,自然増減率,,-0.00545
平成30,2018,9,世帯数増減,,469
平成30,2018,9,人口増減,総数,-195
平成30,2018,9,人口増減,男,-296
平成30,2018,9,人口増減,女,101
平成30,2018,9,社会増減,総数,35
平成30,2018,9,社会増減,男,-169
平成30,2018,9,社会増減,女,204
平成30,2018,9,市外移動_転入,総数,9358
平成30,2018,9,市外移動_転入,男,4979
平成30,2018,9,市外移動_転入,女,4379
平成30,2018,9,市外移動_転出,総数,9329
平成30,2018,9,市外移動_転出,男,5104
平成30,2018,9,市外移動_転出,女,4225
平成30,2018,9,市内移動_転入,総数,4834
平成30,2018,9,市内移動_転入,男,2511
平成30,2018,9,市内移動_転入,女,2323
平成30,2018,9,市内移動_転出,総数,4830
平成30,2018,9,市内移動_転出,男,2509
平成30,2018,9,市内移動_転出,女,2321
平成30,2018,9,その他増減,総数,2
平成30,2018,9,その他増減,男,-46
平成30,2018,9,その他増減,女,48
平成30,2018,9,自然増減,総数,-230
平成30,2018,9,自然増減,男,-127
平成30,2018,9,自然増減,女,-103
平成30,2018,9,出生,総数,2138
平成30,2018,9,出生,男,1115
平成30,2018,9,出生,女,1023
平成30,2018,9,死亡,総数,2368
平成30,2018,9,死亡,男,1242
平成30,2018,9,死亡,女,1126
平成30,2018,9,人口増減率,,-0.00521
平成30,2018,9,社会増減率,,0.00094
平成30,2018,9,自然増減率,,-0.00615
平成30,2018,10,世帯数増減,,1627
平成30,2018,10,人口増減,総数,1593
平成30,2018,10,人口増減,男,712
平成30,2018,10,人口増減,女,881
平成30,2018,10,社会増減,総数,1978
平成30,2018,10,社会増減,男,998
平成30,2018,10,社会増減,女,980
平成30,2018,10,市外移動_転入,総数,11944
平成30,2018,10,市外移動_転入,男,6489
平成30,2018,10,市外移動_転入,女,5455
平成30,2018,10,市外移動_転出,総数,9860
平成30,2018,10,市外移動_転出,男,5379
平成30,2018,10,市外移動_転出,女,4481
平成30,2018,10,市内移動_転入,総数,5976
平成30,2018,10,市内移動_転入,男,3054
平成30,2018,10,市内移動_転入,女,2922
平成30,2018,10,市内移動_転出,総数,5977
平成30,2018,10,市内移動_転出,男,3053
平成30,2018,10,市内移動_転出,女,2924
平成30,2018,10,その他増減,総数,-105
平成30,2018,10,その他増減,男,-113
平成30,2018,10,その他増減,女,8
平成30,2018,10,自然増減,総数,-385
平成30,2018,10,自然増減,男,-286
平成30,2018,10,自然増減,女,-99
平成30,2018,10,出生,総数,2611
平成30,2018,10,出生,男,1286
平成30,2018,10,出生,女,1325
平成30,2018,10,死亡,総数,2996
平成30,2018,10,死亡,男,1572
平成30,2018,10,死亡,女,1424
平成30,2018,10,人口増減率,,0.04259
平成30,2018,10,社会増減率,,0.05289
平成30,2018,10,自然増減率,,-0.01029
平成30,2018,11,世帯数増減,,-33
平成30,2018,11,人口増減,総数,-510
平成30,2018,11,人口増減,男,-264
平成30,2018,11,人口増減,女,-246
平成30,2018,11,社会増減,総数,-107
平成30,2018,11,社会増減,男,-14
平成30,2018,11,社会増減,女,-93
平成30,2018,11,市外移動_転入,総数,8970
平成30,2018,11,市外移動_転入,男,4816
平成30,2018,11,市外移動_転入,女,4154
平成30,2018,11,市外移動_転出,総数,9014
平成30,2018,11,市外移動_転出,男,4748
平成30,2018,11,市外移動_転出,女,4266
平成30,2018,11,市内移動_転入,総数,5720
平成30,2018,11,市内移動_転入,男,2900
平成30,2018,11,市内移動_転入,女,2820
平成30,2018,11,市内移動_転出,総数,5713
平成30,2018,11,市内移動_転出,男,2896
平成30,2018,11,市内移動_転出,女,2817
平成30,2018,11,その他増減,総数,-70
平成30,2018,11,その他増減,男,-86
平成30,2018,11,その他増減,女,16
平成30,2018,11,自然増減,総数,-403
平成30,2018,11,自然増減,男,-250
平成30,2018,11,自然増減,女,-153
平成30,2018,11,出生,総数,2368
平成30,2018,11,出生,男,1220
平成30,2018,11,出生,女,1148
平成30,2018,11,死亡,総数,2771
平成30,2018,11,死亡,男,1470
平成30,2018,11,死亡,女,1301
平成30,2018,11,人口増減率,,-0.01363
平成30,2018,11,社会増減率,,-0.00286
平成30,2018,11,自然増減率,,-0.01077
平成30,2018,12,世帯数増減,,84
平成30,2018,12,人口増減,総数,-311
平成30,2018,12,人口増減,男,-406
平成30,2018,12,人口増減,女,95
平成30,2018,12,社会増減,総数,254
平成30,2018,12,社会増減,男,-39
平成30,2018,12,社会増減,女,293
平成30,2018,12,市外移動_転入,総数,9433
平成30,2018,12,市外移動_転入,男,4953
平成30,2018,12,市外移動_転入,女,4480
平成30,2018,12,市外移動_転出,総数,9176
平成30,2018,12,市外移動_転出,男,4970
平成30,2018,12,市外移動_転出,女,4206
平成30,2018,12,市内移動_転入,総数,5319
平成30,2018,12,市内移動_転入,男,2710
平成30,2018,12,市内移動_転入,女,2609
平成30,2018,12,市内移動_転出,総数,5314
平成30,2018,12,市内移動_転出,男,2706
平成30,2018,12,市内移動_転出,女,2608
平成30,2018,12,その他増減,総数,-8
平成30,2018,12,その他増減,男,-26
平成30,2018,12,その他増減,女,18
平成30,2018,12,自然増減,総数,-565
平成30,2018,12,自然増減,男,-367
平成30,2018,12,自然増減,女,-198
平成30,2018,12,出生,総数,2194
平成30,2018,12,出生,男,1131
平成30,2018,12,出生,女,1063
平成30,2018,12,死亡,総数,2759
平成30,2018,12,死亡,男,1498
平成30,2018,12,死亡,女,1261
平成30,2018,12,人口増減率,,-0.00831
平成30,2018,12,社会増減率,,0.00679
平成30,2018,12,自然増減率,,-0.0151
平成31,2019,1,世帯数増減,,-454
平成31,2019,1,人口増減,総数,-1108
平成31,2019,1,人口増減,男,-618
平成31,2019,1,人口増減,女,-490
平成31,2019,1,社会増減,総数,119
平成31,2019,1,社会増減,男,57
平成31,2019,1,社会増減,女,62
平成31,2019,1,市外移動_転入,総数,9423
平成31,2019,1,市外移動_転入,男,5148
平成31,2019,1,市外移動_転入,女,4275
平成31,2019,1,市外移動_転出,総数,9253
平成31,2019,1,市外移動_転出,男,5049
平成31,2019,1,市外移動_転出,女,4204
平成31,2019,1,市内移動_転入,総数,4824
平成31,2019,1,市内移動_転入,男,2472
平成31,2019,1,市内移動_転入,女,2352
平成31,2019,1,市内移動_転出,総数,4821
平成31,2019,1,市内移動_転出,男,2469
平成31,2019,1,市内移動_転出,女,2352
平成31,2019,1,その他増減,総数,-54
平成31,2019,1,その他増減,男,-45
平成31,2019,1,その他増減,女,-9
平成31,2019,1,自然増減,総数,-1227
平成31,2019,1,自然増減,男,-675
平成31,2019,1,自然増減,女,-552
平成31,2019,1,出生,総数,2363
平成31,2019,1,出生,男,1224
平成31,2019,1,出生,女,1139
平成31,2019,1,死亡,総数,3590
平成31,2019,1,死亡,男,1899
平成31,2019,1,死亡,女,1691
平成31,2019,1,人口増減率,,-0.02962
平成31,2019,1,社会増減率,,0.00318
平成31,2019,1,自然増減率,,-0.0328
平成31,2019,2,世帯数増減,,66
平成31,2019,2,人口増減,総数,-1417
平成31,2019,2,人口増減,男,-772
平成31,2019,2,人口増減,女,-645
平成31,2019,2,社会増減,総数,-445
平成31,2019,2,社会増減,男,-240
平成31,2019,2,社会増減,女,-205
平成31,2019,2,市外移動_転入,総数,9725
平成31,2019,2,市外移動_転入,男,5192
平成31,2019,2,市外移動_転入,女,4533
平成31,2019,2,市外移動_転出,総数,10228
平成31,2019,2,市外移動_転出,男,5445
平成31,2019,2,市外移動_転出,女,4783
平成31,2019,2,市内移動_転入,総数,5577
平成31,2019,2,市内移動_転入,男,2840
平成31,2019,2,市内移動_転入,女,2737
平成31,2019,2,市内移動_転出,総数,5571
平成31,2019,2,市内移動_転出,男,2835
平成31,2019,2,市内移動_転出,女,2736
平成31,2019,2,その他増減,総数,52
平成31,2019,2,その他増減,男,8
平成31,2019,2,その他増減,女,44
平成31,2019,2,自然増減,総数,-972
平成31,2019,2,自然増減,男,-532
平成31,2019,2,自然増減,女,-440
平成31,2019,2,出生,総数,1913
平成31,2019,2,出生,男,1004
平成31,2019,2,出生,女,909
平成31,2019,2,死亡,総数,2885
平成31,2019,2,死亡,男,1536
平成31,2019,2,死亡,女,1349
平成31,2019,2,人口増減率,,-0.03789
平成31,2019,2,社会増減率,,-0.0119
平成31,2019,2,自然増減率,,-0.02599
平成31,2019,3,世帯数増減,,8084
平成31,2019,3,人口増減,総数,2898
平成31,2019,3,人口増減,男,1037
平成31,2019,3,人口増減,女,1861
平成31,2019,3,社会増減,総数,3522
平成31,2019,3,社会増減,男,1458
平成31,2019,3,社会増減,女,2064
平成31,2019,3,市外移動_転入,総数,27135
平成31,2019,3,市外移動_転入,男,14353
平成31,2019,3,市外移動_転入,女,12782
平成31,2019,3,市外移動_転出,総数,23900
平成31,2019,3,市外移動_転出,男,13014
平成31,2019,3,市外移動_転出,女,10886
平成31,2019,3,市内移動_転入,総数,7683
平成31,2019,3,市内移動_転入,男,3881
平成31,2019,3,市内移動_転入,女,3802
平成31,2019,3,市内移動_転出,総数,7681
平成31,2019,3,市内移動_転出,男,3879
平成31,2019,3,市内移動_転出,女,3802
平成31,2019,3,その他増減,総数,285
平成31,2019,3,その他増減,男,117
平成31,2019,3,その他増減,女,168
平成31,2019,3,自然増減,総数,-624
平成31,2019,3,自然増減,男,-421
平成31,2019,3,自然増減,女,-203
平成31,2019,3,出生,総数,2027
平成31,2019,3,出生,男,1024
平成31,2019,3,出生,女,1003
平成31,2019,3,死亡,総数,2651
平成31,2019,3,死亡,男,1445
平成31,2019,3,死亡,女,1206
平成31,2019,3,人口増減率,,0.07752
平成31,2019,3,社会増減率,,0.09421
平成31,2019,3,自然増減率,,-0.01669
平成31,2019,4,世帯数増減,,6634
平成31,2019,4,人口増減,総数,6650
平成31,2019,4,人口増減,男,3845
平成31,2019,4,人口増減,女,2805
平成31,2019,4,社会増減,総数,7245
平成31,2019,4,社会増減,男,4215
平成31,2019,4,社会増減,女,3030
平成31,2019,4,市外移動_転入,総数,20896
平成31,2019,4,市外移動_転入,男,11597
平成31,2019,4,市外移動_転入,女,9299
平成31,2019,4,市外移動_転出,総数,13528
平成31,2019,4,市外移動_転出,男,7288
平成31,2019,4,市外移動_転出,女,6240
平成31,2019,4,市内移動_転入,総数,6906
平成31,2019,4,市内移動_転入,男,3521
平成31,2019,4,市内移動_転入,女,3385
平成31,2019,4,市内移動_転出,総数,6899
平成31,2019,4,市内移動_転出,男,3514
平成31,2019,4,市内移動_転出,女,3385
平成31,2019,4,その他増減,総数,-130
平成31,2019,4,その他増減,男,-101
平成31,2019,4,その他増減,女,-29
平成31,2019,4,自然増減,総数,-595
平成31,2019,4,自然増減,男,-370
平成31,2019,4,自然増減,女,-225
平成31,2019,4,出生,総数,2107
平成31,2019,4,出生,男,1095
平成31,2019,4,出生,女,1012
平成31,2019,4,死亡,総数,2702
平成31,2019,4,死亡,男,1465
平成31,2019,4,死亡,女,1237
平成31,2019,4,人口増減率,,0.17774
平成31,2019,4,社会増減率,,0.19365
平成31,2019,4,自然増減率,,-0.0159
令和元,2019,5,世帯数増減,,914
令和元,2019,5,人口増減,総数,515
令和元,2019,5,人口増減,男,198
令和元,2019,5,人口増減,女,317
令和元,2019,5,社会増減,総数,1132
令和元,2019,5,社会増減,男,539
令和元,2019,5,社会増減,女,593
令和元,2019,5,市外移動_転入,総数,11422
令和元,2019,5,市外移動_転入,男,6189
令和元,2019,5,市外移動_転入,女,5233
令和元,2019,5,市外移動_転出,総数,10288
令和元,2019,5,市外移動_転出,男,5606
令和元,2019,5,市外移動_転出,女,4682
令和元,2019,5,市内移動_転入,総数,5733
令和元,2019,5,市内移動_転入,男,2912
令和元,2019,5,市内移動_転入,女,2821
令和元,2019,5,市内移動_転出,総数,5727
令和元,2019,5,市内移動_転出,男,2907
令和元,2019,5,市内移動_転出,女,2820
令和元,2019,5,その他増減,総数,-8
令和元,2019,5,その他増減,男,-49
令和元,2019,5,その他増減,女,41
令和元,2019,5,自然増減,総数,-617
令和元,2019,5,自然増減,男,-341
令和元,2019,5,自然増減,女,-276
令和元,2019,5,出生,総数,2380
令和元,2019,5,出生,男,1215
令和元,2019,5,出生,女,1165
令和元,2019,5,死亡,総数,2997
令和元,2019,5,死亡,男,1556
令和元,2019,5,死亡,女,1441
令和元,2019,5,人口増減率,,0.01374
令和元,2019,5,社会増減率,,0.0302
令和元,2019,5,自然増減率,,-0.01646
令和元,2019,6,世帯数増減,,1030
令和元,2019,6,人口増減,総数,-49
令和元,2019,6,人口増減,男,-165
令和元,2019,6,人口増減,女,116
令和元,2019,6,社会増減,総数,305
令和元,2019,6,社会増減,男,110
令和元,2019,6,社会増減,女,195
令和元,2019,6,市外移動_転入,総数,10167
令和元,2019,6,市外移動_転入,男,5521
令和元,2019,6,市外移動_転入,女,4646
令和元,2019,6,市外移動_転出,総数,9805
令和元,2019,6,市外移動_転出,男,5343
令和元,2019,6,市外移動_転出,女,4462
令和元,2019,6,市内移動_転入,総数,5013
令和元,2019,6,市内移動_転入,男,2551
令和元,2019,6,市内移動_転入,女,2462
令和元,2019,6,市内移動_転出,総数,5006
令和元,2019,6,市内移動_転出,男,2546
令和元,2019,6,市内移動_転出,女,2460
令和元,2019,6,その他増減,総数,-64
令和元,2019,6,その他増減,男,-73
令和元,2019,6,その他増減,女,9
令和元,2019,6,自然増減,総数,-354
令和元,2019,6,自然増減,男,-275
令和元,2019,6,自然増減,女,-79
令和元,2019,6,出生,総数,2057
令和元,2019,6,出生,男,1040
令和元,2019,6,出生,女,1017
令和元,2019,6,死亡,総数,2411
令和元,2019,6,死亡,男,1315
令和元,2019,6,死亡,女,1096
令和元,2019,6,人口増減率,,-0.00131
令和元,2019,6,社会増減率,,0.00814
令和元,2019,6,自然増減率,,-0.00944
令和元,2019,7,世帯数増減,,732
令和元,2019,7,人口増減,総数,40
令和元,2019,7,人口増減,男,141
令和元,2019,7,人口増減,女,-101
令和元,2019,7,社会増減,総数,278
令和元,2019,7,社会増減,男,330
令和元,2019,7,社会増減,女,-52
令和元,2019,7,市外移動_転入,総数,11796
令和元,2019,7,市外移動_転入,男,6538
令和元,2019,7,市外移動_転入,女,5258
令和元,2019,7,市外移動_転出,総数,11351
令和元,2019,7,市外移動_転出,男,6084
令和元,2019,7,市外移動_転出,女,5267
令和元,2019,7,市内移動_転入,総数,6032
令和元,2019,7,市内移動_転入,男,3109
令和元,2019,7,市内移動_転入,女,2923
令和元,2019,7,市内移動_転出,総数,6030
令和元,2019,7,市内移動_転出,男,3107
令和元,2019,7,市内移動_転出,女,2923
令和元,2019,7,その他増減,総数,-169
令和元,2019,7,その他増減,男,-126
令和元,2019,7,その他増減,女,-43
令和元,2019,7,自然増減,総数,-238
令和元,2019,7,自然増減,男,-189
令和元,2019,7,自然増減,女,-49
令和元,2019,7,出生,総数,2406
令和元,2019,7,出生,男,1216
令和元,2019,7,出生,女,1190
令和元,2019,7,死亡,総数,2644
令和元,2019,7,死亡,男,1405
令和元,2019,7,死亡,女,1239
令和元,2019,7,人口増減率,,0.00107
令和元,2019,7,社会増減率,,0.00742
令和元,2019,7,自然増減率,,-0.00635
令和元,2019,8,世帯数増減,,461
令和元,2019,8,人口増減,総数,-151
令和元,2019,8,人口増減,男,-172
令和元,2019,8,人口増減,女,21
令和元,2019,8,社会増減,総数,324
令和元,2019,8,社会増減,男,114
令和元,2019,8,社会増減,女,210
令和元,2019,8,市外移動_転入,総数,10274
令和元,2019,8,市外移動_転入,男,5520
令和元,2019,8,市外移動_転入,女,4754
令和元,2019,8,市外移動_転出,総数,9900
令和元,2019,8,市外移動_転出,男,5351
令和元,2019,8,市外移動_転出,女,4549
令和元,2019,8,市内移動_転入,総数,5362
令和元,2019,8,市内移動_転入,男,2743
令和元,2019,8,市内移動_転入,女,2619
令和元,2019,8,市内移動_転出,総数,5357
令和元,2019,8,市内移動_転出,男,2739
令和元,2019,8,市内移動_転出,女,2618
令和元,2019,8,その他増減,総数,-55
令和元,2019,8,その他増減,男,-59
令和元,2019,8,その他増減,女,4
令和元,2019,8,自然増減,総数,-475
令和元,2019,8,自然増減,男,-286
令和元,2019,8,自然増減,女,-189
令和元,2019,8,出生,総数,2204
令和元,2019,8,出生,男,1133
令和元,2019,8,出生,女,1071
令和元,2019,8,死亡,総数,2679
令和元,2019,8,死亡,男,1419
令和元,2019,8,死亡,女,1260
令和元,2019,8,人口増減率,,-0.00403
令和元,2019,8,社会増減率,,0.00864
令和元,2019,8,自然増減率,,-0.01267
令和元,2019,9,世帯数増減,,823
令和元,2019,9,人口増減,総数,459
令和元,2019,9,人口増減,男,-41
令和元,2019,9,人口増減,女,500
令和元,2019,9,社会増減,総数,710
令和元,2019,9,社会増減,男,134
令和元,2019,9,社会増減,女,576
令和元,2019,9,市外移動_転入,総数,10909
令和元,2019,9,市外移動_転入,男,5798
令和元,2019,9,市外移動_転入,女,5111
令和元,2019,9,市外移動_転出,総数,10161
令和元,2019,9,市外移動_転出,男,5604
令和元,2019,9,市外移動_転出,女,4557
令和元,2019,9,市内移動_転入,総数,5585
令和元,2019,9,市内移動_転入,男,2794
令和元,2019,9,市内移動_転入,女,2791
令和元,2019,9,市内移動_転出,総数,5584
令和元,2019,9,市内移動_転出,男,2794
令和元,2019,9,市内移動_転出,女,2790
令和元,2019,9,その他増減,総数,-39
令和元,2019,9,その他増減,男,-60
令和元,2019,9,その他増減,女,21
令和元,2019,9,自然増減,総数,-251
令和元,2019,9,自然増減,男,-175
令和元,2019,9,自然増減,女,-76
令和元,2019,9,出生,総数,2357
令和元,2019,9,出生,男,1205
令和元,2019,9,出生,女,1152
令和元,2019,9,死亡,総数,2608
令和元,2019,9,死亡,男,1380
令和元,2019,9,死亡,女,1228
令和元,2019,9,人口増減率,,0.01225
令和元,2019,9,社会増減率,,0.01894
令和元,2019,9,自然増減率,,-0.0067
令和元,2019,10,世帯数増減,,1781
令和元,2019,10,人口増減,総数,1614
令和元,2019,10,人口増減,男,861
令和元,2019,10,人口増減,女,753
令和元,2019,10,社会増減,総数,2083
令和元,2019,10,社会増減,男,1189
令和元,2019,10,社会増減,女,894
令和元,2019,10,市外移動_転入,総数,11614
令和元,2019,10,市外移動_転入,男,6373
令和元,2019,10,市外移動_転入,女,5241
令和元,2019,10,市外移動_転出,総数,9565
令和元,2019,10,市外移動_転出,男,5159
令和元,2019,10,市外移動_転出,女,4406
令和元,2019,10,市内移動_転入,総数,5679
令和元,2019,10,市内移動_転入,男,2949
令和元,2019,10,市内移動_転入,女,2730
令和元,2019,10,市内移動_転出,総数,5678
令和元,2019,10,市内移動_転出,男,2948
令和元,2019,10,市内移動_転出,女,2730
令和元,2019,10,その他増減,総数,33
令和元,2019,10,その他増減,男,-26
令和元,2019,10,その他増減,女,59
令和元,2019,10,自然増減,総数,-469
令和元,2019,10,自然増減,男,-328
令和元,2019,10,自然増減,女,-141
令和元,2019,10,出生,総数,2333
令和元,2019,10,出生,男,1186
令和元,2019,10,出生,女,1147
令和元,2019,10,死亡,総数,2802
令和元,2019,10,死亡,男,1514
令和元,2019,10,死亡,女,1288
令和元,2019,10,人口増減率,,0.04305
令和元,2019,10,社会増減率,,0.05556
令和元,2019,10,自然増減率,,-0.01251
令和元,2019,11,世帯数増減,,149
令和元,2019,11,人口増減,総数,-423
令和元,2019,11,人口増減,男,-245
令和元,2019,11,人口増減,女,-178
令和元,2019,11,社会増減,総数,189
令和元,2019,11,社会増減,男,108
令和元,2019,11,社会増減,女,81
令和元,2019,11,市外移動_転入,総数,8737
令和元,2019,11,市外移動_転入,男,4658
令和元,2019,11,市外移動_転入,女,4079
令和元,2019,11,市外移動_転出,総数,8569
令和元,2019,11,市外移動_転出,男,4542
令和元,2019,11,市外移動_転出,女,4027
令和元,2019,11,市内移動_転入,総数,5186
令和元,2019,11,市内移動_転入,男,2607
令和元,2019,11,市内移動_転入,女,2579
令和元,2019,11,市内移動_転出,総数,5182
令和元,2019,11,市内移動_転出,男,2603
令和元,2019,11,市内移動_転出,女,2579
令和元,2019,11,その他増減,総数,17
令和元,2019,11,その他増減,男,-12
令和元,2019,11,その他増減,女,29
令和元,2019,11,自然増減,総数,-612
令和元,2019,11,自然増減,男,-353
令和元,2019,11,自然増減,女,-259
令和元,2019,11,出生,総数,2134
令和元,2019,11,出生,男,1090
令和元,2019,11,出生,女,1044
令和元,2019,11,死亡,総数,2746
令和元,2019,11,死亡,男,1443
令和元,2019,11,死亡,女,1303
令和元,2019,11,人口増減率,,-0.01128
令和元,2019,11,社会増減率,,0.00504
令和元,2019,11,自然増減率,,-0.01632
令和元,2019,12,世帯数増減,,526
令和元,2019,12,人口増減,総数,-43
令和元,2019,12,人口増減,男,-203
令和元,2019,12,人口増減,女,160
令和元,2019,12,社会増減,総数,723
令和元,2019,12,社会増減,男,258
令和元,2019,12,社会増減,女,465
令和元,2019,12,市外移動_転入,総数,9832
令和元,2019,12,市外移動_転入,男,5238
令和元,2019,12,市外移動_転入,女,4594
令和元,2019,12,市外移動_転出,総数,9105
令和元,2019,12,市外移動_転出,男,4933
令和元,2019,12,市外移動_転出,女,4172
令和元,2019,12,市内移動_転入,総数,5662
令和元,2019,12,市内移動_転入,男,2913
令和元,2019,12,市内移動_転入,女,2749
令和元,2019,12,市内移動_転出,総数,5659
令和元,2019,12,市内移動_転出,男,2909
令和元,2019,12,市内移動_転出,女,2750
令和元,2019,12,その他増減,総数,-7
令和元,2019,12,その他増減,男,-51
令和元,2019,12,その他増減,女,44
令和元,2019,12,自然増減,総数,-766
令和元,2019,12,自然増減,男,-461
令和元,2019,12,自然増減,女,-305
令和元,2019,12,出生,総数,2113
令和元,2019,12,出生,男,1090
令和元,2019,12,出生,女,1023
令和元,2019,12,死亡,総数,2879
令和元,2019,12,死亡,男,1551
令和元,2019,12,死亡,女,1328
令和元,2019,12,人口増減率,,-0.00115
令和元,2019,12,社会増減率,,0.01928
令和元,2019,12,自然増減率,,-0.02043
令和２,2020,1,世帯数増減,,61
令和２,2020,1,人口増減,総数,-767
令和２,2020,1,人口増減,男,-357
令和２,2020,1,人口増減,女,-410
令和２,2020,1,社会増減,総数,520
令和２,2020,1,社会増減,男,430
令和２,2020,1,社会増減,女,90
令和２,2020,1,市外移動_転入,総数,9590
令和２,2020,1,市外移動_転入,男,5309
令和２,2020,1,市外移動_転入,女,4281
令和２,2020,1,市外移動_転出,総数,9033
令和２,2020,1,市外移動_転出,男,4828
令和２,2020,1,市外移動_転出,女,4205
令和２,2020,1,市内移動_転入,総数,4735
令和２,2020,1,市内移動_転入,男,2455
令和２,2020,1,市内移動_転入,女,2280
令和２,2020,1,市内移動_転出,総数,4730
令和２,2020,1,市内移動_転出,男,2451
令和２,2020,1,市内移動_転出,女,2279
令和２,2020,1,その他増減,総数,-42
令和２,2020,1,その他増減,男,-55
令和２,2020,1,その他増減,女,13
令和２,2020,1,自然増減,総数,-1287
令和２,2020,1,自然増減,男,-787
令和２,2020,1,自然増減,女,-500
令和２,2020,1,出生,総数,2312
令和２,2020,1,出生,男,1157
令和２,2020,1,出生,女,1155
令和２,2020,1,死亡,総数,3599
令和２,2020,1,死亡,男,1944
令和２,2020,1,死亡,女,1655
令和２,2020,1,人口増減率,,-0.02045
令和２,2020,1,社会増減率,,0.01387
令和２,2020,1,自然増減率,,-0.03432
令和２,2020,2,世帯数増減,,343
令和２,2020,2,人口増減,総数,-776
令和２,2020,2,人口増減,男,-578
令和２,2020,2,人口増減,女,-198
令和２,2020,2,社会増減,総数,172
令和２,2020,2,社会増減,男,-26
令和２,2020,2,社会増減,女,198
令和２,2020,2,市外移動_転入,総数,10338
令和２,2020,2,市外移動_転入,男,5501
令和２,2020,2,市外移動_転入,女,4837
令和２,2020,2,市外移動_転出,総数,10228
令和２,2020,2,市外移動_転出,男,5531
令和２,2020,2,市外移動_転出,女,4697
令和２,2020,2,市内移動_転入,総数,5571
令和２,2020,2,市内移動_転入,男,2773
令和２,2020,2,市内移動_転入,女,2798
令和２,2020,2,市内移動_転出,総数,5568
令和２,2020,2,市内移動_転出,男,2771
令和２,2020,2,市内移動_転出,女,2797
令和２,2020,2,その他増減,総数,59
令和２,2020,2,その他増減,男,2
令和２,2020,2,その他増減,女,57
令和２,2020,2,自然増減,総数,-948
令和２,2020,2,自然増減,男,-552
令和２,2020,2,自然増減,女,-396
令和２,2020,2,出生,総数,1836
令和２,2020,2,出生,男,971
令和２,2020,2,出生,女,865
令和２,2020,2,死亡,総数,2784
令和２,2020,2,死亡,男,1523
令和２,2020,2,死亡,女,1261
令和２,2020,2,人口増減率,,-0.0207
令和２,2020,2,社会増減率,,0.00459
令和２,2020,2,自然増減率,,-0.02529
令和２,2020,3,世帯数増減,,9649
令和２,2020,3,人口増減,総数,5385
令和２,2020,3,人口増減,男,2713
令和２,2020,3,人口増減,女,2672
令和２,2020,3,社会増減,総数,6265
令和２,2020,3,社会増減,男,3165
令和２,2020,3,社会増減,女,3100
令和２,2020,3,市外移動_転入,総数,29430
令和２,2020,3,市外移動_転入,男,15724
令和２,2020,3,市外移動_転入,女,13706
令和２,2020,3,市外移動_転出,総数,23474
令和２,2020,3,市外移動_転出,男,12669
令和２,2020,3,市外移動_転出,女,10805
令和２,2020,3,市内移動_転入,総数,8625
令和２,2020,3,市内移動_転入,男,4290
令和２,2020,3,市内移動_転入,女,4335
令和２,2020,3,市内移動_転出,総数,8625
令和２,2020,3,市内移動_転出,男,4290
令和２,2020,3,市内移動_転出,女,4335
令和２,2020,3,その他増減,総数,309
令和２,2020,3,その他増減,男,110
令和２,2020,3,その他増減,女,199
令和２,2020,3,自然増減,総数,-880
令和２,2020,3,自然増減,男,-452
令和２,2020,3,自然増減,女,-428
令和２,2020,3,出生,総数,2047
令和２,2020,3,出生,男,1087
令和２,2020,3,出生,女,960
令和２,2020,3,死亡,総数,2927
令和２,2020,3,死亡,男,1539
令和２,2020,3,死亡,女,1388
令和２,2020,3,人口増減率,,0.14366
令和２,2020,3,社会増減率,,0.16714
令和２,2020,3,自然増減率,,-0.02348
令和２,2020,4,世帯数増減,,6499
令和２,2020,4,人口増減,総数,6696
令和２,2020,4,人口増減,男,3700
令和２,2020,4,人口増減,女,2996
令和２,2020,4,社会増減,総数,7148
令和２,2020,4,社会増減,男,3962
令和２,2020,4,社会増減,女,3186
令和２,2020,4,市外移動_転入,総数,19090
令和２,2020,4,市外移動_転入,男,10530
令和２,2020,4,市外移動_転入,女,8560
令和２,2020,4,市外移動_転出,総数,12259
令和２,2020,4,市外移動_転出,男,6789
令和２,2020,4,市外移動_転出,女,5470
令和２,2020,4,市内移動_転入,総数,7894
令和２,2020,4,市内移動_転入,男,4128
令和２,2020,4,市内移動_転入,女,3766
令和２,2020,4,市内移動_転出,総数,7886
令和２,2020,4,市内移動_転出,男,4121
令和２,2020,4,市内移動_転出,女,3765
令和２,2020,4,その他増減,総数,309
令和２,2020,4,その他増減,男,214
令和２,2020,4,その他増減,女,95
令和２,2020,4,自然増減,総数,-452
令和２,2020,4,自然増減,男,-262
令和２,2020,4,自然増減,女,-190
令和２,2020,4,出生,総数,2299
令和２,2020,4,出生,男,1186
令和２,2020,4,出生,女,1113
令和２,2020,4,死亡,総数,2751
令和２,2020,4,死亡,男,1448
令和２,2020,4,死亡,女,1303
令和２,2020,4,人口増減率,,0.17838
令和２,2020,4,社会増減率,,0.19042
令和２,2020,4,自然増減率,,-0.01204
令和２,2020,5,世帯数増減,,202
令和２,2020,5,人口増減,総数,-310
令和２,2020,5,人口増減,男,-237
令和２,2020,5,人口増減,女,-73
令和２,2020,5,社会増減,総数,263
令和２,2020,5,社会増減,男,101
令和２,2020,5,社会増減,女,162
令和２,2020,5,市外移動_転入,総数,7424
令和２,2020,5,市外移動_転入,男,4099
令和２,2020,5,市外移動_転入,女,3325
令和２,2020,5,市外移動_転出,総数,7132
令和２,2020,5,市外移動_転出,男,3974
令和２,2020,5,市外移動_転出,女,3158
令和２,2020,5,市内移動_転入,総数,4487
令和２,2020,5,市内移動_転入,男,2339
令和２,2020,5,市内移動_転入,女,2148
令和２,2020,5,市内移動_転出,総数,4484
令和２,2020,5,市内移動_転出,男,2338
令和２,2020,5,市内移動_転出,女,2146
令和２,2020,5,その他増減,総数,-32
令和２,2020,5,その他増減,男,-25
令和２,2020,5,その他増減,女,-7
令和２,2020,5,自然増減,総数,-573
令和２,2020,5,自然増減,男,-338
令和２,2020,5,自然増減,女,-235
令和２,2020,5,出生,総数,1950
令和２,2020,5,出生,男,1023
令和２,2020,5,出生,女,927
令和２,2020,5,死亡,総数,2523
令和２,2020,5,死亡,男,1361
令和２,2020,5,死亡,女,1162
令和２,2020,5,人口増減率,,-0.00824
令和２,2020,5,社会増減率,,0.00699
令和２,2020,5,自然増減率,,-0.01524
令和２,2020,6,世帯数増減,,511
令和２,2020,6,人口増減,総数,-562
令和２,2020,6,人口増減,男,-332
令和２,2020,6,人口増減,女,-230
令和２,2020,6,社会増減,総数,-180
令和２,2020,6,社会増減,男,-99
令和２,2020,6,社会増減,女,-81
令和２,2020,6,市外移動_転入,総数,8786
令和２,2020,6,市外移動_転入,男,4881
令和２,2020,6,市外移動_転入,女,3905
令和２,2020,6,市外移動_転出,総数,8896
令和２,2020,6,市外移動_転出,男,4961
令和２,2020,6,市外移動_転出,女,3935
令和２,2020,6,市内移動_転入,総数,5180
令和２,2020,6,市内移動_転入,男,2706
令和２,2020,6,市内移動_転入,女,2474
令和２,2020,6,市内移動_転出,総数,5171
令和２,2020,6,市内移動_転出,男,2701
令和２,2020,6,市内移動_転出,女,2470
令和２,2020,6,その他増減,総数,-79
令和２,2020,6,その他増減,男,-24
令和２,2020,6,その他増減,女,-55
令和２,2020,6,自然増減,総数,-382
令和２,2020,6,自然増減,男,-233
令和２,2020,6,自然増減,女,-149
令和２,2020,6,出生,総数,2258
令和２,2020,6,出生,男,1147
令和２,2020,6,出生,女,1111
令和２,2020,6,死亡,総数,2640
令和２,2020,6,死亡,男,1380
令和２,2020,6,死亡,女,1260
令和２,2020,6,人口増減率,,-0.01495
令和２,2020,6,社会増減率,,-0.00479
令和２,2020,6,自然増減率,,-0.01016
令和２,2020,7,世帯数増減,,-9
令和２,2020,7,人口増減,総数,-1537
令和２,2020,7,人口増減,男,-777
令和２,2020,7,人口増減,女,-760
令和２,2020,7,社会増減,総数,-1238
令和２,2020,7,社会増減,男,-581
令和２,2020,7,社会増減,女,-657
令和２,2020,7,市外移動_転入,総数,9369
令和２,2020,7,市外移動_転入,男,5113
令和２,2020,7,市外移動_転入,女,4256
令和２,2020,7,市外移動_転出,総数,10241
令和２,2020,7,市外移動_転出,男,5498
令和２,2020,7,市外移動_転出,女,4743
令和２,2020,7,市内移動_転入,総数,5914
令和２,2020,7,市内移動_転入,男,3023
令和２,2020,7,市内移動_転入,女,2891
令和２,2020,7,市内移動_転出,総数,5910
令和２,2020,7,市内移動_転出,男,3019
令和２,2020,7,市内移動_転出,女,2891
令和２,2020,7,その他増減,総数,-370
令和２,2020,7,その他増減,男,-200
令和２,2020,7,その他増減,女,-170
令和２,2020,7,自然増減,総数,-299
令和２,2020,7,自然増減,男,-196
令和２,2020,7,自然増減,女,-103
令和２,2020,7,出生,総数,2287
令和２,2020,7,出生,男,1190
令和２,2020,7,出生,女,1097
令和２,2020,7,死亡,総数,2586
令和２,2020,7,死亡,男,1386
令和２,2020,7,死亡,女,1200
令和２,2020,7,人口増減率,,-0.04088
令和２,2020,7,社会増減率,,-0.03293
令和２,2020,7,自然増減率,,-0.00795
令和２,2020,8,世帯数増減,,459
令和２,2020,8,人口増減,総数,-428
令和２,2020,8,人口増減,男,-247
令和２,2020,8,人口増減,女,-181
令和２,2020,8,社会増減,総数,101
令和２,2020,8,社会増減,男,113
令和２,2020,8,社会増減,女,-12
令和２,2020,8,市外移動_転入,総数,9474
令和２,2020,8,市外移動_転入,男,5075
令和２,2020,8,市外移動_転入,女,4399
令和２,2020,8,市外移動_転出,総数,9069
令和２,2020,8,市外移動_転出,男,4846
令和２,2020,8,市外移動_転出,女,4223
令和２,2020,8,市内移動_転入,総数,5633
令和２,2020,8,市内移動_転入,男,2805
令和２,2020,8,市内移動_転入,女,2828
令和２,2020,8,市内移動_転出,総数,5629
令和２,2020,8,市内移動_転出,男,2802
令和２,2020,8,市内移動_転出,女,2827
令和２,2020,8,その他増減,総数,-308
令和２,2020,8,その他増減,男,-119
令和２,2020,8,その他増減,女,-189
令和２,2020,8,自然増減,総数,-529
令和２,2020,8,自然増減,男,-360
令和２,2020,8,自然増減,女,-169
令和２,2020,8,出生,総数,2141
令和２,2020,8,出生,男,1080
令和２,2020,8,出生,女,1061
令和２,2020,8,死亡,総数,2670
令和２,2020,8,死亡,男,1440
令和２,2020,8,死亡,女,1230
令和２,2020,8,人口増減率,,-0.01139
令和２,2020,8,社会増減率,,0.00269
令和２,2020,8,自然増減率,,-0.01408
令和２,2020,9,世帯数増減,,244
令和２,2020,9,人口増減,総数,-1218
令和２,2020,9,人口増減,男,-945
令和２,2020,9,人口増減,女,-273
令和２,2020,9,社会増減,総数,-833
令和２,2020,9,社会増減,男,-630
令和２,2020,9,社会増減,女,-203
令和２,2020,9,市外移動_転入,総数,9292
令和２,2020,9,市外移動_転入,男,4938
令和２,2020,9,市外移動_転入,女,4354
令和２,2020,9,市外移動_転出,総数,9756
令和２,2020,9,市外移動_転出,男,5372
令和２,2020,9,市外移動_転出,女,4384
令和２,2020,9,市内移動_転入,総数,5567
令和２,2020,9,市内移動_転入,男,2778
令和２,2020,9,市内移動_転入,女,2789
令和２,2020,9,市内移動_転出,総数,5566
令和２,2020,9,市内移動_転出,男,2777
令和２,2020,9,市内移動_転出,女,2789
令和２,2020,9,その他増減,総数,-370
令和２,2020,9,その他増減,男,-197
令和２,2020,9,その他増減,女,-173
令和２,2020,9,自然増減,総数,-385
令和２,2020,9,自然増減,男,-315
令和２,2020,9,自然増減,女,-70
令和２,2020,9,出生,総数,2262
令和２,2020,9,出生,男,1135
令和２,2020,9,出生,女,1127
令和２,2020,9,死亡,総数,2647
令和２,2020,9,死亡,男,1450
令和２,2020,9,死亡,女,1197
令和２,2020,9,人口増減率,,-0.03241
令和２,2020,9,社会増減率,,-0.02217
令和２,2020,9,自然増減率,,-0.01025
令和２,2020,10,世帯数増減,,375
令和２,2020,10,人口増減,総数,-593
令和２,2020,10,人口増減,男,-421
令和２,2020,10,人口増減,女,-172
令和２,2020,10,社会増減,総数,62
令和２,2020,10,社会増減,男,-56
令和２,2020,10,社会増減,女,118
令和２,2020,10,市外移動_転入,総数,9717
令和２,2020,10,市外移動_転入,男,5183
令和２,2020,10,市外移動_転入,女,4534
令和２,2020,10,市外移動_転出,総数,9450
令和２,2020,10,市外移動_転出,男,5112
令和２,2020,10,市外移動_転出,女,4338
令和２,2020,10,市内移動_転入,総数,5492
令和２,2020,10,市内移動_転入,男,2780
令和２,2020,10,市内移動_転入,女,2712
令和２,2020,10,市内移動_転出,総数,5492
令和２,2020,10,市内移動_転出,男,2781
令和２,2020,10,市内移動_転出,女,2711
令和２,2020,10,その他増減,総数,-205
令和２,2020,10,その他増減,男,-126
令和２,2020,10,その他増減,女,-79
令和２,2020,10,自然増減,総数,-655
令和２,2020,10,自然増減,男,-365
令和２,2020,10,自然増減,女,-290
令和２,2020,10,出生,総数,2257
令和２,2020,10,出生,男,1165
令和２,2020,10,出生,女,1092
令和２,2020,10,死亡,総数,2912
令和２,2020,10,死亡,男,1530
令和２,2020,10,死亡,女,1382
令和２,2020,10,人口増減率,,-0.0157
令和２,2020,10,社会増減率,,0.00164
令和２,2020,10,自然増減率,,-0.01734
令和２,2020,11,世帯数増減,,531
令和２,2020,11,人口増減,総数,-168
令和２,2020,11,人口増減,男,-125
令和２,2020,11,人口増減,女,-43
令和２,2020,11,社会増減,総数,585
令和２,2020,11,社会増減,男,297
令和２,2020,11,社会増減,女,288
令和２,2020,11,市外移動_転入,総数,9421
令和２,2020,11,市外移動_転入,男,5055
令和２,2020,11,市外移動_転入,女,4366
令和２,2020,11,市外移動_転出,総数,8692
令和２,2020,11,市外移動_転出,男,4684
令和２,2020,11,市外移動_転出,女,4008
令和２,2020,11,市内移動_転入,総数,5628
令和２,2020,11,市内移動_転入,男,2797
令和２,2020,11,市内移動_転入,女,2831
令和２,2020,11,市内移動_転出,総数,5627
令和２,2020,11,市内移動_転出,男,2797
令和２,2020,11,市内移動_転出,女,2830
令和２,2020,11,その他増減,総数,-145
令和２,2020,11,その他増減,男,-74
令和２,2020,11,その他増減,女,-71
令和２,2020,11,自然増減,総数,-753
令和２,2020,11,自然増減,男,-422
令和２,2020,11,自然増減,女,-331
令和２,2020,11,出生,総数,2094
令和２,2020,11,出生,男,1087
令和２,2020,11,出生,女,1007
令和２,2020,11,死亡,総数,2847
令和２,2020,11,死亡,男,1509
令和２,2020,11,死亡,女,1338
令和２,2020,11,人口増減率,,-0.00445
令和２,2020,11,社会増減率,,0.01549
令和２,2020,11,自然増減率,,-0.01994
令和２,2020,12,世帯数増減,,269
令和２,2020,12,人口増減,総数,-444
令和２,2020,12,人口増減,男,-378
令和２,2020,12,人口増減,女,-66
令和２,2020,12,社会増減,総数,616
令和２,2020,12,社会増減,男,238
令和２,2020,12,社会増減,女,378
令和２,2020,12,市外移動_転入,総数,10120
令和２,2020,12,市外移動_転入,男,5358
令和２,2020,12,市外移動_転入,女,4762
令和２,2020,12,市外移動_転出,総数,9332
令和２,2020,12,市外移動_転出,男,5001
令和２,2020,12,市外移動_転出,女,4331
令和２,2020,12,市内移動_転入,総数,5847
令和２,2020,12,市内移動_転入,男,2955
令和２,2020,12,市内移動_転入,女,2892
令和２,2020,12,市内移動_転出,総数,5844
令和２,2020,12,市内移動_転出,男,2954
令和２,2020,12,市内移動_転出,女,2890
令和２,2020,12,その他増減,総数,-175
令和２,2020,12,その他増減,男,-120
令和２,2020,12,その他増減,女,-55
令和２,2020,12,自然増減,総数,-1060
令和２,2020,12,自然増減,男,-616
令和２,2020,12,自然増減,女,-444
令和２,2020,12,出生,総数,1977
令和２,2020,12,出生,男,990
令和２,2020,12,出生,女,987
令和２,2020,12,死亡,総数,3037
令和２,2020,12,死亡,男,1606
令和２,2020,12,死亡,女,1431
令和２,2020,12,人口増減率,,-0.01176
令和２,2020,12,社会増減率,,0.01631
令和２,2020,12,自然増減率,,-0.02807
令和３,2021,1,世帯数増減,,-410
令和３,2021,1,人口増減,総数,-2015
令和３,2021,1,人口増減,男,-1095
令和３,2021,1,人口増減,女,-920
令和３,2021,1,社会増減,総数,-258
令和３,2021,1,社会増減,男,-106
令和３,2021,1,社会増減,女,-152
令和３,2021,1,市外移動_転入,総数,9183
令和３,2021,1,市外移動_転入,男,4969
令和３,2021,1,市外移動_転入,女,4214
令和３,2021,1,市外移動_転出,総数,9158
令和３,2021,1,市外移動_転出,男,4925
令和３,2021,1,市外移動_転出,女,4233
令和３,2021,1,市内移動_転入,総数,4909
令和３,2021,1,市内移動_転入,男,2513
令和３,2021,1,市内移動_転入,女,2396
令和３,2021,1,市内移動_転出,総数,4906
令和３,2021,1,市内移動_転出,男,2511
令和３,2021,1,市内移動_転出,女,2395
令和３,2021,1,その他増減,総数,-286
令和３,2021,1,その他増減,男,-152
令和３,2021,1,その他増減,女,-134
令和３,2021,1,自然増減,総数,-1757
令和３,2021,1,自然増減,男,-989
令和３,2021,1,自然増減,女,-768
令和３,2021,1,出生,総数,1815
令和３,2021,1,出生,男,927
令和３,2021,1,出生,女,888
令和３,2021,1,死亡,総数,3572
令和３,2021,1,死亡,男,1916
令和３,2021,1,死亡,女,1656
令和３,2021,1,人口増減率,,-0.05336
令和３,2021,1,社会増減率,,-0.00683
令和３,2021,1,自然増減率,,-0.04653
令和３,2021,2,世帯数増減,,285
令和３,2021,2,人口増減,総数,-1814
令和３,2021,2,人口増減,男,-992
令和３,2021,2,人口増減,女,-822
令和３,2021,2,社会増減,総数,-547
令和３,2021,2,社会増減,男,-299
令和３,2021,2,社会増減,女,-248
令和３,2021,2,市外移動_転入,総数,10064
令和３,2021,2,市外移動_転入,男,5371
令和３,2021,2,市外移動_転入,女,4693
令和３,2021,2,市外移動_転出,総数,10457
令和３,2021,2,市外移動_転出,男,5565
令和３,2021,2,市外移動_転出,女,4892
令和３,2021,2,市内移動_転入,総数,5766
令和３,2021,2,市内移動_転入,男,2974
令和３,2021,2,市内移動_転入,女,2792
令和３,2021,2,市内移動_転出,総数,5765
令和３,2021,2,市内移動_転出,男,2973
令和３,2021,2,市内移動_転出,女,2792
令和３,2021,2,その他増減,総数,-155
令和３,2021,2,その他増減,男,-106
令和３,2021,2,その他増減,女,-49
令和３,2021,2,自然増減,総数,-1267
令和３,2021,2,自然増減,男,-693
令和３,2021,2,自然増減,女,-574
令和３,2021,2,出生,総数,1664
令和３,2021,2,出生,男,855
令和３,2021,2,出生,女,809
令和３,2021,2,死亡,総数,2931
令和３,2021,2,死亡,男,1548
令和３,2021,2,死亡,女,1383
令和３,2021,2,人口増減率,,-0.04806
令和３,2021,2,社会増減率,,-0.01449
令和３,2021,2,自然増減率,,-0.03357
令和３,2021,3,世帯数増減,,8481
令和３,2021,3,人口増減,総数,2862
令和３,2021,3,人口増減,男,1129
令和３,2021,3,人口増減,女,1733
令和３,2021,3,社会増減,総数,4006
令和３,2021,3,社会増減,男,1772
令和３,2021,3,社会増減,女,2234
令和３,2021,3,市外移動_転入,総数,27852
令和３,2021,3,市外移動_転入,男,14700
令和３,2021,3,市外移動_転入,女,13152
令和３,2021,3,市外移動_転出,総数,23962
令和３,2021,3,市外移動_転出,男,12971
令和３,2021,3,市外移動_転出,女,10991
令和３,2021,3,市内移動_転入,総数,8708
令和３,2021,3,市内移動_転入,男,4361
令和３,2021,3,市内移動_転入,女,4347
令和３,2021,3,市内移動_転出,総数,8706
令和３,2021,3,市内移動_転出,男,4360
令和３,2021,3,市内移動_転出,女,4346
令和３,2021,3,その他増減,総数,114
令和３,2021,3,その他増減,男,42
令和３,2021,3,その他増減,女,72
令和３,2021,3,自然増減,総数,-1144
令和３,2021,3,自然増減,男,-643
令和３,2021,3,自然増減,女,-501
令和３,2021,3,出生,総数,2077
令和３,2021,3,出生,男,1091
令和３,2021,3,出生,女,986
令和３,2021,3,死亡,総数,3221
令和３,2021,3,死亡,男,1734
令和３,2021,3,死亡,女,1487
令和３,2021,3,人口増減率,,0.07587
令和３,2021,3,社会増減率,,0.10619
令和３,2021,3,自然増減率,,-0.03033
令和３,2021,4,世帯数増減,,4419
令和３,2021,4,人口増減,総数,4127
令和３,2021,4,人口増減,男,2188
令和３,2021,4,人口増減,女,1939
令和３,2021,4,社会増減,総数,5102
令和３,2021,4,社会増減,男,2703
令和３,2021,4,社会増減,女,2399
令和３,2021,4,市外移動_転入,総数,17613
令和３,2021,4,市外移動_転入,男,9645
令和３,2021,4,市外移動_転入,女,7968
令和３,2021,4,市外移動_転出,総数,12561
令和３,2021,4,市外移動_転出,男,6974
令和３,2021,4,市外移動_転出,女,5587
令和３,2021,4,市内移動_転入,総数,7083
令和３,2021,4,市内移動_転入,男,3602
令和３,2021,4,市内移動_転入,女,3481
令和３,2021,4,市内移動_転出,総数,7078
令和３,2021,4,市内移動_転出,男,3597
令和３,2021,4,市内移動_転出,女,3481
令和３,2021,4,その他増減,総数,45
令和３,2021,4,その他増減,男,27
令和３,2021,4,その他増減,女,18
令和３,2021,4,自然増減,総数,-975
令和３,2021,4,自然増減,男,-515
令和３,2021,4,自然増減,女,-460
令和３,2021,4,出生,総数,1995
令和３,2021,4,出生,男,1022
令和３,2021,4,出生,女,973
令和３,2021,4,死亡,総数,2970
令和３,2021,4,死亡,男,1537
令和３,2021,4,死亡,女,1433
令和３,2021,4,人口増減率,,0.10932
令和３,2021,4,社会増減率,,0.13514
令和３,2021,4,自然増減率,,-0.02583
令和３,2021,5,世帯数増減,,682
令和３,2021,5,人口増減,総数,-383
令和３,2021,5,人口増減,男,-318
令和３,2021,5,人口増減,女,-65
令和３,2021,5,社会増減,総数,465
令和３,2021,5,社会増減,男,117
令和３,2021,5,社会増減,女,348
令和３,2021,5,市外移動_転入,総数,9124
令和３,2021,5,市外移動_転入,男,4899
令和３,2021,5,市外移動_転入,女,4225
令和３,2021,5,市外移動_転出,総数,8680
令和３,2021,5,市外移動_転出,男,4789
令和３,2021,5,市外移動_転出,女,3891
令和３,2021,5,市内移動_転入,総数,5445
令和３,2021,5,市内移動_転入,男,2722
令和３,2021,5,市内移動_転入,女,2723
令和３,2021,5,市内移動_転出,総数,5445
令和３,2021,5,市内移動_転出,男,2722
令和３,2021,5,市内移動_転出,女,2723
令和３,2021,5,その他増減,総数,21
令和３,2021,5,その他増減,男,7
令和３,2021,5,その他増減,女,14
令和３,2021,5,自然増減,総数,-848
令和３,2021,5,自然増減,男,-435
令和３,2021,5,自然増減,女,-413
令和３,2021,5,出生,総数,2036
令和３,2021,5,出生,男,1061
令和３,2021,5,出生,女,975
令和３,2021,5,死亡,総数,2884
令和３,2021,5,死亡,男,1496
令和３,2021,5,死亡,女,1388
令和３,2021,5,人口増減率,,-0.01013
令和３,2021,5,社会増減率,,0.0123
令和３,2021,5,自然増減率,,-0.02244
令和３,2021,6,世帯数増減,,606
令和３,2021,6,人口増減,総数,-499
令和３,2021,6,人口増減,男,-481
令和３,2021,6,人口増減,女,-18
令和３,2021,6,社会増減,総数,128
令和３,2021,6,社会増減,男,-96
令和３,2021,6,社会増減,女,224
令和３,2021,6,市外移動_転入,総数,10205
令和３,2021,6,市外移動_転入,男,5433
令和３,2021,6,市外移動_転入,女,4772
令和３,2021,6,市外移動_転出,総数,10063
令和３,2021,6,市外移動_転出,男,5501
令和３,2021,6,市外移動_転出,女,4562
令和３,2021,6,市内移動_転入,総数,5740
令和３,2021,6,市内移動_転入,男,2999
令和３,2021,6,市内移動_転入,女,2741
令和３,2021,6,市内移動_転出,総数,5736
令和３,2021,6,市内移動_転出,男,2996
令和３,2021,6,市内移動_転出,女,2740
令和３,2021,6,その他増減,総数,-18
令和３,2021,6,その他増減,男,-31
令和３,2021,6,その他増減,女,13
令和３,2021,6,自然増減,総数,-627
令和３,2021,6,自然増減,男,-385
令和３,2021,6,自然増減,女,-242
令和３,2021,6,出生,総数,2134
令和３,2021,6,出生,男,1084
令和３,2021,6,出生,女,1050
令和３,2021,6,死亡,総数,2761
令和３,2021,6,死亡,男,1469
令和３,2021,6,死亡,女,1292
令和３,2021,6,人口増減率,,-0.0132
令和３,2021,6,社会増減率,,0.00339
令和３,2021,6,自然増減率,,-0.01659
令和３,2021,7,世帯数増減,,149
令和３,2021,7,人口増減,総数,-515
令和３,2021,7,人口増減,男,-348
令和３,2021,7,人口増減,女,-167
令和３,2021,7,社会増減,総数,-34
令和３,2021,7,社会増減,男,-75
令和３,2021,7,社会増減,女,41
令和３,2021,7,市外移動_転入,総数,9457
令和３,2021,7,市外移動_転入,男,5090
令和３,2021,7,市外移動_転入,女,4367
令和３,2021,7,市外移動_転出,総数,9489
令和３,2021,7,市外移動_転出,男,5152
令和３,2021,7,市外移動_転出,女,4337
令和３,2021,7,市内移動_転入,総数,5427
令和３,2021,7,市内移動_転入,男,2721
令和３,2021,7,市内移動_転入,女,2706
令和３,2021,7,市内移動_転出,総数,5423
令和３,2021,7,市内移動_転出,男,2718
令和３,2021,7,市内移動_転出,女,2705
令和３,2021,7,その他増減,総数,-6
令和３,2021,7,その他増減,男,-16
令和３,2021,7,その他増減,女,10
令和３,2021,7,自然増減,総数,-481
令和３,2021,7,自然増減,男,-273
令和３,2021,7,自然増減,女,-208
令和３,2021,7,出生,総数,2247
令和３,2021,7,出生,男,1169
令和３,2021,7,出生,女,1078
令和３,2021,7,死亡,総数,2728
令和３,2021,7,死亡,男,1442
令和３,2021,7,死亡,女,1286
令和３,2021,7,人口増減率,,-0.01363
令和３,2021,7,社会増減率,,-0.0009
令和３,2021,7,自然増減率,,-0.01273
令和３,2021,8,世帯数増減,,-145
令和３,2021,8,人口増減,総数,-613
令和３,2021,8,人口増減,男,-470
令和３,2021,8,人口増減,女,-143
令和３,2021,8,社会増減,総数,186
令和３,2021,8,社会増減,男,-12
令和３,2021,8,社会増減,女,198
令和３,2021,8,市外移動_転入,総数,9551
令和３,2021,8,市外移動_転入,男,5056
令和３,2021,8,市外移動_転入,女,4495
令和３,2021,8,市外移動_転出,総数,9427
令和３,2021,8,市外移動_転出,男,5083
令和３,2021,8,市外移動_転出,女,4344
令和３,2021,8,市内移動_転入,総数,5624
令和３,2021,8,市内移動_転入,男,2890
令和３,2021,8,市内移動_転入,女,2734
令和３,2021,8,市内移動_転出,総数,5624
令和３,2021,8,市内移動_転出,男,2890
令和３,2021,8,市内移動_転出,女,2734
令和３,2021,8,その他増減,総数,62
令和３,2021,8,その他増減,男,15
令和３,2021,8,その他増減,女,47
令和３,2021,8,自然増減,総数,-799
令和３,2021,8,自然増減,男,-458
令和３,2021,8,自然増減,女,-341
令和３,2021,8,出生,総数,2340
令和３,2021,8,出生,男,1189
令和３,2021,8,出生,女,1151
令和３,2021,8,死亡,総数,3139
令和３,2021,8,死亡,男,1647
令和３,2021,8,死亡,女,1492
令和３,2021,8,人口増減率,,-0.01623
令和３,2021,8,社会増減率,,0.00492
令和３,2021,8,自然増減率,,-0.02115
令和３,2021,9,世帯数増減,,-1105
令和３,2021,9,人口増減,総数,-2084
令和３,2021,9,人口増減,男,-1327
令和３,2021,9,人口増減,女,-757
令和３,2021,9,社会増減,総数,-1254
令和３,2021,9,社会増減,男,-830
令和３,2021,9,社会増減,女,-424
令和３,2021,9,市外移動_転入,総数,8738
令和３,2021,9,市外移動_転入,男,4604
令和３,2021,9,市外移動_転入,女,4134
令和３,2021,9,市外移動_転出,総数,9998
令和３,2021,9,市外移動_転出,男,5415
令和３,2021,9,市外移動_転出,女,4583
令和３,2021,9,市内移動_転入,総数,5191
令和３,2021,9,市内移動_転入,男,2680
令和３,2021,9,市内移動_転入,女,2511
令和３,2021,9,市内移動_転出,総数,5187
令和３,2021,9,市内移動_転出,男,2678
令和３,2021,9,市内移動_転出,女,2509
令和３,2021,9,その他増減,総数,2
令和３,2021,9,その他増減,男,-21
令和３,2021,9,その他増減,女,23
令和３,2021,9,自然増減,総数,-830
令和３,2021,9,自然増減,男,-497
令和３,2021,9,自然増減,女,-333
令和３,2021,9,出生,総数,2240
令和３,2021,9,出生,男,1134
令和３,2021,9,出生,女,1106
令和３,2021,9,死亡,総数,3070
令和３,2021,9,死亡,男,1631
令和３,2021,9,死亡,女,1439
令和３,2021,9,人口増減率,,-0.05517
令和３,2021,9,社会増減率,,-0.0332
令和３,2021,9,自然増減率,,-0.02197
令和３,2021,10,世帯数増減,,436
令和３,2021,10,人口増減,総数,-416
令和３,2021,10,人口増減,男,-454
令和３,2021,10,人口増減,女,38
令和３,2021,10,社会増減,総数,276
令和３,2021,10,社会増減,男,-33
令和３,2021,10,社会増減,女,309
令和３,2021,10,市外移動_転入,総数,9396
令和３,2021,10,市外移動_転入,男,4994
令和３,2021,10,市外移動_転入,女,4402
令和３,2021,10,市外移動_転出,総数,9101
令和３,2021,10,市外移動_転出,男,4981
令和３,2021,10,市外移動_転出,女,4120
令和３,2021,10,市内移動_転入,総数,5380
令和３,2021,10,市内移動_転入,男,2778
令和３,2021,10,市内移動_転入,女,2602
令和３,2021,10,市内移動_転出,総数,5376
令和３,2021,10,市内移動_転出,男,2775
令和３,2021,10,市内移動_転出,女,2601
令和３,2021,10,その他増減,総数,-23
令和３,2021,10,その他増減,男,-49
令和３,2021,10,その他増減,女,26
令和３,2021,10,自然増減,総数,-692
令和３,2021,10,自然増減,男,-421
令和３,2021,10,自然増減,女,-271
令和３,2021,10,出生,総数,2162
令和３,2021,10,出生,男,1095
令和３,2021,10,出生,女,1067
令和３,2021,10,死亡,総数,2854
令和３,2021,10,死亡,男,1516
令和３,2021,10,死亡,女,1338
令和３,2021,10,人口増減率,,-0.01102
令和３,2021,10,社会増減率,,0.00731
令和３,2021,10,自然増減率,,-0.01833
令和３,2021,11,世帯数増減,,-232
令和３,2021,11,人口増減,総数,-954
令和３,2021,11,人口増減,男,-683
令和３,2021,11,人口増減,女,-271
令和３,2021,11,社会増減,総数,-36
令和３,2021,11,社会増減,男,-178
令和３,2021,11,社会増減,女,142
令和３,2021,11,市外移動_転入,総数,9081
令和３,2021,11,市外移動_転入,男,4825
令和３,2021,11,市外移動_転入,女,4256
令和３,2021,11,市外移動_転出,総数,9017
令和３,2021,11,市外移動_転出,男,4915
令和３,2021,11,市外移動_転出,女,4102
令和３,2021,11,市内移動_転入,総数,5682
令和３,2021,11,市内移動_転入,男,2828
令和３,2021,11,市内移動_転入,女,2854
令和３,2021,11,市内移動_転出,総数,5681
令和３,2021,11,市内移動_転出,男,2827
令和３,2021,11,市内移動_転出,女,2854
令和３,2021,11,その他増減,総数,-101
令和３,2021,11,その他増減,男,-89
令和３,2021,11,その他増減,女,-12
令和３,2021,11,自然増減,総数,-918
令和３,2021,11,自然増減,男,-505
令和３,2021,11,自然増減,女,-413
令和３,2021,11,出生,総数,2188
令和３,2021,11,出生,男,1134
令和３,2021,11,出生,女,1054
令和３,2021,11,死亡,総数,3106
令和３,2021,11,死亡,男,1639
令和３,2021,11,死亡,女,1467
令和３,2021,11,人口増減率,,-0.02527
令和３,2021,11,社会増減率,,-0.00095
令和３,2021,11,自然増減率,,-0.02432
令和３,2021,12,世帯数増減,,-805
令和３,2021,12,人口増減,総数,-1953
令和３,2021,12,人口増減,男,-1205
令和３,2021,12,人口増減,女,-748
令和３,2021,12,社会増減,総数,-834
令和３,2021,12,社会増減,男,-608
令和３,2021,12,社会増減,女,-226
令和３,2021,12,市外移動_転入,総数,8757
令和３,2021,12,市外移動_転入,男,4559
令和３,2021,12,市外移動_転入,女,4198
令和３,2021,12,市外移動_転出,総数,9449
令和３,2021,12,市外移動_転出,男,5056
令和３,2021,12,市外移動_転出,女,4393
令和３,2021,12,市内移動_転入,総数,5705
令和３,2021,12,市内移動_転入,男,2847
令和３,2021,12,市内移動_転入,女,2858
令和３,2021,12,市内移動_転出,総数,5701
令和３,2021,12,市内移動_転出,男,2844
令和３,2021,12,市内移動_転出,女,2857
令和３,2021,12,その他増減,総数,-146
令和３,2021,12,その他増減,男,-114
令和３,2021,12,その他増減,女,-32
令和３,2021,12,自然増減,総数,-1119
令和３,2021,12,自然増減,男,-597
令和３,2021,12,自然増減,女,-522
令和３,2021,12,出生,総数,1978
令和３,2021,12,出生,男,1006
令和３,2021,12,出生,女,972
令和３,2021,12,死亡,総数,3097
令和３,2021,12,死亡,男,1603
令和３,2021,12,死亡,女,1494
令和３,2021,12,人口増減率,,-0.05175
令和３,2021,12,社会増減率,,-0.0221
令和３,2021,12,自然増減率,,-0.02965
令和４,2022,1,世帯数増減,,-1693
令和４,2022,1,人口増減,総数,-3127
令和４,2022,1,人口増減,男,-1762
令和４,2022,1,人口増減,女,-1365
令和４,2022,1,社会増減,総数,-1343
令和４,2022,1,社会増減,男,-739
令和４,2022,1,社会増減,女,-604
令和４,2022,1,市外移動_転入,総数,8183
令和４,2022,1,市外移動_転入,男,4345
令和４,2022,1,市外移動_転入,女,3838
令和４,2022,1,市外移動_転出,総数,9442
令和４,2022,1,市外移動_転出,男,5030
令和４,2022,1,市外移動_転出,女,4412
令和４,2022,1,市内移動_転入,総数,4634
令和４,2022,1,市内移動_転入,男,2360
令和４,2022,1,市内移動_転入,女,2274
令和４,2022,1,市内移動_転出,総数,4629
令和４,2022,1,市内移動_転出,男,2356
令和４,2022,1,市内移動_転出,女,2273
令和４,2022,1,その他増減,総数,-89
令和４,2022,1,その他増減,男,-58
令和４,2022,1,その他増減,女,-31
令和４,2022,1,自然増減,総数,-1784
令和４,2022,1,自然増減,男,-1023
令和４,2022,1,自然増減,女,-761
令和４,2022,1,出生,総数,2023
令和４,2022,1,出生,男,1022
令和４,2022,1,出生,女,1001
令和４,2022,1,死亡,総数,3807
令和４,2022,1,死亡,男,2045
令和４,2022,1,死亡,女,1762
令和４,2022,1,人口増減率,,-0.0829
令和４,2022,1,社会増減率,,-0.0356
令和４,2022,1,自然増減率,,-0.0473
令和４,2022,2,世帯数増減,,-913
令和４,2022,2,人口増減,総数,-2846
令和４,2022,2,人口増減,男,-1652
令和４,2022,2,人口増減,女,-1194
令和４,2022,2,社会増減,総数,-1144
令和４,2022,2,社会増減,男,-720
令和４,2022,2,社会増減,女,-424
令和４,2022,2,市外移動_転入,総数,8952
令和４,2022,2,市外移動_転入,男,4673
令和４,2022,2,市外移動_転入,女,4279
令和４,2022,2,市外移動_転出,総数,10143
令和４,2022,2,市外移動_転出,男,5409
令和４,2022,2,市外移動_転出,女,4734
令和４,2022,2,市内移動_転入,総数,5340
令和４,2022,2,市内移動_転入,男,2715
令和４,2022,2,市内移動_転入,女,2625
令和４,2022,2,市内移動_転出,総数,5335
令和４,2022,2,市内移動_転出,男,2712
令和４,2022,2,市内移動_転出,女,2623
令和４,2022,2,その他増減,総数,42
令和４,2022,2,その他増減,男,13
令和４,2022,2,その他増減,女,29
令和４,2022,2,自然増減,総数,-1702
令和４,2022,2,自然増減,男,-932
令和４,2022,2,自然増減,女,-770
令和４,2022,2,出生,総数,1770
令和４,2022,2,出生,男,908
令和４,2022,2,出生,女,862
令和４,2022,2,死亡,総数,3472
令和４,2022,2,死亡,男,1840
令和４,2022,2,死亡,女,1632
令和４,2022,2,人口増減率,,-0.07551
令和４,2022,2,社会増減率,,-0.03035
令和４,2022,2,自然増減率,,-0.04516
令和４,2022,3,世帯数増減,,8131
令和４,2022,3,人口増減,総数,2307
令和４,2022,3,人口増減,男,704
令和４,2022,3,人口増減,女,1603
令和４,2022,3,社会増減,総数,4019
令和４,2022,3,社会増減,男,1701
令和４,2022,3,社会増減,女,2318
令和４,2022,3,市外移動_転入,総数,28229
令和４,2022,3,市外移動_転入,男,14862
令和４,2022,3,市外移動_転入,女,13367
令和４,2022,3,市外移動_転出,総数,24466
令和４,2022,3,市外移動_転出,男,13276
令和４,2022,3,市外移動_転出,女,11190
令和４,2022,3,市内移動_転入,総数,8073
令和４,2022,3,市内移動_転入,男,4047
令和４,2022,3,市内移動_転入,女,4026
令和４,2022,3,市内移動_転出,総数,8069
令和４,2022,3,市内移動_転出,男,4046
令和４,2022,3,市内移動_転出,女,4023
令和４,2022,3,その他増減,総数,252
令和４,2022,3,その他増減,男,114
令和４,2022,3,その他増減,女,138
令和４,2022,3,自然増減,総数,-1712
令和４,2022,3,自然増減,男,-997
令和４,2022,3,自然増減,女,-715
令和４,2022,3,出生,総数,1955
令和４,2022,3,出生,男,954
令和４,2022,3,出生,女,1001
令和４,2022,3,死亡,総数,3667
令和４,2022,3,死亡,男,1951
令和４,2022,3,死亡,女,1716
令和４,2022,3,人口増減率,,0.06126
令和４,2022,3,社会増減率,,0.10672
令和４,2022,3,自然増減率,,-0.04546
令和４,2022,4,世帯数増減,,5340
令和４,2022,4,人口増減,総数,4851
令和４,2022,4,人口増減,男,2561
令和４,2022,4,人口増減,女,2290
令和４,2022,4,社会増減,総数,6173
令和４,2022,4,社会増減,男,3327
令和４,2022,4,社会増減,女,2846
令和４,2022,4,市外移動_転入,総数,18192
令和４,2022,4,市外移動_転入,男,9981
令和４,2022,4,市外移動_転入,女,8211
令和４,2022,4,市外移動_転出,総数,12085
令和４,2022,4,市外移動_転出,男,6670
令和４,2022,4,市外移動_転出,女,5415
令和４,2022,4,市内移動_転入,総数,6037
令和４,2022,4,市内移動_転入,男,3061
令和４,2022,4,市内移動_転入,女,2976
令和４,2022,4,市内移動_転出,総数,6035
令和４,2022,4,市内移動_転出,男,3059
令和４,2022,4,市内移動_転出,女,2976
令和４,2022,4,その他増減,総数,64
令和４,2022,4,その他増減,男,14
令和４,2022,4,その他増減,女,50
令和４,2022,4,自然増減,総数,-1322
令和４,2022,4,自然増減,男,-766
令和４,2022,4,自然増減,女,-556
令和４,2022,4,出生,総数,1701
令和４,2022,4,出生,男,871
令和４,2022,4,出生,女,830
令和４,2022,4,死亡,総数,3023
令和４,2022,4,死亡,男,1637
令和４,2022,4,死亡,女,1386
令和４,2022,4,人口増減率,,0.12873
令和４,2022,4,社会増減率,,0.16381
令和４,2022,4,自然増減率,,-0.03508
令和４,2022,5,世帯数増減,,2352
令和４,2022,5,人口増減,総数,1155
令和４,2022,5,人口増減,男,487
令和４,2022,5,人口増減,女,668
令和４,2022,5,社会増減,総数,2301
令和４,2022,5,社会増減,男,1188
令和４,2022,5,社会増減,女,1113
令和４,2022,5,市外移動_転入,総数,12472
令和４,2022,5,市外移動_転入,男,6805
令和４,2022,5,市外移動_転入,女,5667
令和４,2022,5,市外移動_転出,総数,10197
令和４,2022,5,市外移動_転出,男,5608
令和４,2022,5,市外移動_転出,女,4589
令和４,2022,5,市内移動_転入,総数,5712
令和４,2022,5,市内移動_転入,男,2882
令和４,2022,5,市内移動_転入,女,2830
令和４,2022,5,市内移動_転出,総数,5712
令和４,2022,5,市内移動_転出,男,2882
令和４,2022,5,市内移動_転出,女,2830
令和４,2022,5,その他増減,総数,26
令和４,2022,5,その他増減,男,-9
令和４,2022,5,その他増減,女,35
令和４,2022,5,自然増減,総数,-1146
令和４,2022,5,自然増減,男,-701
令和４,2022,5,自然増減,女,-445
令和４,2022,5,出生,総数,1961
令和４,2022,5,出生,男,977
令和４,2022,5,出生,女,984
令和４,2022,5,死亡,総数,3107
令和４,2022,5,死亡,男,1678
令和４,2022,5,死亡,女,1429
令和４,2022,5,人口増減率,,0.03061
令和４,2022,5,社会増減率,,0.06098
令和４,2022,5,自然増減率,,-0.03037
令和４,2022,6,世帯数増減,,799
令和４,2022,6,人口増減,総数,-696
令和４,2022,6,人口増減,男,-487
令和４,2022,6,人口増減,女,-209
令和４,2022,6,社会増減,総数,123
令和４,2022,6,社会増減,男,-9
令和４,2022,6,社会増減,女,132
令和４,2022,6,市外移動_転入,総数,10595
令和４,2022,6,市外移動_転入,男,5785
令和４,2022,6,市外移動_転入,女,4810
令和４,2022,6,市外移動_転出,総数,10499
令和４,2022,6,市外移動_転出,男,5775
令和４,2022,6,市外移動_転出,女,4724
令和４,2022,6,市内移動_転入,総数,5402
令和４,2022,6,市内移動_転入,男,2775
令和４,2022,6,市内移動_転入,女,2627
令和４,2022,6,市内移動_転出,総数,5401
令和４,2022,6,市内移動_転出,男,2774
令和４,2022,6,市内移動_転出,女,2627
令和４,2022,6,その他増減,総数,26
令和４,2022,6,その他増減,男,-20
令和４,2022,6,その他増減,女,46
令和４,2022,6,自然増減,総数,-819
令和４,2022,6,自然増減,男,-478
令和４,2022,6,自然増減,女,-341
令和４,2022,6,出生,総数,2025
令和４,2022,6,出生,男,1017
令和４,2022,6,出生,女,1008
令和４,2022,6,死亡,総数,2844
令和４,2022,6,死亡,男,1495
令和４,2022,6,死亡,女,1349
令和４,2022,6,人口増減率,,-0.01844
令和４,2022,6,社会増減率,,0.00326
令和４,2022,6,自然増減率,,-0.0217
令和４,2022,7,世帯数増減,,663
令和４,2022,7,人口増減,総数,-66
令和４,2022,7,人口増減,男,-319
令和４,2022,7,人口増減,女,253
令和４,2022,7,社会増減,総数,777
令和４,2022,7,社会増減,男,226
令和４,2022,7,社会増減,女,551
令和４,2022,7,市外移動_転入,総数,10786
令和４,2022,7,市外移動_転入,男,5668
令和４,2022,7,市外移動_転入,女,5118
令和４,2022,7,市外移動_転出,総数,10070
令和４,2022,7,市外移動_転出,男,5466
令和４,2022,7,市外移動_転出,女,4604
令和４,2022,7,市内移動_転入,総数,5235
令和４,2022,7,市内移動_転入,男,2659
令和４,2022,7,市内移動_転入,女,2576
令和４,2022,7,市内移動_転出,総数,5233
令和４,2022,7,市内移動_転出,男,2658
令和４,2022,7,市内移動_転出,女,2575
令和４,2022,7,その他増減,総数,59
令和４,2022,7,その他増減,男,23
令和４,2022,7,その他増減,女,36
令和４,2022,7,自然増減,総数,-843
令和４,2022,7,自然増減,男,-545
令和４,2022,7,自然増減,女,-298
令和４,2022,7,出生,総数,1956
令和４,2022,7,出生,男,980
令和４,2022,7,出生,女,976
令和４,2022,7,死亡,総数,2799
令和４,2022,7,死亡,男,1525
令和４,2022,7,死亡,女,1274
令和４,2022,7,人口増減率,,-0.00175
令和４,2022,7,社会増減率,,0.02059
令和４,2022,7,自然増減率,,-0.02234
令和４,2022,8,世帯数増減,,127
令和４,2022,8,人口増減,総数,-720
令和４,2022,8,人口増減,男,-412
令和４,2022,8,人口増減,女,-308
令和４,2022,8,社会増減,総数,526
令和４,2022,8,社会増減,男,287
令和４,2022,8,社会増減,女,239
令和４,2022,8,市外移動_転入,総数,11089
令和４,2022,8,市外移動_転入,男,5980
令和４,2022,8,市外移動_転入,女,5109
令和４,2022,8,市外移動_転出,総数,10574
令和４,2022,8,市外移動_転出,男,5656
令和４,2022,8,市外移動_転出,女,4918
令和４,2022,8,市内移動_転入,総数,5569
令和４,2022,8,市内移動_転入,男,2857
令和４,2022,8,市内移動_転入,女,2712
令和４,2022,8,市内移動_転出,総数,5568
令和４,2022,8,市内移動_転出,男,2856
令和４,2022,8,市内移動_転出,女,2712
令和４,2022,8,その他増減,総数,10
令和４,2022,8,その他増減,男,-38
令和４,2022,8,その他増減,女,48
令和４,2022,8,自然増減,総数,-1246
令和４,2022,8,自然増減,男,-699
令和４,2022,8,自然増減,女,-547
令和４,2022,8,出生,総数,2314
令和４,2022,8,出生,男,1190
令和４,2022,8,出生,女,1124
令和４,2022,8,死亡,総数,3560
令和４,2022,8,死亡,男,1889
令和４,2022,8,死亡,女,1671
令和４,2022,8,人口増減率,,-0.01908
令和４,2022,8,社会増減率,,0.01394
令和４,2022,8,自然増減率,,-0.03302
令和４,2022,9,世帯数増減,,456
令和４,2022,9,人口増減,総数,-926
令和４,2022,9,人口増減,男,-680
令和４,2022,9,人口増減,女,-246
令和４,2022,9,社会増減,総数,85
令和４,2022,9,社会増減,男,-92
令和４,2022,9,社会増減,女,177
令和４,2022,9,市外移動_転入,総数,10195
令和４,2022,9,市外移動_転入,男,5516
令和４,2022,9,市外移動_転入,女,4679
令和４,2022,9,市外移動_転出,総数,10112
令和４,2022,9,市外移動_転出,男,5625
令和４,2022,9,市外移動_転出,女,4487
令和４,2022,9,市内移動_転入,総数,5222
令和４,2022,9,市内移動_転入,男,2638
令和４,2022,9,市内移動_転入,女,2584
令和４,2022,9,市内移動_転出,総数,5220
令和４,2022,9,市内移動_転出,男,2636
令和４,2022,9,市内移動_転出,女,2584
令和４,2022,9,その他増減,総数,0
令和４,2022,9,その他増減,男,15
令和４,2022,9,その他増減,女,-15
令和４,2022,9,自然増減,総数,-1011
令和４,2022,9,自然増減,男,-588
令和４,2022,9,自然増減,女,-423
令和４,2022,9,出生,総数,2171
令和４,2022,9,出生,男,1073
令和４,2022,9,出生,女,1098
令和４,2022,9,死亡,総数,3182
令和４,2022,9,死亡,男,1661
令和４,2022,9,死亡,女,1521
令和４,2022,9,人口増減率,,-0.02454
令和４,2022,9,社会増減率,,0.00225
令和４,2022,9,自然増減率,,-0.0268
令和４,2022,10,世帯数増減,,926
令和４,2022,10,人口増減,総数,460
令和４,2022,10,人口増減,男,306
令和４,2022,10,人口増減,女,154
令和４,2022,10,社会増減,総数,1535
令和４,2022,10,社会増減,男,891
令和４,2022,10,社会増減,女,644
令和４,2022,10,市外移動_転入,総数,10719
令和４,2022,10,市外移動_転入,男,5821
令和４,2022,10,市外移動_転入,女,4898
令和４,2022,10,市外移動_転出,総数,9162
令和４,2022,10,市外移動_転出,男,4903
令和４,2022,10,市外移動_転出,女,4259
令和４,2022,10,市内移動_転入,総数,5386
令和４,2022,10,市内移動_転入,男,2682
令和４,2022,10,市内移動_転入,女,2704
令和４,2022,10,市内移動_転出,総数,5385
令和４,2022,10,市内移動_転出,男,2681
令和４,2022,10,市内移動_転出,女,2704
令和４,2022,10,その他増減,総数,-23
令和４,2022,10,その他増減,男,-28
令和４,2022,10,その他増減,女,5
令和４,2022,10,自然増減,総数,-1075
令和４,2022,10,自然増減,男,-585
令和４,2022,10,自然増減,女,-490
令和４,2022,10,出生,総数,2123
令和４,2022,10,出生,男,1092
令和４,2022,10,出生,女,1031
令和４,2022,10,死亡,総数,3198
令和４,2022,10,死亡,男,1677
令和４,2022,10,死亡,女,1521
令和４,2022,10,人口増減率,,0.0122
令和４,2022,10,社会増減率,,0.0407
令和４,2022,10,自然増減率,,-0.0285
令和４,2022,11,世帯数増減,,292
令和４,2022,11,人口増減,総数,-781
令和４,2022,11,人口増減,男,-473
令和４,2022,11,人口増減,女,-308
令和４,2022,11,社会増減,総数,537
令和４,2022,11,社会増減,男,212
令和４,2022,11,社会増減,女,325
令和４,2022,11,市外移動_転入,総数,9499
令和４,2022,11,市外移動_転入,男,5076
令和４,2022,11,市外移動_転入,女,4423
令和４,2022,11,市外移動_転出,総数,8971
令和４,2022,11,市外移動_転出,男,4830
令和４,2022,11,市外移動_転出,女,4141
令和４,2022,11,市内移動_転入,総数,5398
令和４,2022,11,市内移動_転入,男,2762
令和４,2022,11,市内移動_転入,女,2636
令和４,2022,11,市内移動_転出,総数,5396
令和４,2022,11,市内移動_転出,男,2761
令和４,2022,11,市内移動_転出,女,2635
令和４,2022,11,その他増減,総数,7
令和４,2022,11,その他増減,男,-35
令和４,2022,11,その他増減,女,42
令和４,2022,11,自然増減,総数,-1318
令和４,2022,11,自然増減,男,-685
令和４,2022,11,自然増減,女,-633
令和４,2022,11,出生,総数,2026
令和４,2022,11,出生,男,1035
令和４,2022,11,出生,女,991
令和４,2022,11,死亡,総数,3344
令和４,2022,11,死亡,男,1720
令和４,2022,11,死亡,女,1624
令和４,2022,11,人口増減率,,-0.0207
令和４,2022,11,社会増減率,,0.01423
令和４,2022,11,自然増減率,,-0.03494
令和４,2022,12,世帯数増減,,-698
令和４,2022,12,人口増減,総数,-2045
令和４,2022,12,人口増減,男,-1122
令和４,2022,12,人口増減,女,-923
令和４,2022,12,社会増減,総数,-284
令和４,2022,12,社会増減,男,-160
令和４,2022,12,社会増減,女,-124
令和４,2022,12,市外移動_転入,総数,9221
令和４,2022,12,市外移動_転入,男,4925
令和４,2022,12,市外移動_転入,女,4296
令和４,2022,12,市外移動_転出,総数,9451
令和４,2022,12,市外移動_転出,男,5034
令和４,2022,12,市外移動_転出,女,4417
令和４,2022,12,市内移動_転入,総数,5228
令和４,2022,12,市内移動_転入,男,2706
令和４,2022,12,市内移動_転入,女,2522
令和４,2022,12,市内移動_転出,総数,5227
令和４,2022,12,市内移動_転出,男,2705
令和４,2022,12,市内移動_転出,女,2522
令和４,2022,12,その他増減,総数,-55
令和４,2022,12,その他増減,男,-52
令和４,2022,12,その他増減,女,-3
令和４,2022,12,自然増減,総数,-1761
令和４,2022,12,自然増減,男,-962
令和４,2022,12,自然増減,女,-799
令和４,2022,12,出生,総数,1760
令和４,2022,12,出生,男,883
令和４,2022,12,出生,女,877
令和４,2022,12,死亡,総数,3521
令和４,2022,12,死亡,男,1845
令和４,2022,12,死亡,女,1676
令和４,2022,12,人口増減率,,-0.05422
令和４,2022,12,社会増減率,,-0.00753
令和４,2022,12,自然増減率,,-0.04669
令和５,2023,1,世帯数増減,,-973
令和５,2023,1,人口増減,総数,-2596
令和５,2023,1,人口増減,男,-1417
令和５,2023,1,人口増減,女,-1179
令和５,2023,1,社会増減,総数,-213
令和５,2023,1,社会増減,男,-126
令和５,2023,1,社会増減,女,-87
令和５,2023,1,市外移動_転入,総数,9111
令和５,2023,1,市外移動_転入,男,4909
令和５,2023,1,市外移動_転入,女,4202
令和５,2023,1,市外移動_転出,総数,9321
令和５,2023,1,市外移動_転出,男,4989
令和５,2023,1,市外移動_転出,女,4332
令和５,2023,1,市内移動_転入,総数,4653
令和５,2023,1,市内移動_転入,男,2329
令和５,2023,1,市内移動_転入,女,2324
令和５,2023,1,市内移動_転出,総数,4650
令和５,2023,1,市内移動_転出,男,2328
令和５,2023,1,市内移動_転出,女,2322
令和５,2023,1,その他増減,総数,-6
令和５,2023,1,その他増減,男,-47
令和５,2023,1,その他増減,女,41
令和５,2023,1,自然増減,総数,-2383
令和５,2023,1,自然増減,男,-1291
令和５,2023,1,自然増減,女,-1092
令和５,2023,1,出生,総数,1897
令和５,2023,1,出生,男,943
令和５,2023,1,出生,女,954
令和５,2023,1,死亡,総数,4280
令和５,2023,1,死亡,男,2234
令和５,2023,1,死亡,女,2046
令和５,2023,1,人口増減率,,-0.06887
令和５,2023,1,社会増減率,,-0.00565
令和５,2023,1,自然増減率,,-0.06322
令和５,2023,2,世帯数増減,,35
令和５,2023,2,人口増減,総数,-1728
令和５,2023,2,人口増減,男,-961
令和５,2023,2,人口増減,女,-767
令和５,2023,2,社会増減,総数,-129
令和５,2023,2,社会増減,男,-66
令和５,2023,2,社会増減,女,-63
令和５,2023,2,市外移動_転入,総数,10045
令和５,2023,2,市外移動_転入,男,5432
令和５,2023,2,市外移動_転入,女,4613
令和５,2023,2,市外移動_転出,総数,10183
令和５,2023,2,市外移動_転出,男,5455
令和５,2023,2,市外移動_転出,女,4728
令和５,2023,2,市内移動_転入,総数,5426
令和５,2023,2,市内移動_転入,男,2733
令和５,2023,2,市内移動_転入,女,2693
令和５,2023,2,市内移動_転出,総数,5426
令和５,2023,2,市内移動_転出,男,2733
令和５,2023,2,市内移動_転出,女,2693
令和５,2023,2,その他増減,総数,9
令和５,2023,2,その他増減,男,-43
令和５,2023,2,その他増減,女,52
令和５,2023,2,自然増減,総数,-1599
令和５,2023,2,自然増減,男,-895
令和５,2023,2,自然増減,女,-704
令和５,2023,2,出生,総数,1757
令和５,2023,2,出生,男,890
令和５,2023,2,出生,女,867
令和５,2023,2,死亡,総数,3356
令和５,2023,2,死亡,男,1785
令和５,2023,2,死亡,女,1571
令和５,2023,2,人口増減率,,-0.04587
令和５,2023,2,社会増減率,,-0.00342
令和５,2023,2,自然増減率,,-0.04245
令和５,2023,3,世帯数増減,,9136
令和５,2023,3,人口増減,総数,3393
令和５,2023,3,人口増減,男,1416
令和５,2023,3,人口増減,女,1977
令和５,2023,3,社会増減,総数,4902
令和５,2023,3,社会増減,男,2243
令和５,2023,3,社会増減,女,2659
令和５,2023,3,市外移動_転入,総数,28323
令和５,2023,3,市外移動_転入,男,15034
令和５,2023,3,市外移動_転入,女,13289
令和５,2023,3,市外移動_転出,総数,23614
令和５,2023,3,市外移動_転出,男,12845
令和５,2023,3,市外移動_転出,女,10769
令和５,2023,3,市内移動_転入,総数,8099
令和５,2023,3,市内移動_転入,男,4075
令和５,2023,3,市内移動_転入,女,4024
令和５,2023,3,市内移動_転出,総数,8097
令和５,2023,3,市内移動_転出,男,4073
令和５,2023,3,市内移動_転出,女,4024
令和５,2023,3,その他増減,総数,191
令和５,2023,3,その他増減,男,52
令和５,2023,3,その他増減,女,139
令和５,2023,3,自然増減,総数,-1509
令和５,2023,3,自然増減,男,-827
令和５,2023,3,自然増減,女,-682
令和５,2023,3,出生,総数,1860
令和５,2023,3,出生,男,947
令和５,2023,3,出生,女,913
令和５,2023,3,死亡,総数,3369
令和５,2023,3,死亡,男,1774
令和５,2023,3,死亡,女,1595
令和５,2023,3,人口増減率,,0.09011
令和５,2023,3,社会増減率,,0.13019
令和５,2023,3,自然増減率,,-0.04008
令和５,2023,4,世帯数増減,,5747
令和５,2023,4,人口増減,総数,5516
令和５,2023,4,人口増減,男,2849
令和５,2023,4,人口増減,女,2667
令和５,2023,4,社会増減,総数,6708
令和５,2023,4,社会増減,男,3517
令和５,2023,4,社会増減,女,3191
令和５,2023,4,市外移動_転入,総数,18474
令和５,2023,4,市外移動_転入,男,10016
令和５,2023,4,市外移動_転入,女,8458
令和５,2023,4,市外移動_転出,総数,11881
令和５,2023,4,市外移動_転出,男,6535
令和５,2023,4,市外移動_転出,女,5346
令和５,2023,4,市内移動_転入,総数,6242
令和５,2023,4,市内移動_転入,男,3137
令和５,2023,4,市内移動_転入,女,3105
令和５,2023,4,市内移動_転出,総数,6240
令和５,2023,4,市内移動_転出,男,3135
令和５,2023,4,市内移動_転出,女,3105
令和５,2023,4,その他増減,総数,113
令和５,2023,4,その他増減,男,34
令和５,2023,4,その他増減,女,79
令和５,2023,4,自然増減,総数,-1192
令和５,2023,4,自然増減,男,-668
令和５,2023,4,自然増減,女,-524
令和５,2023,4,出生,総数,1667
令和５,2023,4,出生,男,838
令和５,2023,4,出生,女,829
令和５,2023,4,死亡,総数,2859
令和５,2023,4,死亡,男,1506
令和５,2023,4,死亡,女,1353
令和５,2023,4,人口増減率,,0.14636
令和５,2023,4,社会増減率,,0.17799
令和５,2023,4,自然増減率,,-0.03163
令和５,2023,5,世帯数増減,,1480
令和５,2023,5,人口増減,総数,431
令和５,2023,5,人口増減,男,137
令和５,2023,5,人口増減,女,294
令和５,2023,5,社会増減,総数,1516
令和５,2023,5,社会増減,男,717
令和５,2023,5,社会増減,女,799
令和５,2023,5,市外移動_転入,総数,11849
令和５,2023,5,市外移動_転入,男,6450
令和５,2023,5,市外移動_転入,女,5399
令和５,2023,5,市外移動_転出,総数,10308
令和５,2023,5,市外移動_転出,男,5709
令和５,2023,5,市外移動_転出,女,4599
令和５,2023,5,市内移動_転入,総数,5673
令和５,2023,5,市内移動_転入,男,2831
令和５,2023,5,市内移動_転入,女,2842
令和５,2023,5,市内移動_転出,総数,5671
令和５,2023,5,市内移動_転出,男,2830
令和５,2023,5,市内移動_転出,女,2841
令和５,2023,5,その他増減,総数,-27
令和５,2023,5,その他増減,男,-25
令和５,2023,5,その他増減,女,-2
令和５,2023,5,自然増減,総数,-1085
令和５,2023,5,自然増減,男,-580
令和５,2023,5,自然増減,女,-505
令和５,2023,5,出生,総数,2049
令和５,2023,5,出生,男,1073
令和５,2023,5,出生,女,976
令和５,2023,5,死亡,総数,3134
令和５,2023,5,死亡,男,1653
令和５,2023,5,死亡,女,1481
令和５,2023,5,人口増減率,,0.01142
令和５,2023,5,社会増減率,,0.04017
令和５,2023,5,自然増減率,,-0.02875
令和５,2023,6,世帯数増減,,348
令和５,2023,6,人口増減,総数,-1009
令和５,2023,6,人口増減,男,-504
令和５,2023,6,人口増減,女,-505
令和５,2023,6,社会増減,総数,26
令和５,2023,6,社会増減,男,37
令和５,2023,6,社会増減,女,-11
令和５,2023,6,市外移動_転入,総数,10341
令和５,2023,6,市外移動_転入,男,5652
令和５,2023,6,市外移動_転入,女,4689
令和５,2023,6,市外移動_転出,総数,10381
令和５,2023,6,市外移動_転出,男,5605
令和５,2023,6,市外移動_転出,女,4776
令和５,2023,6,市内移動_転入,総数,5227
令和５,2023,6,市内移動_転入,男,2612
令和５,2023,6,市内移動_転入,女,2615
令和５,2023,6,市内移動_転出,総数,5225
令和５,2023,6,市内移動_転出,男,2611
令和５,2023,6,市内移動_転出,女,2614
令和５,2023,6,その他増減,総数,64
令和５,2023,6,その他増減,男,-11
令和５,2023,6,その他増減,女,75
令和５,2023,6,自然増減,総数,-1035
令和５,2023,6,自然増減,男,-541
令和５,2023,6,自然増減,女,-494
令和５,2023,6,出生,総数,1895
令和５,2023,6,出生,男,1001
令和５,2023,6,出生,女,894
令和５,2023,6,死亡,総数,2930
令和５,2023,6,死亡,男,1542
令和５,2023,6,死亡,女,1388
令和５,2023,6,人口増減率,,-0.02673
令和５,2023,6,社会増減率,,0.00069
令和５,2023,6,自然増減率,,-0.02742
令和５,2023,7,世帯数増減,,660
令和５,2023,7,人口増減,総数,-199
令和５,2023,7,人口増減,男,-219
令和５,2023,7,人口増減,女,20
令和５,2023,7,社会増減,総数,653
令和５,2023,7,社会増減,男,307
令和５,2023,7,社会増減,女,346
令和５,2023,7,市外移動_転入,総数,10975
令和５,2023,7,市外移動_転入,男,5851
令和５,2023,7,市外移動_転入,女,5124
令和５,2023,7,市外移動_転出,総数,10453
令和５,2023,7,市外移動_転出,男,5604
令和５,2023,7,市外移動_転出,女,4849
令和５,2023,7,市内移動_転入,総数,5276
令和５,2023,7,市内移動_転入,男,2714
令和５,2023,7,市内移動_転入,女,2562
令和５,2023,7,市内移動_転出,総数,5274
令和５,2023,7,市内移動_転出,男,2713
令和５,2023,7,市内移動_転出,女,2561
令和５,2023,7,その他増減,総数,129
令和５,2023,7,その他増減,男,59
令和５,2023,7,その他増減,女,70
令和５,2023,7,自然増減,総数,-852
令和５,2023,7,自然増減,男,-526
令和５,2023,7,自然増減,女,-326
令和５,2023,7,出生,総数,2062
令和５,2023,7,出生,男,1058
令和５,2023,7,出生,女,1004
令和５,2023,7,死亡,総数,2914
令和５,2023,7,死亡,男,1584
令和５,2023,7,死亡,女,1330
令和５,2023,7,人口増減率,,-0.00527
令和５,2023,7,社会増減率,,0.0173
令和５,2023,7,自然増減率,,-0.02258
令和５,2023,8,世帯数増減,,-91
令和５,2023,8,人口増減,総数,-963
令和５,2023,8,人口増減,男,-806
令和５,2023,8,人口増減,女,-157
令和５,2023,8,社会増減,総数,288
令和５,2023,8,社会増減,男,-37
令和５,2023,8,社会増減,女,325
令和５,2023,8,市外移動_転入,総数,10407
令和５,2023,8,市外移動_転入,男,5436
令和５,2023,8,市外移動_転入,女,4971
令和５,2023,8,市外移動_転出,総数,10221
令和５,2023,8,市外移動_転出,男,5507
令和５,2023,8,市外移動_転出,女,4714
令和５,2023,8,市内移動_転入,総数,5421
令和５,2023,8,市内移動_転入,男,2795
令和５,2023,8,市内移動_転入,女,2626
令和５,2023,8,市内移動_転出,総数,5420
令和５,2023,8,市内移動_転出,男,2795
令和５,2023,8,市内移動_転出,女,2625
令和５,2023,8,その他増減,総数,101
令和５,2023,8,その他増減,男,34
令和５,2023,8,その他増減,女,67
令和５,2023,8,自然増減,総数,-1251
令和５,2023,8,自然増減,男,-769
令和５,2023,8,自然増減,女,-482
令和５,2023,8,出生,総数,2099
令和５,2023,8,出生,男,1085
令和５,2023,8,出生,女,1014
令和５,2023,8,死亡,総数,3350
令和５,2023,8,死亡,男,1854
令和５,2023,8,死亡,女,1496
令和５,2023,8,人口増減率,,-0.02552
令和５,2023,8,社会増減率,,0.00763
令和５,2023,8,自然増減率,,-0.03315
令和５,2023,9,世帯数増減,,739
令和５,2023,9,人口増減,総数,-674
令和５,2023,9,人口増減,男,-626
令和５,2023,9,人口増減,女,-48
令和５,2023,9,社会増減,総数,670
令和５,2023,9,社会増減,男,247
令和５,2023,9,社会増減,女,423
令和５,2023,9,市外移動_転入,総数,10233
令和５,2023,9,市外移動_転入,男,5509
令和５,2023,9,市外移動_転入,女,4724
令和５,2023,9,市外移動_転出,総数,9687
令和５,2023,9,市外移動_転出,男,5319
令和５,2023,9,市外移動_転出,女,4368
令和５,2023,9,市内移動_転入,総数,4635
令和５,2023,9,市内移動_転入,男,2415
令和５,2023,9,市内移動_転入,女,2220
令和５,2023,9,市内移動_転出,総数,4636
令和５,2023,9,市内移動_転出,男,2416
令和５,2023,9,市内移動_転出,女,2220
令和５,2023,9,その他増減,総数,125
令和５,2023,9,その他増減,男,58
令和５,2023,9,その他増減,女,67
令和５,2023,9,自然増減,総数,-1344
令和５,2023,9,自然増減,男,-873
令和５,2023,9,自然増減,女,-471
令和５,2023,9,出生,総数,1883
令和５,2023,9,出生,男,904
令和５,2023,9,出生,女,979
令和５,2023,9,死亡,総数,3227
令和５,2023,9,死亡,男,1777
令和５,2023,9,死亡,女,1450
令和５,2023,9,人口増減率,,-0.01787
令和５,2023,9,社会増減率,,0.01776
令和５,2023,9,自然増減率,,-0.03563
令和５,2023,10,世帯数増減,,890
令和５,2023,10,人口増減,総数,-155
令和５,2023,10,人口増減,男,-25
令和５,2023,10,人口増減,女,-130
令和５,2023,10,社会増減,総数,1305
令和５,2023,10,社会増減,男,726
令和５,2023,10,社会増減,女,579
令和５,2023,10,市外移動_転入,総数,10749
令和５,2023,10,市外移動_転入,男,5883
令和５,2023,10,市外移動_転入,女,4866
令和５,2023,10,市外移動_転出,総数,9516
令和５,2023,10,市外移動_転出,男,5192
令和５,2023,10,市外移動_転出,女,4324
令和５,2023,10,市内移動_転入,総数,5384
令和５,2023,10,市内移動_転入,男,2718
令和５,2023,10,市内移動_転入,女,2666
令和５,2023,10,市内移動_転出,総数,5383
令和５,2023,10,市内移動_転出,男,2717
令和５,2023,10,市内移動_転出,女,2666
令和５,2023,10,その他増減,総数,71
令和５,2023,10,その他増減,男,34
令和５,2023,10,その他増減,女,37
令和５,2023,10,自然増減,総数,-1460
令和５,2023,10,自然増減,男,-751
令和５,2023,10,自然増減,女,-709
令和５,2023,10,出生,総数,2054
令和５,2023,10,出生,男,1069
令和５,2023,10,出生,女,985
令和５,2023,10,死亡,総数,3514
令和５,2023,10,死亡,男,1820
令和５,2023,10,死亡,女,1694
令和５,2023,10,人口増減率,,-0.00411
令和５,2023,10,社会増減率,,0.0346
令和５,2023,10,自然増減率,,-0.03871
令和５,2023,11,世帯数増減,,-76
令和５,2023,11,人口増減,総数,-1432
令和５,2023,11,人口増減,男,-627
令和５,2023,11,人口増減,女,-805
令和５,2023,11,社会増減,総数,-36
令和５,2023,11,社会増減,男,128
令和５,2023,11,社会増減,女,-164
令和５,2023,11,市外移動_転入,総数,8988
令和５,2023,11,市外移動_転入,男,4865
令和５,2023,11,市外移動_転入,女,4123
令和５,2023,11,市外移動_転出,総数,9109
令和５,2023,11,市外移動_転出,男,4775
令和５,2023,11,市外移動_転出,女,4334
令和５,2023,11,市内移動_転入,総数,5397
令和５,2023,11,市内移動_転入,男,2735
令和５,2023,11,市内移動_転入,女,2662
令和５,2023,11,市内移動_転出,総数,5396
令和５,2023,11,市内移動_転出,男,2734
令和５,2023,11,市内移動_転出,女,2662
令和５,2023,11,その他増減,総数,84
令和５,2023,11,その他増減,男,37
令和５,2023,11,その他増減,女,47
令和５,2023,11,自然増減,総数,-1396
令和５,2023,11,自然増減,男,-755
令和５,2023,11,自然増減,女,-641
令和５,2023,11,出生,総数,1860
令和５,2023,11,出生,男,946
令和５,2023,11,出生,女,914
令和５,2023,11,死亡,総数,3256
令和５,2023,11,死亡,男,1701
令和５,2023,11,死亡,女,1555
令和５,2023,11,人口増減率,,-0.03797
令和５,2023,11,社会増減率,,-0.00095
令和５,2023,11,自然増減率,,-0.03701
令和５,2023,12,世帯数増減,,-184
令和５,2023,12,人口増減,総数,-959
令和５,2023,12,人口増減,男,-713
令和５,2023,12,人口増減,女,-246
令和５,2023,12,社会増減,総数,427
令和５,2023,12,社会増減,男,96
令和５,2023,12,社会増減,女,331
令和５,2023,12,市外移動_転入,総数,9718
令和５,2023,12,市外移動_転入,男,5078
令和５,2023,12,市外移動_転入,女,4640
令和５,2023,12,市外移動_転出,総数,9298
令和５,2023,12,市外移動_転出,男,4946
令和５,2023,12,市外移動_転出,女,4352
令和５,2023,12,市内移動_転入,総数,5698
令和５,2023,12,市内移動_転入,男,2938
令和５,2023,12,市内移動_転入,女,2760
令和５,2023,12,市内移動_転出,総数,5694
令和５,2023,12,市内移動_転出,男,2935
令和５,2023,12,市内移動_転出,女,2759
令和５,2023,12,その他増減,総数,3
令和５,2023,12,その他増減,男,-39
令和５,2023,12,その他増減,女,42
令和５,2023,12,自然増減,総数,-1386
令和５,2023,12,自然増減,男,-809
令和５,2023,12,自然増減,女,-577
令和５,2023,12,出生,総数,1871
令和５,2023,12,出生,男,915
令和５,2023,12,出生,女,956
令和５,2023,12,死亡,総数,3257
令和５,2023,12,死亡,男,1724
令和５,2023,12,死亡,女,1533
令和５,2023,12,人口増減率,,-0.02544
令和５,2023,12,社会増減率,,0.01133
令和５,2023,12,自然増減率,,-0.03676
令和６,2024,1,世帯数増減,,-885
令和６,2024,1,人口増減,総数,-2502
令和６,2024,1,人口増減,男,-1374
令和６,2024,1,人口増減,女,-1128
令和６,2024,1,社会増減,総数,-365
令和６,2024,1,社会増減,男,-261
令和６,2024,1,社会増減,女,-104
令和６,2024,1,市外移動_転入,総数,9194
令和６,2024,1,市外移動_転入,男,4931
令和６,2024,1,市外移動_転入,女,4263
令和６,2024,1,市外移動_転出,総数,9560
令和６,2024,1,市外移動_転出,男,5140
令和６,2024,1,市外移動_転出,女,4420
令和６,2024,1,市内移動_転入,総数,4454
令和６,2024,1,市内移動_転入,男,2303
令和６,2024,1,市内移動_転入,女,2151
令和６,2024,1,市内移動_転出,総数,4453
令和６,2024,1,市内移動_転出,男,2302
令和６,2024,1,市内移動_転出,女,2151
令和６,2024,1,その他増減,総数,0
令和６,2024,1,その他増減,男,-53
令和６,2024,1,その他増減,女,53
令和６,2024,1,自然増減,総数,-2137
令和６,2024,1,自然増減,男,-1113
令和６,2024,1,自然増減,女,-1024
令和６,2024,1,出生,総数,1906
令和６,2024,1,出生,男,960
令和６,2024,1,出生,女,946
令和６,2024,1,死亡,総数,4043
令和６,2024,1,死亡,男,2073
令和６,2024,1,死亡,女,1970
令和６,2024,1,人口増減率,,-0.06638
令和６,2024,1,社会増減率,,-0.00968
令和６,2024,1,自然増減率,,-0.0567
令和６,2024,2,世帯数増減,,-166
令和６,2024,2,人口増減,総数,-1757
令和６,2024,2,人口増減,男,-784
令和６,2024,2,人口増減,女,-973
令和６,2024,2,社会増減,総数,69
令和６,2024,2,社会増減,男,156
令和６,2024,2,社会増減,女,-87
令和６,2024,2,市外移動_転入,総数,10092
令和６,2024,2,市外移動_転入,男,5436
令和６,2024,2,市外移動_転入,女,4656
令和６,2024,2,市外移動_転出,総数,10054
令和６,2024,2,市外移動_転出,男,5278
令和６,2024,2,市外移動_転出,女,4776
令和６,2024,2,市内移動_転入,総数,5232
令和６,2024,2,市内移動_転入,男,2652
令和６,2024,2,市内移動_転入,女,2580
令和６,2024,2,市内移動_転出,総数,5233
令和６,2024,2,市内移動_転出,男,2653
令和６,2024,2,市内移動_転出,女,2580
令和６,2024,2,その他増減,総数,32
令和６,2024,2,その他増減,男,-1
令和６,2024,2,その他増減,女,33
令和６,2024,2,自然増減,総数,-1826
令和６,2024,2,自然増減,男,-940
令和６,2024,2,自然増減,女,-886
令和６,2024,2,出生,総数,1688
令和６,2024,2,出生,男,916
令和６,2024,2,出生,女,772
令和６,2024,2,死亡,総数,3514
令和６,2024,2,死亡,男,1856
令和６,2024,2,死亡,女,1658
令和６,2024,2,人口増減率,,-0.04665
令和６,2024,2,社会増減率,,0.00183
令和６,2024,2,自然増減率,,-0.04848
令和６,2024,3,世帯数増減,,8285
令和６,2024,3,人口増減,総数,2674
令和６,2024,3,人口増減,男,1244
令和６,2024,3,人口増減,女,1430
令和６,2024,3,社会増減,総数,4347
令和６,2024,3,社会増減,男,2139
令和６,2024,3,社会増減,女,2208
令和６,2024,3,市外移動_転入,総数,26791
令和６,2024,3,市外移動_転入,男,14285
令和６,2024,3,市外移動_転入,女,12506
令和６,2024,3,市外移動_転出,総数,22734
令和６,2024,3,市外移動_転出,男,12268
令和６,2024,3,市外移動_転出,女,10466
令和６,2024,3,市内移動_転入,総数,6549
令和６,2024,3,市内移動_転入,男,3320
令和６,2024,3,市内移動_転入,女,3229
令和６,2024,3,市内移動_転出,総数,6548
令和６,2024,3,市内移動_転出,男,3318
令和６,2024,3,市内移動_転出,女,3230
令和６,2024,3,その他増減,総数,289
令和６,2024,3,その他増減,男,120
令和６,2024,3,その他増減,女,169
令和６,2024,3,自然増減,総数,-1673
令和６,2024,3,自然増減,男,-895
令和６,2024,3,自然増減,女,-778
令和６,2024,3,出生,総数,1629
令和６,2024,3,出生,男,835
令和６,2024,3,出生,女,794
令和６,2024,3,死亡,総数,3302
令和６,2024,3,死亡,男,1730
令和６,2024,3,死亡,女,1572
令和６,2024,3,人口増減率,,0.07102
令和６,2024,3,社会増減率,,0.11546
令和６,2024,3,自然増減率,,-0.04444
令和６,2024,4,世帯数増減,,6491
令和６,2024,4,人口増減,総数,5415
令和６,2024,4,人口増減,男,2928
令和６,2024,4,人口増減,女,2487
令和６,2024,4,社会増減,総数,6916
令和６,2024,4,社会増減,男,3772
令和６,2024,4,社会増減,女,3144
令和６,2024,4,市外移動_転入,総数,20260
令和６,2024,4,市外移動_転入,男,11229
令和６,2024,4,市外移動_転入,女,9031
令和６,2024,4,市外移動_転出,総数,13476
令和６,2024,4,市外移動_転出,男,7500
令和６,2024,4,市外移動_転出,女,5976
令和６,2024,4,市内移動_転入,総数,6259
令和６,2024,4,市内移動_転入,男,3164
令和６,2024,4,市内移動_転入,女,3095
令和６,2024,4,市内移動_転出,総数,6258
令和６,2024,4,市内移動_転出,男,3164
令和６,2024,4,市内移動_転出,女,3094
令和６,2024,4,その他増減,総数,131
令和６,2024,4,その他増減,男,43
令和６,2024,4,その他増減,女,88
令和６,2024,4,自然増減,総数,-1501
令和６,2024,4,自然増減,男,-844
令和６,2024,4,自然増減,女,-657
令和６,2024,4,出生,総数,1802
令和６,2024,4,出生,男,914
令和６,2024,4,出生,女,888
令和６,2024,4,死亡,総数,3303
令和６,2024,4,死亡,男,1758
令和６,2024,4,死亡,女,1545
令和６,2024,4,人口増減率,,0.14372
令和６,2024,4,社会増減率,,0.18356
令和６,2024,4,自然増減率,,-0.03984
令和６,2024,5,世帯数増減,,968
令和６,2024,5,人口増減,総数,-324
令和６,2024,5,人口増減,男,-181
令和６,2024,5,人口増減,女,-143
令和６,2024,5,社会増減,総数,1166
令和６,2024,5,社会増減,男,598
令和６,2024,5,社会増減,女,568
令和６,2024,5,市外移動_転入,総数,11374
令和６,2024,5,市外移動_転入,男,6138
令和６,2024,5,市外移動_転入,女,5236
令和６,2024,5,市外移動_転出,総数,10248
令和６,2024,5,市外移動_転出,男,5546
令和６,2024,5,市外移動_転出,女,4702
令和６,2024,5,市内移動_転入,総数,5527
令和６,2024,5,市内移動_転入,男,2787
令和６,2024,5,市内移動_転入,女,2740
令和６,2024,5,市内移動_転出,総数,5528
令和６,2024,5,市内移動_転出,男,2785
令和６,2024,5,市内移動_転出,女,2743
令和６,2024,5,その他増減,総数,41
令和６,2024,5,その他増減,男,4
令和６,2024,5,その他増減,女,37
令和６,2024,5,自然増減,総数,-1490
令和６,2024,5,自然増減,男,-779
令和６,2024,5,自然増減,女,-711
令和６,2024,5,出生,総数,1944
令和６,2024,5,出生,男,1014
令和６,2024,5,出生,女,930
令和６,2024,5,死亡,総数,3434
令和６,2024,5,死亡,男,1793
令和６,2024,5,死亡,女,1641
令和６,2024,5,人口増減率,,-0.00859
令和６,2024,5,社会増減率,,0.0309
令和６,2024,5,自然増減率,,-0.03949
令和６,2024,6,世帯数増減,,1106
令和６,2024,6,人口増減,総数,-536
令和６,2024,6,人口増減,男,-503
令和６,2024,6,人口増減,女,-33
令和６,2024,6,社会増減,総数,593
令和６,2024,6,社会増減,男,129
令和６,2024,6,社会増減,女,464
令和６,2024,6,市外移動_転入,総数,10239
令和６,2024,6,市外移動_転入,男,5437
令和６,2024,6,市外移動_転入,女,4802
令和６,2024,6,市外移動_転出,総数,9715
令和６,2024,6,市外移動_転出,男,5335
令和６,2024,6,市外移動_転出,女,4380
令和６,2024,6,市内移動_転入,総数,4948
令和６,2024,6,市内移動_転入,男,2495
令和６,2024,6,市内移動_転入,女,2453
令和６,2024,6,市内移動_転出,総数,4947
令和６,2024,6,市内移動_転出,男,2494
令和６,2024,6,市内移動_転出,女,2453
令和６,2024,6,その他増減,総数,68
令和６,2024,6,その他増減,男,26
令和６,2024,6,その他増減,女,42
令和６,2024,6,自然増減,総数,-1129
令和６,2024,6,自然増減,男,-632
令和６,2024,6,自然増減,女,-497
令和６,2024,6,出生,総数,1726
令和６,2024,6,出生,男,862
令和６,2024,6,出生,女,864
令和６,2024,6,死亡,総数,2855
令和６,2024,6,死亡,男,1494
令和６,2024,6,死亡,女,1361
令和６,2024,6,人口増減率,,-0.01421
令和６,2024,6,社会増減率,,0.01572
令和６,2024,6,自然増減率,,-0.02993
令和６,2024,7,世帯数増減,,500
令和６,2024,7,人口増減,総数,-421
令和６,2024,7,人口増減,男,-14
令和６,2024,7,人口増減,女,-407
令和６,2024,7,社会増減,総数,914
令和６,2024,7,社会増減,男,715
令和６,2024,7,社会増減,女,199
令和６,2024,7,市外移動_転入,総数,12057
令和６,2024,7,市外移動_転入,男,6614
令和６,2024,7,市外移動_転入,女,5443
令和６,2024,7,市外移動_転出,総数,11200
令和６,2024,7,市外移動_転出,男,5909
令和６,2024,7,市外移動_転出,女,5291
令和６,2024,7,市内移動_転入,総数,5844
令和６,2024,7,市内移動_転入,男,3028
令和６,2024,7,市内移動_転入,女,2816
令和６,2024,7,市内移動_転出,総数,5841
令和６,2024,7,市内移動_転出,男,3026
令和６,2024,7,市内移動_転出,女,2815
令和６,2024,7,その他増減,総数,54
令和６,2024,7,その他増減,男,8
令和６,2024,7,その他増減,女,46
令和６,2024,7,自然増減,総数,-1335
令和６,2024,7,自然増減,男,-729
令和６,2024,7,自然増減,女,-606
令和６,2024,7,出生,総数,2086
令和６,2024,7,出生,男,1090
令和６,2024,7,出生,女,996
令和６,2024,7,死亡,総数,3421
令和６,2024,7,死亡,男,1819
令和６,2024,7,死亡,女,1602
令和６,2024,7,人口増減率,,-0.01116
令和６,2024,7,社会増減率,,0.02423
令和６,2024,7,自然増減率,,-0.03539
令和６,2024,8,世帯数増減,,71
令和６,2024,8,人口増減,総数,-809
令和６,2024,8,人口増減,男,-546
令和６,2024,8,人口増減,女,-263
令和６,2024,8,社会増減,総数,716
令和６,2024,8,社会増減,男,293
令和６,2024,8,社会増減,女,423
令和６,2024,8,市外移動_転入,総数,9992
令和６,2024,8,市外移動_転入,男,5317
令和６,2024,8,市外移動_転入,女,4675
令和６,2024,8,市外移動_転出,総数,9375
令和６,2024,8,市外移動_転出,男,5050
令和６,2024,8,市外移動_転出,女,4325
令和６,2024,8,市内移動_転入,総数,5094
令和６,2024,8,市内移動_転入,男,2578
令和６,2024,8,市内移動_転入,女,2516
令和６,2024,8,市内移動_転出,総数,5094
令和６,2024,8,市内移動_転出,男,2578
令和６,2024,8,市内移動_転出,女,2516
令和６,2024,8,その他増減,総数,99
令和６,2024,8,その他増減,男,26
令和６,2024,8,その他増減,女,73
令和６,2024,8,自然増減,総数,-1525
令和６,2024,8,自然増減,男,-839
令和６,2024,8,自然増減,女,-686
令和６,2024,8,出生,総数,1892
令和６,2024,8,出生,男,1005
令和６,2024,8,出生,女,887
令和６,2024,8,死亡,総数,3417
令和６,2024,8,死亡,男,1844
令和６,2024,8,死亡,女,1573
令和６,2024,8,人口増減率,,-0.02145
令和６,2024,8,社会増減率,,0.01898
令和６,2024,8,自然増減率,,-0.04043
令和６,2024,9,世帯数増減,,1282
令和６,2024,9,人口増減,総数,103
令和６,2024,9,人口増減,男,-15
令和６,2024,9,人口増減,女,118
令和６,2024,9,社会増減,総数,1452
令和６,2024,9,社会増減,男,739
令和６,2024,9,社会増減,女,713
令和６,2024,9,市外移動_転入,総数,10994
令和６,2024,9,市外移動_転入,男,5983
令和６,2024,9,市外移動_転入,女,5011
令和６,2024,9,市外移動_転出,総数,9627
令和６,2024,9,市外移動_転出,男,5279
令和６,2024,9,市外移動_転出,女,4348
令和６,2024,9,市内移動_転入,総数,5030
令和６,2024,9,市内移動_転入,男,2506
令和６,2024,9,市内移動_転入,女,2524
令和６,2024,9,市内移動_転出,総数,5030
令和６,2024,9,市内移動_転出,男,2506
令和６,2024,9,市内移動_転出,女,2524
令和６,2024,9,その他増減,総数,85
令和６,2024,9,その他増減,男,35
令和６,2024,9,その他増減,女,50
令和６,2024,9,自然増減,総数,-1349
令和６,2024,9,自然増減,男,-754
令和６,2024,9,自然増減,女,-595
令和６,2024,9,出生,総数,1821
令和６,2024,9,出生,男,953
令和６,2024,9,出生,女,868
令和６,2024,9,死亡,総数,3170
令和６,2024,9,死亡,男,1707
令和６,2024,9,死亡,女,1463
令和６,2024,9,人口増減率,,0.00273
令和６,2024,9,社会増減率,,0.0385
令和６,2024,9,自然増減率,,-0.03577
令和６,2024,10,世帯数増減,,2013
令和６,2024,10,人口増減,総数,1060
令和６,2024,10,人口増減,男,588
令和６,2024,10,人口増減,女,472
令和６,2024,10,社会増減,総数,2411
令和６,2024,10,社会増減,男,1323
令和６,2024,10,社会増減,女,1088
令和６,2024,10,市外移動_転入,総数,12035
令和６,2024,10,市外移動_転入,男,6556
令和６,2024,10,市外移動_転入,女,5479
令和６,2024,10,市外移動_転出,総数,9767
令和６,2024,10,市外移動_転出,男,5315
令和６,2024,10,市外移動_転出,女,4452
令和６,2024,10,市内移動_転入,総数,5652
令和６,2024,10,市内移動_転入,男,2856
令和６,2024,10,市内移動_転入,女,2796
令和６,2024,10,市内移動_転出,総数,5649
令和６,2024,10,市内移動_転出,男,2854
令和６,2024,10,市内移動_転出,女,2795
令和６,2024,10,その他増減,総数,140
令和６,2024,10,その他増減,男,80
令和６,2024,10,その他増減,女,60
令和６,2024,10,自然増減,総数,-1351
令和６,2024,10,自然増減,男,-735
令和６,2024,10,自然増減,女,-616
令和６,2024,10,出生,総数,2073
令和６,2024,10,出生,男,1032
令和６,2024,10,出生,女,1041
令和６,2024,10,死亡,総数,3424
令和６,2024,10,死亡,男,1767
令和６,2024,10,死亡,女,1657
令和６,2024,10,人口増減率,,0.02811
令和６,2024,10,社会増減率,,0.06393
令和６,2024,10,自然増減率,,-0.03583
令和６,2024,11,世帯数増減,,-143
令和６,2024,11,人口増減,総数,-1118
令和６,2024,11,人口増減,男,-556
令和６,2024,11,人口増減,女,-562
令和６,2024,11,社会増減,総数,375
令和６,2024,11,社会増減,男,225
令和６,2024,11,社会増減,女,150
令和６,2024,11,市外移動_転入,総数,9001
令和６,2024,11,市外移動_転入,男,4797
令和６,2024,11,市外移動_転入,女,4204
令和６,2024,11,市外移動_転出,総数,8721
令和６,2024,11,市外移動_転出,男,4616
令和６,2024,11,市外移動_転出,女,4105
令和６,2024,11,市内移動_転入,総数,5183
令和６,2024,11,市内移動_転入,男,2608
令和６,2024,11,市内移動_転入,女,2575
令和６,2024,11,市内移動_転出,総数,5182
令和６,2024,11,市内移動_転出,男,2607
令和６,2024,11,市内移動_転出,女,2575
令和６,2024,11,その他増減,総数,94
令和６,2024,11,その他増減,男,43
令和６,2024,11,その他増減,女,51
令和６,2024,11,自然増減,総数,-1493
令和６,2024,11,自然増減,男,-781
令和６,2024,11,自然増減,女,-712
令和６,2024,11,出生,総数,1774
令和６,2024,11,出生,男,931
令和６,2024,11,出生,女,843
令和６,2024,11,死亡,総数,3267
令和６,2024,11,死亡,男,1712
令和６,2024,11,死亡,女,1555
令和６,2024,11,人口増減率,,-0.02964
令和６,2024,11,社会増減率,,0.00994
令和６,2024,11,自然増減率,,-0.03958
令和６,2024,12,世帯数増減,,-317
令和６,2024,12,人口増減,総数,-1421
令和６,2024,12,人口増減,男,-863
令和６,2024,12,人口増減,女,-558
令和６,2024,12,社会増減,総数,208
令和６,2024,12,社会増減,男,-62
令和６,2024,12,社会増減,女,270
令和６,2024,12,市外移動_転入,総数,9762
令和６,2024,12,市外移動_転入,男,5167
令和６,2024,12,市外移動_転入,女,4595
令和６,2024,12,市外移動_転出,総数,9584
令和６,2024,12,市外移動_転出,男,5222
令和６,2024,12,市外移動_転出,女,4362
令和６,2024,12,市内移動_転入,総数,5377
令和６,2024,12,市内移動_転入,男,2738
令和６,2024,12,市内移動_転入,女,2639
令和６,2024,12,市内移動_転出,総数,5374
令和６,2024,12,市内移動_転出,男,2735
令和６,2024,12,市内移動_転出,女,2639
令和６,2024,12,その他増減,総数,27
令和６,2024,12,その他増減,男,-10
令和６,2024,12,その他増減,女,37
令和６,2024,12,自然増減,総数,-1629
令和６,2024,12,自然増減,男,-801
令和６,2024,12,自然増減,女,-828
令和６,2024,12,出生,総数,1796
令和６,2024,12,出生,男,959
令和６,2024,12,出生,女,837
令和６,2024,12,死亡,総数,3425
令和６,2024,12,死亡,男,1760
令和６,2024,12,死亡,女,1665
令和６,2024,12,人口増減率,,-0.03768
令和６,2024,12,社会増減率,,0.00552
令和６,2024,12,自然増減率,,-0.0432
令和７,2025,1,世帯数増減,,-995
令和７,2025,1,人口増減,総数,-2852
令和７,2025,1,人口増減,男,-1577
令和７,2025,1,人口増減,女,-1275
令和７,2025,1,社会増減,総数,34
令和７,2025,1,社会増減,男,-12
令和７,2025,1,社会増減,女,46
令和７,2025,1,市外移動_転入,総数,9619
令和７,2025,1,市外移動_転入,男,5219
令和７,2025,1,市外移動_転入,女,4400
令和７,2025,1,市外移動_転出,総数,9533
令和７,2025,1,市外移動_転出,男,5159
令和７,2025,1,市外移動_転出,女,4374
令和７,2025,1,市内移動_転入,総数,4807
令和７,2025,1,市内移動_転入,男,2475
令和７,2025,1,市内移動_転入,女,2332
令和７,2025,1,市内移動_転出,総数,4804
令和７,2025,1,市内移動_転出,男,2472
令和７,2025,1,市内移動_転出,女,2332
令和７,2025,1,その他増減,総数,-55
令和７,2025,1,その他増減,男,-75
令和７,2025,1,その他増減,女,20
令和７,2025,1,自然増減,総数,-2886
令和７,2025,1,自然増減,男,-1565
令和７,2025,1,自然増減,女,-1321
令和７,2025,1,出生,総数,1822
令和７,2025,1,出生,男,929
令和７,2025,1,出生,女,893
令和７,2025,1,死亡,総数,4708
令和７,2025,1,死亡,男,2494
令和７,2025,1,死亡,女,2214
令和７,2025,1,人口増減率,,-0.07566
令和７,2025,1,社会増減率,,0.0009
令和７,2025,1,自然増減率,,-0.07656
令和７,2025,2,世帯数増減,,17
令和７,2025,2,人口増減,総数,-1911
令和７,2025,2,人口増減,男,-1123
令和７,2025,2,人口増減,女,-788
令和７,2025,2,社会増減,総数,61
令和７,2025,2,社会増減,男,-63
令和７,2025,2,社会増減,女,124
令和７,2025,2,市外移動_転入,総数,10266
令和７,2025,2,市外移動_転入,男,5463
令和７,2025,2,市外移動_転入,女,4803
令和７,2025,2,市外移動_転出,総数,10214
令和７,2025,2,市外移動_転出,男,5513
令和７,2025,2,市外移動_転出,女,4701
令和７,2025,2,市内移動_転入,総数,5447
令和７,2025,2,市内移動_転入,男,2797
令和７,2025,2,市内移動_転入,女,2650
令和７,2025,2,市内移動_転出,総数,5445
令和７,2025,2,市内移動_転出,男,2795
令和７,2025,2,市内移動_転出,女,2650
令和７,2025,2,その他増減,総数,7
令和７,2025,2,その他増減,男,-15
令和７,2025,2,その他増減,女,22
令和７,2025,2,自然増減,総数,-1972
令和７,2025,2,自然増減,男,-1060
令和７,2025,2,自然増減,女,-912
令和７,2025,2,出生,総数,1572
令和７,2025,2,出生,男,813
令和７,2025,2,出生,女,759
令和７,2025,2,死亡,総数,3544
令和７,2025,2,死亡,男,1873
令和７,2025,2,死亡,女,1671
令和７,2025,2,人口増減率,,-0.05073
令和７,2025,2,社会増減率,,0.00162
令和７,2025,2,自然増減率,,-0.05235
令和７,2025,3,世帯数増減,,9641
令和７,2025,3,人口増減,総数,4329
令和７,2025,3,人口増減,男,2182
令和７,2025,3,人口増減,女,2147
令和７,2025,3,社会増減,総数,6339
令和７,2025,3,社会増減,男,3288
令和７,2025,3,社会増減,女,3051
令和７,2025,3,市外移動_転入,総数,28608
令和７,2025,3,市外移動_転入,男,15390
令和７,2025,3,市外移動_転入,女,13218
令和７,2025,3,市外移動_転出,総数,22521
令和７,2025,3,市外移動_転出,男,12223
令和７,2025,3,市外移動_転出,女,10298
令和７,2025,3,市内移動_転入,総数,7157
令和７,2025,3,市内移動_転入,男,3613
令和７,2025,3,市内移動_転入,女,3544
令和７,2025,3,市内移動_転出,総数,7156
令和７,2025,3,市内移動_転出,男,3612
令和７,2025,3,市内移動_転出,女,3544
令和７,2025,3,その他増減,総数,251
令和７,2025,3,その他増減,男,120
令和７,2025,3,その他増減,女,131
令和７,2025,3,自然増減,総数,-2010
令和７,2025,3,自然増減,男,-1106
令和７,2025,3,自然増減,女,-904
令和７,2025,3,出生,総数,1542
令和７,2025,3,出生,男,804
令和７,2025,3,出生,女,738
令和７,2025,3,死亡,総数,3552
令和７,2025,3,死亡,男,1910
令和７,2025,3,死亡,女,1642
令和７,2025,3,人口増減率,,0.11499
令和７,2025,3,社会増減率,,0.16837
令和７,2025,3,自然増減率,,-0.05339
令和７,2025,4,世帯数増減,,6510
令和７,2025,4,人口増減,総数,5297
令和７,2025,4,人口増減,男,2737
令和７,2025,4,人口増減,女,2560
令和７,2025,4,社会増減,総数,6883
令和７,2025,4,社会増減,男,3651
令和７,2025,4,社会増減,女,3232
令和７,2025,4,市外移動_転入,総数,19569
令和７,2025,4,市外移動_転入,男,10822
令和７,2025,4,市外移動_転入,女,8747
令和７,2025,4,市外移動_転出,総数,12748
令和７,2025,4,市外移動_転出,男,7205
令和７,2025,4,市外移動_転出,女,5543
令和７,2025,4,市内移動_転入,総数,6103
令和７,2025,4,市内移動_転入,男,3111
令和７,2025,4,市内移動_転入,女,2992
令和７,2025,4,市内移動_転出,総数,6103
令和７,2025,4,市内移動_転出,男,3111
令和７,2025,4,市内移動_転出,女,2992
令和７,2025,4,その他増減,総数,62
令和７,2025,4,その他増減,男,34
令和７,2025,4,その他増減,女,28
令和７,2025,4,自然増減,総数,-1586
令和７,2025,4,自然増減,男,-914
令和７,2025,4,自然増減,女,-672
令和７,2025,4,出生,総数,1797
令和７,2025,4,出生,男,922
令和７,2025,4,出生,女,875
令和７,2025,4,死亡,総数,3383
令和７,2025,4,死亡,男,1836
令和７,2025,4,死亡,女,1547
令和７,2025,4,人口増減率,,0.14054
令和７,2025,4,社会増減率,,0.18261
令和７,2025,4,自然増減率,,-0.04208
令和７,2025,5,世帯数増減,,1176
令和７,2025,5,人口増減,総数,-268
令和７,2025,5,人口増減,男,-187
令和７,2025,5,人口増減,女,-81
令和７,2025,5,社会増減,総数,1070
令和７,2025,5,社会増減,男,548
令和７,2025,5,社会増減,女,522
令和７,2025,5,市外移動_転入,総数,11038
令和７,2025,5,市外移動_転入,男,5967
令和７,2025,5,市外移動_転入,女,5071
令和７,2025,5,市外移動_転出,総数,9949
令和７,2025,5,市外移動_転出,男,5367
令和７,2025,5,市外移動_転出,女,4582
令和７,2025,5,市内移動_転入,総数,5329
令和７,2025,5,市内移動_転入,男,2695
令和７,2025,5,市内移動_転入,女,2634
令和７,2025,5,市内移動_転出,総数,5327
令和７,2025,5,市内移動_転出,男,2694
令和７,2025,5,市内移動_転出,女,2633
令和７,2025,5,その他増減,総数,-21
令和７,2025,5,その他増減,男,-53
令和７,2025,5,その他増減,女,32
令和７,2025,5,自然増減,総数,-1338
令和７,2025,5,自然増減,男,-735
令和７,2025,5,自然増減,女,-603
令和７,2025,5,出生,総数,1883
令和７,2025,5,出生,男,963
令和７,2025,5,出生,女,920
令和７,2025,5,死亡,総数,3221
令和７,2025,5,死亡,男,1698
令和７,2025,5,死亡,女,1523
令和７,2025,5,人口増減率,,-0.0071
令和７,2025,5,社会増減率,,0.02835
令和７,2025,5,自然増減率,,-0.03545
令和７,2025,6,世帯数増減,,937
令和７,2025,6,人口増減,総数,-703
令和７,2025,6,人口増減,男,-528
令和７,2025,6,人口増減,女,-175
令和７,2025,6,社会増減,総数,351
令和７,2025,6,社会増減,男,94
令和７,2025,6,社会増減,女,257
令和７,2025,6,市外移動_転入,総数,11057
令和７,2025,6,市外移動_転入,男,5957
令和７,2025,6,市外移動_転入,女,5100
令和７,2025,6,市外移動_転出,総数,10722
令和７,2025,6,市外移動_転出,男,5865
令和７,2025,6,市外移動_転出,女,4857
令和７,2025,6,市内移動_転入,総数,5491
令和７,2025,6,市内移動_転入,男,2772
令和７,2025,6,市内移動_転入,女,2719
令和７,2025,6,市内移動_転出,総数,5491
令和７,2025,6,市内移動_転出,男,2771
令和７,2025,6,市内移動_転出,女,2720
令和７,2025,6,その他増減,総数,16
令和７,2025,6,その他増減,男,1
令和７,2025,6,その他増減,女,15
令和７,2025,6,自然増減,総数,-1054
令和７,2025,6,自然増減,男,-622
令和７,2025,6,自然増減,女,-432
令和７,2025,6,出生,総数,1866
令和７,2025,6,出生,男,946
令和７,2025,6,出生,女,920
令和７,2025,6,死亡,総数,2920
令和７,2025,6,死亡,男,1568
令和７,2025,6,死亡,女,1352
令和７,2025,6,人口増減率,,-0.01863
令和７,2025,6,社会増減率,,0.0093
令和７,2025,6,自然増減率,,-0.02793
令和７,2025,7,世帯数増減,,242
令和７,2025,7,人口増減,総数,-739
令和７,2025,7,人口増減,男,-276
令和７,2025,7,人口増減,女,-463
令和７,2025,7,社会増減,総数,355
令和７,2025,7,社会増減,男,308
令和７,2025,7,社会増減,女,47
令和７,2025,7,市外移動_転入,総数,11575
令和７,2025,7,市外移動_転入,男,6274
令和７,2025,7,市外移動_転入,女,5301
令和７,2025,7,市外移動_転出,総数,11182
令和７,2025,7,市外移動_転出,男,5915
令和７,2025,7,市外移動_転出,女,5267
令和７,2025,7,市内移動_転入,総数,5669
令和７,2025,7,市内移動_転入,男,2834
令和７,2025,7,市内移動_転入,女,2835
令和７,2025,7,市内移動_転出,総数,5669
令和７,2025,7,市内移動_転出,男,2834
令和７,2025,7,市内移動_転出,女,2835
令和７,2025,7,その他増減,総数,-38
令和７,2025,7,その他増減,男,-51
令和７,2025,7,その他増減,女,13
令和７,2025,7,自然増減,総数,-1094
令和７,2025,7,自然増減,男,-584
令和７,2025,7,自然増減,女,-510
令和７,2025,7,出生,総数,1941
令和７,2025,7,出生,男,969
令和７,2025,7,出生,女,972
令和７,2025,7,死亡,総数,3035
令和７,2025,7,死亡,男,1553
令和７,2025,7,死亡,女,1482
令和７,2025,7,人口増減率,,-0.01958
令和７,2025,7,社会増減率,,0.00941
令和７,2025,7,自然増減率,,-0.02899
令和７,2025,8,世帯数増減,,39
令和７,2025,8,人口増減,総数,-417
令和７,2025,8,人口増減,男,-298
令和７,2025,8,人口増減,女,-119
令和７,2025,8,社会増減,総数,585
令和７,2025,8,社会増減,男,295
令和７,2025,8,社会増減,女,290
令和７,2025,8,市外移動_転入,総数,9889
令和７,2025,8,市外移動_転入,男,5361
令和７,2025,8,市外移動_転入,女,4528
令和７,2025,8,市外移動_転出,総数,9316
令和７,2025,8,市外移動_転出,男,5073
令和７,2025,8,市外移動_転出,女,4243
令和７,2025,8,市内移動_転入,総数,4878
令和７,2025,8,市内移動_転入,男,2489
令和７,2025,8,市内移動_転入,女,2389
令和７,2025,8,市内移動_転出,総数,4878
令和７,2025,8,市内移動_転出,男,2489
令和７,2025,8,市内移動_転出,女,2389
令和７,2025,8,その他増減,総数,12
令和７,2025,8,その他増減,男,7
令和７,2025,8,その他増減,女,5
令和７,2025,8,自然増減,総数,-1002
令和７,2025,8,自然増減,男,-593
令和７,2025,8,自然増減,女,-409
令和７,2025,8,出生,総数,1944
令和７,2025,8,出生,男,992
令和７,2025,8,出生,女,952
令和７,2025,8,死亡,総数,2946
令和７,2025,8,死亡,男,1585
令和７,2025,8,死亡,女,1361
令和７,2025,8,人口増減率,,-0.01105
令和７,2025,8,社会増減率,,0.01551
令和７,2025,8,自然増減率,,-0.02656
令和７,2025,9,世帯数増減,,1324
令和７,2025,9,人口増減,総数,-53
令和７,2025,9,人口増減,男,-103
令和７,2025,9,人口増減,女,50
令和７,2025,9,社会増減,総数,1305
令和７,2025,9,社会増減,男,605
令和７,2025,9,社会増減,女,700
令和７,2025,9,市外移動_転入,総数,11627
令和７,2025,9,市外移動_転入,男,6409
令和７,2025,9,市外移動_転入,女,5218
令和７,2025,9,市外移動_転出,総数,10383
令和７,2025,9,市外移動_転出,男,5823
令和７,2025,9,市外移動_転出,女,4560
令和７,2025,9,市内移動_転入,総数,5237
令和７,2025,9,市内移動_転入,男,2645
令和７,2025,9,市内移動_転入,女,2592
令和７,2025,9,市内移動_転出,総数,5236
令和７,2025,9,市内移動_転出,男,2644
令和７,2025,9,市内移動_転出,女,2592
令和７,2025,9,その他増減,総数,60
令和７,2025,9,その他増減,男,18
令和７,2025,9,その他増減,女,42
令和７,2025,9,自然増減,総数,-1358
令和７,2025,9,自然増減,男,-708
令和７,2025,9,自然増減,女,-650
令和７,2025,9,出生,総数,1823
令和７,2025,9,出生,男,960
令和７,2025,9,出生,女,863
令和７,2025,9,死亡,総数,3181
令和７,2025,9,死亡,男,1668
令和７,2025,9,死亡,女,1513
令和７,2025,9,人口増減率,,-0.0014
令和７,2025,9,社会増減率,,0.03459
令和７,2025,9,自然増減率,,-0.036
令和７,2025,10,世帯数増減,,1257
令和７,2025,10,人口増減,総数,287
令和７,2025,10,人口増減,男,118
令和７,2025,10,人口増減,女,169
令和７,2025,10,社会増減,総数,1637
令和７,2025,10,社会増減,男,822
令和７,2025,10,社会増減,女,815
令和７,2025,10,市外移動_転入,総数,11268
令和７,2025,10,市外移動_転入,男,6103
令和７,2025,10,市外移動_転入,女,5165
令和７,2025,10,市外移動_転出,総数,9641
令和７,2025,10,市外移動_転出,男,5264
令和７,2025,10,市外移動_転出,女,4377
令和７,2025,10,市内移動_転入,総数,5577
令和７,2025,10,市内移動_転入,男,2816
令和７,2025,10,市内移動_転入,女,2761
令和７,2025,10,市内移動_転出,総数,5576
令和７,2025,10,市内移動_転出,男,2815
令和７,2025,10,市内移動_転出,女,2761
令和７,2025,10,その他増減,総数,9
令和７,2025,10,その他増減,男,-18
令和７,2025,10,その他増減,女,27
令和７,2025,10,自然増減,総数,-1350
令和７,2025,10,自然増減,男,-704
令和７,2025,10,自然増減,女,-646
令和７,2025,10,出生,総数,2010
令和７,2025,10,出生,男,1045
令和７,2025,10,出生,女,965
令和７,2025,10,死亡,総数,3360
令和７,2025,10,死亡,男,1749
令和７,2025,10,死亡,女,1611
令和７,2025,10,人口増減率,,0.00761
令和７,2025,10,社会増減率,,0.0434
令和７,2025,10,自然増減率,,-0.03579
令和７,2025,11,世帯数増減,,-178
令和７,2025,11,人口増減,総数,-1219
令和７,2025,11,人口増減,男,-599
令和７,2025,11,人口増減,女,-620
令和７,2025,11,社会増減,総数,203
令和７,2025,11,社会増減,男,164
令和７,2025,11,社会増減,女,39
令和７,2025,11,市外移動_転入,総数,8455
令和７,2025,11,市外移動_転入,男,4541
令和７,2025,11,市外移動_転入,女,3914
令和７,2025,11,市外移動_転出,総数,8253
令和７,2025,11,市外移動_転出,男,4366
令和７,2025,11,市外移動_転出,女,3887
令和７,2025,11,市内移動_転入,総数,4835
令和７,2025,11,市内移動_転入,男,2441
令和７,2025,11,市内移動_転入,女,2394
令和７,2025,11,市内移動_転出,総数,4833
令和７,2025,11,市内移動_転出,男,2440
令和７,2025,11,市内移動_転出,女,2393
令和７,2025,11,その他増減,総数,-1
令和７,2025,11,その他増減,男,-12
令和７,2025,11,その他増減,女,11
令和７,2025,11,自然増減,総数,-1422
令和７,2025,11,自然増減,男,-763
令和７,2025,11,自然増減,女,-659
令和７,2025,11,出生,総数,1763
令和７,2025,11,出生,男,919
令和７,2025,11,出生,女,844
令和７,2025,11,死亡,総数,3185
令和７,2025,11,死亡,男,1682
令和７,2025,11,死亡,女,1503
令和７,2025,11,人口増減率,,-0.03231
令和７,2025,11,社会増減率,,0.00538
令和７,2025,11,自然増減率,,-0.03769
令和７,2025,12,世帯数増減,,-564
令和７,2025,12,人口増減,総数,-1587
令和７,2025,12,人口増減,男,-1089
令和７,2025,12,人口増減,女,-498
令和７,2025,12,社会増減,総数,73
令和７,2025,12,社会増減,男,-216
令和７,2025,12,社会増減,女,289
令和７,2025,12,市外移動_転入,総数,9714
令和７,2025,12,市外移動_転入,男,5036
令和７,2025,12,市外移動_転入,女,4678
令和７,2025,12,市外移動_転出,総数,9608
令和７,2025,12,市外移動_転出,男,5221
令和７,2025,12,市外移動_転出,女,4387
令和７,2025,12,市内移動_転入,総数,5552
令和７,2025,12,市内移動_転入,男,2828
令和７,2025,12,市内移動_転入,女,2724
令和７,2025,12,市内移動_転出,総数,5550
令和７,2025,12,市内移動_転出,男,2827
令和７,2025,12,市内移動_転出,女,2723
令和７,2025,12,その他増減,総数,-35
令和７,2025,12,その他増減,男,-32
令和７,2025,12,その他増減,女,-3
令和７,2025,12,自然増減,総数,-1660
令和７,2025,12,自然増減,男,-873
令和７,2025,12,自然増減,女,-787
令和７,2025,12,出生,総数,1868
令和７,2025,12,出生,男,980
令和７,2025,12,出生,女,888
令和７,2025,12,死亡,総数,3528
令和７,2025,12,死亡,男,1853
令和７,2025,12,死亡,女,1675
令和７,2025,12,人口増減率,,-0.04208
令和７,2025,12,社会増減率,,0.00194
令和７,2025,12,自然増減率,,-0.04402
令和８,2026,1,世帯数増減,,-499
令和８,2026,1,人口増減,総数,-2280
令和８,2026,1,人口増減,男,-1281
令和８,2026,1,人口増減,女,-999
令和８,2026,1,社会増減,総数,-44
令和８,2026,1,社会増減,男,-88
令和８,2026,1,社会増減,女,44
令和８,2026,1,市外移動_転入,総数,9420
令和８,2026,1,市外移動_転入,男,5023
令和８,2026,1,市外移動_転入,女,4397
令和８,2026,1,市外移動_転出,総数,9307
令和８,2026,1,市外移動_転出,男,5025
令和８,2026,1,市外移動_転出,女,4282
令和８,2026,1,市内移動_転入,総数,4341
令和８,2026,1,市内移動_転入,男,2219
令和８,2026,1,市内移動_転入,女,2122
令和８,2026,1,市内移動_転出,総数,4341
令和８,2026,1,市内移動_転出,男,2219
令和８,2026,1,市内移動_転出,女,2122
令和８,2026,1,その他増減,総数,-157
令和８,2026,1,その他増減,男,-86
令和８,2026,1,その他増減,女,-71
令和８,2026,1,自然増減,総数,-2236
令和８,2026,1,自然増減,男,-1193
令和８,2026,1,自然増減,女,-1043
令和８,2026,1,出生,総数,1871
令和８,2026,1,出生,男,987
令和８,2026,1,出生,女,884
令和８,2026,1,死亡,総数,4107
令和８,2026,1,死亡,男,2180
令和８,2026,1,死亡,女,1927
令和８,2026,1,人口増減率,,-0.06048
令和８,2026,1,社会増減率,,-0.00117
令和８,2026,1,自然増減率,,-0.05931
令和８,2026,2,世帯数増減,,220
令和８,2026,2,人口増減,総数,-1590
令和８,2026,2,人口増減,男,-829
令和８,2026,2,人口増減,女,-761
令和８,2026,2,社会増減,総数,314
令和８,2026,2,社会増減,男,207
令和８,2026,2,社会増減,女,107
令和８,2026,2,市外移動_転入,総数,10703
令和８,2026,2,市外移動_転入,男,5765
令和８,2026,2,市外移動_転入,女,4938
令和８,2026,2,市外移動_転出,総数,10303
令和８,2026,2,市外移動_転出,男,5494
令和８,2026,2,市外移動_転出,女,4809
令和８,2026,2,市内移動_転入,総数,5209
令和８,2026,2,市内移動_転入,男,2631
令和８,2026,2,市内移動_転入,女,2578
令和８,2026,2,市内移動_転出,総数,5209
令和８,2026,2,市内移動_転出,男,2631
令和８,2026,2,市内移動_転出,女,2578
令和８,2026,2,その他増減,総数,-86
令和８,2026,2,その他増減,男,-64
令和８,2026,2,その他増減,女,-22
令和８,2026,2,自然増減,総数,-1904
令和８,2026,2,自然増減,男,-1036
令和８,2026,2,自然増減,女,-868
令和８,2026,2,出生,総数,1521
令和８,2026,2,出生,男,767
令和８,2026,2,出生,女,754
令和８,2026,2,死亡,総数,3425
令和８,2026,2,死亡,男,1803
令和８,2026,2,死亡,女,1622
令和８,2026,2,人口増減率,,-0.0422
令和８,2026,2,社会増減率,,0.00833
令和８,2026,2,自然増減率,,-0.05054
令和８,2026,3,世帯数増減,,10704
令和８,2026,3,人口増減,総数,5307
令和８,2026,3,人口増減,男,2664
令和８,2026,3,人口増減,女,2643
令和８,2026,3,社会増減,総数,7079
令和８,2026,3,社会増減,男,3565
令和８,2026,3,社会増減,女,3514
令和８,2026,3,市外移動_転入,総数,29026
令和８,2026,3,市外移動_転入,男,15661
令和８,2026,3,市外移動_転入,女,13365
令和８,2026,3,市外移動_転出,総数,21906
令和８,2026,3,市外移動_転出,男,12023
令和８,2026,3,市外移動_転出,女,9883
令和８,2026,3,市内移動_転入,総数,7163
令和８,2026,3,市内移動_転入,男,3632
令和８,2026,3,市内移動_転入,女,3531
令和８,2026,3,市内移動_転出,総数,7163
令和８,2026,3,市内移動_転出,男,3632
令和８,2026,3,市内移動_転出,女,3531
令和８,2026,3,その他増減,総数,-41
令和８,2026,3,その他増減,男,-73
令和８,2026,3,その他増減,女,32
令和８,2026,3,自然増減,総数,-1772
令和８,2026,3,自然増減,男,-901
令和８,2026,3,自然増減,女,-871
令和８,2026,3,出生,総数,1677
令和８,2026,3,出生,男,837
令和８,2026,3,出生,女,840
令和８,2026,3,死亡,総数,3449
令和８,2026,3,死亡,男,1738
令和８,2026,3,死亡,女,1711
令和８,2026,3,人口増減率,,0.14092
令和８,2026,3,社会増減率,,0.18798
令和８,2026,3,自然増減率,,-0.04705
令和８,2026,4,世帯数増減,,6154
令和８,2026,4,人口増減,総数,5627
令和８,2026,4,人口増減,男,3009
令和８,2026,4,人口増減,女,2618
令和８,2026,4,社会増減,総数,7063
令和８,2026,4,社会増減,男,3710
令和８,2026,4,社会増減,女,3353
令和８,2026,4,市外移動_転入,総数,19494
令和８,2026,4,市外移動_転入,男,10725
令和８,2026,4,市外移動_転入,女,8769
令和８,2026,4,市外移動_転出,総数,12386
令和８,2026,4,市外移動_転出,男,6966
令和８,2026,4,市外移動_転出,女,5420
令和８,2026,4,市内移動_転入,総数,6287
令和８,2026,4,市内移動_転入,男,3221
令和８,2026,4,市内移動_転入,女,3066
令和８,2026,4,市内移動_転出,総数,6287
令和８,2026,4,市内移動_転出,男,3221
令和８,2026,4,市内移動_転出,女,3066
令和８,2026,4,その他増減,総数,-45
令和８,2026,4,その他増減,男,-49
令和８,2026,4,その他増減,女,4
令和８,2026,4,自然増減,総数,-1436
令和８,2026,4,自然増減,男,-701
令和８,2026,4,自然増減,女,-735
令和８,2026,4,出生,総数,1774
令和８,2026,4,出生,男,939
令和８,2026,4,出生,女,835
令和８,2026,4,死亡,総数,3210
令和８,2026,4,死亡,男,1640
令和８,2026,4,死亡,女,1570
令和８,2026,4,人口増減率,,0.14921
令和８,2026,4,社会増減率,,0.18729
令和８,2026,4,自然増減率,,-0.03808
令和８,2026,5,世帯数増減,,932
令和８,2026,5,人口増減,総数,230
令和８,2026,5,人口増減,男,90
令和８,2026,5,人口増減,女,140
令和８,2026,5,社会増減,総数,1397
令和８,2026,5,社会増減,男,679
令和８,2026,5,社会増減,女,718
令和８,2026,5,市外移動_転入,総数,10934
令和８,2026,5,市外移動_転入,男,5853
令和８,2026,5,市外移動_転入,女,5081
令和８,2026,5,市外移動_転出,総数,9364
令和８,2026,5,市外移動_転出,男,5067
令和８,2026,5,市外移動_転出,女,4297
令和８,2026,5,市内移動_転入,総数,4883
令和８,2026,5,市内移動_転入,男,2505
令和８,2026,5,市内移動_転入,女,2378
令和８,2026,5,市内移動_転出,総数,4883
令和８,2026,5,市内移動_転出,男,2505
令和８,2026,5,市内移動_転出,女,2378
令和８,2026,5,その他増減,総数,-173
令和８,2026,5,その他増減,男,-107
令和８,2026,5,その他増減,女,-66
令和８,2026,5,自然増減,総数,-1167
令和８,2026,5,自然増減,男,-589
令和８,2026,5,自然増減,女,-578
令和８,2026,5,出生,総数,1791
令和８,2026,5,出生,男,912
令和８,2026,5,出生,女,879
令和８,2026,5,死亡,総数,2958
令和８,2026,5,死亡,男,1501
令和８,2026,5,死亡,女,1457
令和８,2026,5,人口増減率,,0.00612
令和８,2026,5,社会増減率,,0.03716
令和８,2026,5,自然増減率,,-0.03104
令和８,2026,6,世帯数増減,,871
令和８,2026,6,人口増減,総数,-625
令和８,2026,6,人口増減,男,-341
令和８,2026,6,人口増減,女,-284
令和８,2026,6,社会増減,総数,514
令和８,2026,6,社会増減,男,298
令和８,2026,6,社会増減,女,216
令和８,2026,6,市外移動_転入,総数,11273
令和８,2026,6,市外移動_転入,男,6128
令和８,2026,6,市外移動_転入,女,5145
令和８,2026,6,市外移動_転出,総数,10619
令和８,2026,6,市外移動_転出,男,5741
令和８,2026,6,市外移動_転出,女,4878
令和８,2026,6,市内移動_転入,総数,5500
令和８,2026,6,市内移動_転入,男,2760
令和８,2026,6,市内移動_転入,女,2740
令和８,2026,6,市内移動_転出,総数,5500
令和８,2026,6,市内移動_転出,男,2760
令和８,2026,6,市内移動_転出,女,2740
令和８,2026,6,その他増減,総数,-140
令和８,2026,6,その他増減,男,-89
令和８,2026,6,その他増減,女,-51
令和８,2026,6,自然増減,総数,-1139
令和８,2026,6,自然増減,男,-639
令和８,2026,6,自然増減,女,-500
令和８,2026,6,出生,総数,2016
令和８,2026,6,出生,男,1054
令和８,2026,6,出生,女,962
令和８,2026,6,死亡,総数,3155
令和８,2026,6,死亡,男,1693
令和８,2026,6,死亡,女,1462
令和８,2026,6,人口増減率,,-0.01662
令和８,2026,6,社会増減率,,0.01367
令和８,2026,6,自然増減率,,-0.0303
令和８,2026,7,世帯数増減,,285
令和８,2026,7,人口増減,総数,-1099
令和８,2026,7,人口増減,男,-644
令和８,2026,7,人口増減,女,-455
令和８,2026,7,社会増減,総数,48
令和８,2026,7,社会増減,男,-85
令和８,2026,7,社会増減,女,133
令和８,2026,7,市外移動_転入,総数,11499
令和８,2026,7,市外移動_転入,男,6120
令和８,2026,7,市外移動_転入,女,5379
令和８,2026,7,市外移動_転出,総数,11313
令和８,2026,7,市外移動_転出,男,6097
令和８,2026,7,市外移動_転出,女,5216
令和８,2026,7,市内移動_転入,総数,5649
令和８,2026,7,市内移動_転入,男,2837
令和８,2026,7,市内移動_転入,女,2812
令和８,2026,7,市内移動_転出,総数,5649
令和８,2026,7,市内移動_転出,男,2837
令和８,2026,7,市内移動_転出,女,2812
令和８,2026,7,その他増減,総数,-138
令和８,2026,7,その他増減,男,-108
令和８,2026,7,その他増減,女,-30
令和８,2026,7,自然増減,総数,-1147
令和８,2026,7,自然増減,男,-559
令和８,2026,7,自然増減,女,-588
令和８,2026,7,出生,総数,1974
令和８,2026,7,出生,男,1061
令和８,2026,7,出生,女,913
令和８,2026,7,死亡,総数,3121
令和８,2026,7,死亡,男,1620
令和８,2026,7,死亡,女,1501
令和８,2026,7,人口増減率,,-0.02924
令和８,2026,7,社会増減率,,0.00128
令和８,2026,7,自然増減率,,-0.03051
