年（和暦）,年（西暦）,行政区,種別,性別,数・率
平成12,2000,鶴見区,世帯数増減,,1743
平成12,2000,鶴見区,人口増減,総数,2308
平成12,2000,鶴見区,人口増減,男,1147
平成12,2000,鶴見区,人口増減,女,1161
平成12,2000,鶴見区,社会増減,総数,1402
平成12,2000,鶴見区,社会増減,男,817
平成12,2000,鶴見区,社会増減,女,585
平成12,2000,鶴見区,市外移動_転入,総数,14824
平成12,2000,鶴見区,市外移動_転入,男,8429
平成12,2000,鶴見区,市外移動_転入,女,6395
平成12,2000,鶴見区,市外移動_転出,総数,12746
平成12,2000,鶴見区,市外移動_転出,男,7204
平成12,2000,鶴見区,市外移動_転出,女,5542
平成12,2000,鶴見区,市内移動_転入,総数,4289
平成12,2000,鶴見区,市内移動_転入,男,2267
平成12,2000,鶴見区,市内移動_転入,女,2022
平成12,2000,鶴見区,市内移動_転出,総数,4900
平成12,2000,鶴見区,市内移動_転出,男,2594
平成12,2000,鶴見区,市内移動_転出,女,2306
平成12,2000,鶴見区,その他増減,総数,-65
平成12,2000,鶴見区,その他増減,男,-81
平成12,2000,鶴見区,その他増減,女,16
平成12,2000,鶴見区,自然増減,総数,906
平成12,2000,鶴見区,自然増減,男,330
平成12,2000,鶴見区,自然増減,女,576
平成12,2000,鶴見区,出生,総数,2676
平成12,2000,鶴見区,出生,男,1369
平成12,2000,鶴見区,出生,女,1307
平成12,2000,鶴見区,死亡,総数,1770
平成12,2000,鶴見区,死亡,男,1039
平成12,2000,鶴見区,死亡,女,731
平成12,2000,鶴見区,人口増減率,,0.91472
平成12,2000,鶴見区,社会増減率,,0.55565
平成12,2000,鶴見区,自然増減率,,0.35907
平成12,2000,神奈川区,世帯数増減,,1310
平成12,2000,神奈川区,人口増減,総数,544
平成12,2000,神奈川区,人口増減,男,-7
平成12,2000,神奈川区,人口増減,女,551
平成12,2000,神奈川区,社会増減,総数,92
平成12,2000,神奈川区,社会増減,男,-127
平成12,2000,神奈川区,社会増減,女,219
平成12,2000,神奈川区,市外移動_転入,総数,10418
平成12,2000,神奈川区,市外移動_転入,男,5936
平成12,2000,神奈川区,市外移動_転入,女,4482
平成12,2000,神奈川区,市外移動_転出,総数,9561
平成12,2000,神奈川区,市外移動_転出,男,5612
平成12,2000,神奈川区,市外移動_転出,女,3949
平成12,2000,神奈川区,市内移動_転入,総数,6465
平成12,2000,神奈川区,市内移動_転入,男,3339
平成12,2000,神奈川区,市内移動_転入,女,3126
平成12,2000,神奈川区,市内移動_転出,総数,7234
平成12,2000,神奈川区,市内移動_転出,男,3780
平成12,2000,神奈川区,市内移動_転出,女,3454
平成12,2000,神奈川区,その他増減,総数,4
平成12,2000,神奈川区,その他増減,男,-10
平成12,2000,神奈川区,その他増減,女,14
平成12,2000,神奈川区,自然増減,総数,452
平成12,2000,神奈川区,自然増減,男,120
平成12,2000,神奈川区,自然増減,女,332
平成12,2000,神奈川区,出生,総数,1883
平成12,2000,神奈川区,出生,男,940
平成12,2000,神奈川区,出生,女,943
平成12,2000,神奈川区,死亡,総数,1431
平成12,2000,神奈川区,死亡,男,820
平成12,2000,神奈川区,死亡,女,611
平成12,2000,神奈川区,人口増減率,,0.26017
平成12,2000,神奈川区,社会増減率,,0.044
平成12,2000,神奈川区,自然増減率,,0.21617
平成12,2000,西区,世帯数増減,,917
平成12,2000,西区,人口増減,総数,1064
平成12,2000,西区,人口増減,男,382
平成12,2000,西区,人口増減,女,682
平成12,2000,西区,社会増減,総数,1075
平成12,2000,西区,社会増減,男,447
平成12,2000,西区,社会増減,女,628
平成12,2000,西区,市外移動_転入,総数,4436
平成12,2000,西区,市外移動_転入,男,2451
平成12,2000,西区,市外移動_転入,女,1985
平成12,2000,西区,市外移動_転出,総数,3505
平成12,2000,西区,市外移動_転出,男,1996
平成12,2000,西区,市外移動_転出,女,1509
平成12,2000,西区,市内移動_転入,総数,3542
平成12,2000,西区,市内移動_転入,男,1811
平成12,2000,西区,市内移動_転入,女,1731
平成12,2000,西区,市内移動_転出,総数,3387
平成12,2000,西区,市内移動_転出,男,1803
平成12,2000,西区,市内移動_転出,女,1584
平成12,2000,西区,その他増減,総数,-11
平成12,2000,西区,その他増減,男,-16
平成12,2000,西区,その他増減,女,5
平成12,2000,西区,自然増減,総数,-11
平成12,2000,西区,自然増減,男,-65
平成12,2000,西区,自然増減,女,54
平成12,2000,西区,出生,総数,656
平成12,2000,西区,出生,男,308
平成12,2000,西区,出生,女,348
平成12,2000,西区,死亡,総数,667
平成12,2000,西区,死亡,男,373
平成12,2000,西区,死亡,女,294
平成12,2000,西区,人口増減率,,1.38196
平成12,2000,西区,社会増減率,,1.39625
平成12,2000,西区,自然増減率,,-0.01429
平成12,2000,中区,世帯数増減,,1928
平成12,2000,中区,人口増減,総数,1994
平成12,2000,中区,人口増減,男,1138
平成12,2000,中区,人口増減,女,856
平成12,2000,中区,社会増減,総数,2068
平成12,2000,中区,社会増減,男,1299
平成12,2000,中区,社会増減,女,769
平成12,2000,中区,市外移動_転入,総数,8670
平成12,2000,中区,市外移動_転入,男,4937
平成12,2000,中区,市外移動_転入,女,3733
平成12,2000,中区,市外移動_転出,総数,6530
平成12,2000,中区,市外移動_転出,男,3696
平成12,2000,中区,市外移動_転出,女,2834
平成12,2000,中区,市内移動_転入,総数,4599
平成12,2000,中区,市内移動_転入,男,2508
平成12,2000,中区,市内移動_転入,女,2091
平成12,2000,中区,市内移動_転出,総数,4679
平成12,2000,中区,市内移動_転出,男,2445
平成12,2000,中区,市内移動_転出,女,2234
平成12,2000,中区,その他増減,総数,8
平成12,2000,中区,その他増減,男,-5
平成12,2000,中区,その他増減,女,13
平成12,2000,中区,自然増減,総数,-74
平成12,2000,中区,自然増減,男,-161
平成12,2000,中区,自然増減,女,87
平成12,2000,中区,出生,総数,1005
平成12,2000,中区,出生,男,519
平成12,2000,中区,出生,女,486
平成12,2000,中区,死亡,総数,1079
平成12,2000,中区,死亡,男,680
平成12,2000,中区,死亡,女,399
平成12,2000,中区,人口増減率,,1.63142
平成12,2000,中区,社会増減率,,1.69196
平成12,2000,中区,自然増減率,,-0.06054
平成12,2000,南区,世帯数増減,,1379
平成12,2000,南区,人口増減,総数,289
平成12,2000,南区,人口増減,男,91
平成12,2000,南区,人口増減,女,198
平成12,2000,南区,社会増減,総数,196
平成12,2000,南区,社会増減,男,130
平成12,2000,南区,社会増減,女,66
平成12,2000,南区,市外移動_転入,総数,7595
平成12,2000,南区,市外移動_転入,男,4088
平成12,2000,南区,市外移動_転入,女,3507
平成12,2000,南区,市外移動_転出,総数,6950
平成12,2000,南区,市外移動_転出,男,3779
平成12,2000,南区,市外移動_転出,女,3171
平成12,2000,南区,市内移動_転入,総数,6249
平成12,2000,南区,市内移動_転入,男,3231
平成12,2000,南区,市内移動_転入,女,3018
平成12,2000,南区,市内移動_転出,総数,6665
平成12,2000,南区,市内移動_転出,男,3359
平成12,2000,南区,市内移動_転出,女,3306
平成12,2000,南区,その他増減,総数,-33
平成12,2000,南区,その他増減,男,-51
平成12,2000,南区,その他増減,女,18
平成12,2000,南区,自然増減,総数,93
平成12,2000,南区,自然増減,男,-39
平成12,2000,南区,自然増減,女,132
平成12,2000,南区,出生,総数,1656
平成12,2000,南区,出生,男,834
平成12,2000,南区,出生,女,822
平成12,2000,南区,死亡,総数,1563
平成12,2000,南区,死亡,男,873
平成12,2000,南区,死亡,女,690
平成12,2000,南区,人口増減率,,0.14862
平成12,2000,南区,社会増減率,,0.10079
平成12,2000,南区,自然増減率,,0.04783
平成12,2000,港南区,世帯数増減,,673
平成12,2000,港南区,人口増減,総数,-613
平成12,2000,港南区,人口増減,男,-612
平成12,2000,港南区,人口増減,女,-1
平成12,2000,港南区,社会増減,総数,-1512
平成12,2000,港南区,社会増減,男,-1011
平成12,2000,港南区,社会増減,女,-501
平成12,2000,港南区,市外移動_転入,総数,7319
平成12,2000,港南区,市外移動_転入,男,3882
平成12,2000,港南区,市外移動_転入,女,3437
平成12,2000,港南区,市外移動_転出,総数,7917
平成12,2000,港南区,市外移動_転出,男,4435
平成12,2000,港南区,市外移動_転出,女,3482
平成12,2000,港南区,市内移動_転入,総数,5647
平成12,2000,港南区,市内移動_転入,男,2857
平成12,2000,港南区,市内移動_転入,女,2790
平成12,2000,港南区,市内移動_転出,総数,6594
平成12,2000,港南区,市内移動_転出,男,3343
平成12,2000,港南区,市内移動_転出,女,3251
平成12,2000,港南区,その他増減,総数,33
平成12,2000,港南区,その他増減,男,28
平成12,2000,港南区,その他増減,女,5
平成12,2000,港南区,自然増減,総数,899
平成12,2000,港南区,自然増減,男,399
平成12,2000,港南区,自然増減,女,500
平成12,2000,港南区,出生,総数,2127
平成12,2000,港南区,出生,男,1105
平成12,2000,港南区,出生,女,1022
平成12,2000,港南区,死亡,総数,1228
平成12,2000,港南区,死亡,男,706
平成12,2000,港南区,死亡,女,522
平成12,2000,港南区,人口増減率,,-0.27507
平成12,2000,港南区,社会増減率,,-0.67847
平成12,2000,港南区,自然増減率,,0.4034
平成12,2000,保土ケ谷区,世帯数増減,,1595
平成12,2000,保土ケ谷区,人口増減,総数,2011
平成12,2000,保土ケ谷区,人口増減,男,786
平成12,2000,保土ケ谷区,人口増減,女,1225
平成12,2000,保土ケ谷区,社会増減,総数,1578
平成12,2000,保土ケ谷区,社会増減,男,656
平成12,2000,保土ケ谷区,社会増減,女,922
平成12,2000,保土ケ谷区,市外移動_転入,総数,8097
平成12,2000,保土ケ谷区,市外移動_転入,男,4445
平成12,2000,保土ケ谷区,市外移動_転入,女,3652
平成12,2000,保土ケ谷区,市外移動_転出,総数,6928
平成12,2000,保土ケ谷区,市外移動_転出,男,3969
平成12,2000,保土ケ谷区,市外移動_転出,女,2959
平成12,2000,保土ケ谷区,市内移動_転入,総数,6999
平成12,2000,保土ケ谷区,市内移動_転入,男,3551
平成12,2000,保土ケ谷区,市内移動_転入,女,3448
平成12,2000,保土ケ谷区,市内移動_転出,総数,6527
平成12,2000,保土ケ谷区,市内移動_転出,男,3311
平成12,2000,保土ケ谷区,市内移動_転出,女,3216
平成12,2000,保土ケ谷区,その他増減,総数,-63
平成12,2000,保土ケ谷区,その他増減,男,-60
平成12,2000,保土ケ谷区,その他増減,女,-3
平成12,2000,保土ケ谷区,自然増減,総数,433
平成12,2000,保土ケ谷区,自然増減,男,130
平成12,2000,保土ケ谷区,自然増減,女,303
平成12,2000,保土ケ谷区,出生,総数,1827
平成12,2000,保土ケ谷区,出生,男,943
平成12,2000,保土ケ谷区,出生,女,884
平成12,2000,保土ケ谷区,死亡,総数,1394
平成12,2000,保土ケ谷区,死亡,男,813
平成12,2000,保土ケ谷区,死亡,女,581
平成12,2000,保土ケ谷区,人口増減率,,1.00553
平成12,2000,保土ケ谷区,社会増減率,,0.78902
平成12,2000,保土ケ谷区,自然増減率,,0.21651
平成12,2000,旭区,世帯数増減,,1162
平成12,2000,旭区,人口増減,総数,34
平成12,2000,旭区,人口増減,男,-79
平成12,2000,旭区,人口増減,女,113
平成12,2000,旭区,社会増減,総数,-764
平成12,2000,旭区,社会増減,男,-401
平成12,2000,旭区,社会増減,女,-363
平成12,2000,旭区,市外移動_転入,総数,8100
平成12,2000,旭区,市外移動_転入,男,4427
平成12,2000,旭区,市外移動_転入,女,3673
平成12,2000,旭区,市外移動_転出,総数,8364
平成12,2000,旭区,市外移動_転出,男,4609
平成12,2000,旭区,市外移動_転出,女,3755
平成12,2000,旭区,市内移動_転入,総数,6368
平成12,2000,旭区,市内移動_転入,男,3263
平成12,2000,旭区,市内移動_転入,女,3105
平成12,2000,旭区,市内移動_転出,総数,6848
平成12,2000,旭区,市内移動_転出,男,3438
平成12,2000,旭区,市内移動_転出,女,3410
平成12,2000,旭区,その他増減,総数,-20
平成12,2000,旭区,その他増減,男,-44
平成12,2000,旭区,その他増減,女,24
平成12,2000,旭区,自然増減,総数,798
平成12,2000,旭区,自然増減,男,322
平成12,2000,旭区,自然増減,女,476
平成12,2000,旭区,出生,総数,2341
平成12,2000,旭区,出生,男,1222
平成12,2000,旭区,出生,女,1119
平成12,2000,旭区,死亡,総数,1543
平成12,2000,旭区,死亡,男,900
平成12,2000,旭区,死亡,女,643
平成12,2000,旭区,人口増減率,,0.01348
平成12,2000,旭区,社会増減率,,-0.30286
平成12,2000,旭区,自然増減率,,0.31634
平成12,2000,磯子区,世帯数増減,,96
平成12,2000,磯子区,人口増減,総数,-1415
平成12,2000,磯子区,人口増減,男,-1038
平成12,2000,磯子区,人口増減,女,-377
平成12,2000,磯子区,社会増減,総数,-1912
平成12,2000,磯子区,社会増減,男,-1200
平成12,2000,磯子区,社会増減,女,-712
平成12,2000,磯子区,市外移動_転入,総数,6014
平成12,2000,磯子区,市外移動_転入,男,3232
平成12,2000,磯子区,市外移動_転入,女,2782
平成12,2000,磯子区,市外移動_転出,総数,6514
平成12,2000,磯子区,市外移動_転出,男,3659
平成12,2000,磯子区,市外移動_転出,女,2855
平成12,2000,磯子区,市内移動_転入,総数,4743
平成12,2000,磯子区,市内移動_転入,男,2386
平成12,2000,磯子区,市内移動_転入,女,2357
平成12,2000,磯子区,市内移動_転出,総数,6107
平成12,2000,磯子区,市内移動_転出,男,3118
平成12,2000,磯子区,市内移動_転出,女,2989
平成12,2000,磯子区,その他増減,総数,-48
平成12,2000,磯子区,その他増減,男,-41
平成12,2000,磯子区,その他増減,女,-7
平成12,2000,磯子区,自然増減,総数,497
平成12,2000,磯子区,自然増減,男,162
平成12,2000,磯子区,自然増減,女,335
平成12,2000,磯子区,出生,総数,1603
平成12,2000,磯子区,出生,男,799
平成12,2000,磯子区,出生,女,804
平成12,2000,磯子区,死亡,総数,1106
平成12,2000,磯子区,死亡,男,637
平成12,2000,磯子区,死亡,女,469
平成12,2000,磯子区,人口増減率,,-0.85022
平成12,2000,磯子区,社会増減率,,-1.14885
平成12,2000,磯子区,自然増減率,,0.29863
平成12,2000,金沢区,世帯数増減,,1293
平成12,2000,金沢区,人口増減,総数,906
平成12,2000,金沢区,人口増減,男,275
平成12,2000,金沢区,人口増減,女,631
平成12,2000,金沢区,社会増減,総数,387
平成12,2000,金沢区,社会増減,男,49
平成12,2000,金沢区,社会増減,女,338
平成12,2000,金沢区,市外移動_転入,総数,8175
平成12,2000,金沢区,市外移動_転入,男,4403
平成12,2000,金沢区,市外移動_転入,女,3772
平成12,2000,金沢区,市外移動_転出,総数,8388
平成12,2000,金沢区,市外移動_転出,男,4704
平成12,2000,金沢区,市外移動_転出,女,3684
平成12,2000,金沢区,市内移動_転入,総数,4124
平成12,2000,金沢区,市内移動_転入,男,2146
平成12,2000,金沢区,市内移動_転入,女,1978
平成12,2000,金沢区,市内移動_転出,総数,3517
平成12,2000,金沢区,市内移動_転出,男,1784
平成12,2000,金沢区,市内移動_転出,女,1733
平成12,2000,金沢区,その他増減,総数,-7
平成12,2000,金沢区,その他増減,男,-12
平成12,2000,金沢区,その他増減,女,5
平成12,2000,金沢区,自然増減,総数,519
平成12,2000,金沢区,自然増減,男,226
平成12,2000,金沢区,自然増減,女,293
平成12,2000,金沢区,出生,総数,1713
平成12,2000,金沢区,出生,男,882
平成12,2000,金沢区,出生,女,831
平成12,2000,金沢区,死亡,総数,1194
平成12,2000,金沢区,死亡,男,656
平成12,2000,金沢区,死亡,女,538
平成12,2000,金沢区,人口増減率,,0.44079
平成12,2000,金沢区,社会増減率,,0.18829
平成12,2000,金沢区,自然増減率,,0.25251
平成12,2000,港北区,世帯数増減,,2068
平成12,2000,港北区,人口増減,総数,2295
平成12,2000,港北区,人口増減,男,937
平成12,2000,港北区,人口増減,女,1358
平成12,2000,港北区,社会増減,総数,637
平成12,2000,港北区,社会増減,男,211
平成12,2000,港北区,社会増減,女,426
平成12,2000,港北区,市外移動_転入,総数,19345
平成12,2000,港北区,市外移動_転入,男,10775
平成12,2000,港北区,市外移動_転入,女,8570
平成12,2000,港北区,市外移動_転出,総数,17284
平成12,2000,港北区,市外移動_転出,男,9791
平成12,2000,港北区,市外移動_転出,女,7493
平成12,2000,港北区,市内移動_転入,総数,6361
平成12,2000,港北区,市内移動_転入,男,3290
平成12,2000,港北区,市内移動_転入,女,3071
平成12,2000,港北区,市内移動_転出,総数,7900
平成12,2000,港北区,市内移動_転出,男,4061
平成12,2000,港北区,市内移動_転出,女,3839
平成12,2000,港北区,その他増減,総数,115
平成12,2000,港北区,その他増減,男,-2
平成12,2000,港北区,その他増減,女,117
平成12,2000,港北区,自然増減,総数,1658
平成12,2000,港北区,自然増減,男,726
平成12,2000,港北区,自然増減,女,932
平成12,2000,港北区,出生,総数,3241
平成12,2000,港北区,出生,男,1621
平成12,2000,港北区,出生,女,1620
平成12,2000,港北区,死亡,総数,1583
平成12,2000,港北区,死亡,男,895
平成12,2000,港北区,死亡,女,688
平成12,2000,港北区,人口増減率,,0.78655
平成12,2000,港北区,社会増減率,,0.21832
平成12,2000,港北区,自然増減率,,0.56824
平成12,2000,緑区,世帯数増減,,2312
平成12,2000,緑区,人口増減,総数,3824
平成12,2000,緑区,人口増減,男,1928
平成12,2000,緑区,人口増減,女,1896
平成12,2000,緑区,社会増減,総数,2829
平成12,2000,緑区,社会増減,男,1464
平成12,2000,緑区,社会増減,女,1365
平成12,2000,緑区,市外移動_転入,総数,7501
平成12,2000,緑区,市外移動_転入,男,4121
平成12,2000,緑区,市外移動_転入,女,3380
平成12,2000,緑区,市外移動_転出,総数,6776
平成12,2000,緑区,市外移動_転出,男,3672
平成12,2000,緑区,市外移動_転出,女,3104
平成12,2000,緑区,市内移動_転入,総数,5939
平成12,2000,緑区,市内移動_転入,男,3028
平成12,2000,緑区,市内移動_転入,女,2911
平成12,2000,緑区,市内移動_転出,総数,3875
平成12,2000,緑区,市内移動_転出,男,2002
平成12,2000,緑区,市内移動_転出,女,1873
平成12,2000,緑区,その他増減,総数,40
平成12,2000,緑区,その他増減,男,-11
平成12,2000,緑区,その他増減,女,51
平成12,2000,緑区,自然増減,総数,995
平成12,2000,緑区,自然増減,男,464
平成12,2000,緑区,自然増減,女,531
平成12,2000,緑区,出生,総数,1751
平成12,2000,緑区,出生,男,887
平成12,2000,緑区,出生,女,864
平成12,2000,緑区,死亡,総数,756
平成12,2000,緑区,死亡,男,423
平成12,2000,緑区,死亡,女,333
平成12,2000,緑区,人口増減率,,2.47535
平成12,2000,緑区,社会増減率,,1.83127
平成12,2000,緑区,自然増減率,,0.64408
平成12,2000,青葉区,世帯数増減,,2880
平成12,2000,青葉区,人口増減,総数,6318
平成12,2000,青葉区,人口増減,男,2935
平成12,2000,青葉区,人口増減,女,3383
平成12,2000,青葉区,社会増減,総数,3987
平成12,2000,青葉区,社会増減,男,1810
平成12,2000,青葉区,社会増減,女,2177
平成12,2000,青葉区,市外移動_転入,総数,22176
平成12,2000,青葉区,市外移動_転入,男,11894
平成12,2000,青葉区,市外移動_転入,女,10282
平成12,2000,青葉区,市外移動_転出,総数,18133
平成12,2000,青葉区,市外移動_転出,男,10033
平成12,2000,青葉区,市外移動_転出,女,8100
平成12,2000,青葉区,市内移動_転入,総数,4672
平成12,2000,青葉区,市内移動_転入,男,2414
平成12,2000,青葉区,市内移動_転入,女,2258
平成12,2000,青葉区,市内移動_転出,総数,4766
平成12,2000,青葉区,市内移動_転出,男,2482
平成12,2000,青葉区,市内移動_転出,女,2284
平成12,2000,青葉区,その他増減,総数,38
平成12,2000,青葉区,その他増減,男,17
平成12,2000,青葉区,その他増減,女,21
平成12,2000,青葉区,自然増減,総数,2331
平成12,2000,青葉区,自然増減,男,1125
平成12,2000,青葉区,自然増減,女,1206
平成12,2000,青葉区,出生,総数,3360
平成12,2000,青葉区,出生,男,1707
平成12,2000,青葉区,出生,女,1653
平成12,2000,青葉区,死亡,総数,1029
平成12,2000,青葉区,死亡,男,582
平成12,2000,青葉区,死亡,女,447
平成12,2000,青葉区,人口増減率,,2.37462
平成12,2000,青葉区,社会増減率,,1.49851
平成12,2000,青葉区,自然増減率,,0.8761
平成12,2000,都筑区,世帯数増減,,3025
平成12,2000,都筑区,人口増減,総数,7319
平成12,2000,都筑区,人口増減,男,3554
平成12,2000,都筑区,人口増減,女,3765
平成12,2000,都筑区,社会増減,総数,5781
平成12,2000,都筑区,社会増減,男,2774
平成12,2000,都筑区,社会増減,女,3007
平成12,2000,都筑区,市外移動_転入,総数,10701
平成12,2000,都筑区,市外移動_転入,男,5725
平成12,2000,都筑区,市外移動_転入,女,4976
平成12,2000,都筑区,市外移動_転出,総数,6778
平成12,2000,都筑区,市外移動_転出,男,3756
平成12,2000,都筑区,市外移動_転出,女,3022
平成12,2000,都筑区,市内移動_転入,総数,5921
平成12,2000,都筑区,市内移動_転入,男,3049
平成12,2000,都筑区,市内移動_転入,女,2872
平成12,2000,都筑区,市内移動_転出,総数,4026
平成12,2000,都筑区,市内移動_転出,男,2184
平成12,2000,都筑区,市内移動_転出,女,1842
平成12,2000,都筑区,その他増減,総数,-37
平成12,2000,都筑区,その他増減,男,-60
平成12,2000,都筑区,その他増減,女,23
平成12,2000,都筑区,自然増減,総数,1538
平成12,2000,都筑区,自然増減,男,780
平成12,2000,都筑区,自然増減,女,758
平成12,2000,都筑区,出生,総数,2075
平成12,2000,都筑区,出生,男,1061
平成12,2000,都筑区,出生,女,1014
平成12,2000,都筑区,死亡,総数,537
平成12,2000,都筑区,死亡,男,281
平成12,2000,都筑区,死亡,女,256
平成12,2000,都筑区,人口増減率,,4.92945
平成12,2000,都筑区,社会増減率,,3.89358
平成12,2000,都筑区,自然増減率,,1.03586
平成12,2000,戸塚区,世帯数増減,,1583
平成12,2000,戸塚区,人口増減,総数,1573
平成12,2000,戸塚区,人口増減,男,631
平成12,2000,戸塚区,人口増減,女,942
平成12,2000,戸塚区,社会増減,総数,357
平成12,2000,戸塚区,社会増減,男,123
平成12,2000,戸塚区,社会増減,女,234
平成12,2000,戸塚区,市外移動_転入,総数,10338
平成12,2000,戸塚区,市外移動_転入,男,5638
平成12,2000,戸塚区,市外移動_転入,女,4700
平成12,2000,戸塚区,市外移動_転出,総数,10339
平成12,2000,戸塚区,市外移動_転出,男,5704
平成12,2000,戸塚区,市外移動_転出,女,4635
平成12,2000,戸塚区,市内移動_転入,総数,6265
平成12,2000,戸塚区,市内移動_転入,男,3260
平成12,2000,戸塚区,市内移動_転入,女,3005
平成12,2000,戸塚区,市内移動_転出,総数,5947
平成12,2000,戸塚区,市内移動_転出,男,3064
平成12,2000,戸塚区,市内移動_転出,女,2883
平成12,2000,戸塚区,その他増減,総数,40
平成12,2000,戸塚区,その他増減,男,-7
平成12,2000,戸塚区,その他増減,女,47
平成12,2000,戸塚区,自然増減,総数,1216
平成12,2000,戸塚区,自然増減,男,508
平成12,2000,戸塚区,自然増減,女,708
平成12,2000,戸塚区,出生,総数,2526
平成12,2000,戸塚区,出生,男,1270
平成12,2000,戸塚区,出生,女,1256
平成12,2000,戸塚区,死亡,総数,1310
平成12,2000,戸塚区,死亡,男,762
平成12,2000,戸塚区,死亡,女,548
平成12,2000,戸塚区,人口増減率,,0.63247
平成12,2000,戸塚区,社会増減率,,0.14354
平成12,2000,戸塚区,自然増減率,,0.48893
平成12,2000,栄区,世帯数増減,,553
平成12,2000,栄区,人口増減,総数,-643
平成12,2000,栄区,人口増減,男,-316
平成12,2000,栄区,人口増減,女,-327
平成12,2000,栄区,社会増減,総数,-1030
平成12,2000,栄区,社会増減,男,-470
平成12,2000,栄区,社会増減,女,-560
平成12,2000,栄区,市外移動_転入,総数,4534
平成12,2000,栄区,市外移動_転入,男,2548
平成12,2000,栄区,市外移動_転入,女,1986
平成12,2000,栄区,市外移動_転出,総数,5257
平成12,2000,栄区,市外移動_転出,男,2884
平成12,2000,栄区,市外移動_転出,女,2373
平成12,2000,栄区,市内移動_転入,総数,2824
平成12,2000,栄区,市内移動_転入,男,1478
平成12,2000,栄区,市内移動_転入,女,1346
平成12,2000,栄区,市内移動_転出,総数,3113
平成12,2000,栄区,市内移動_転出,男,1587
平成12,2000,栄区,市内移動_転出,女,1526
平成12,2000,栄区,その他増減,総数,-18
平成12,2000,栄区,その他増減,男,-25
平成12,2000,栄区,その他増減,女,7
平成12,2000,栄区,自然増減,総数,387
平成12,2000,栄区,自然増減,男,154
平成12,2000,栄区,自然増減,女,233
平成12,2000,栄区,出生,総数,1014
平成12,2000,栄区,出生,男,515
平成12,2000,栄区,出生,女,499
平成12,2000,栄区,死亡,総数,627
平成12,2000,栄区,死亡,男,361
平成12,2000,栄区,死亡,女,266
平成12,2000,栄区,人口増減率,,-0.54112
平成12,2000,栄区,社会増減率,,-0.86681
平成12,2000,栄区,自然増減率,,0.32568
平成12,2000,泉区,世帯数増減,,1288
平成12,2000,泉区,人口増減,総数,1932
平成12,2000,泉区,人口増減,男,830
平成12,2000,泉区,人口増減,女,1102
平成12,2000,泉区,社会増減,総数,1236
平成12,2000,泉区,社会増減,男,573
平成12,2000,泉区,社会増減,女,663
平成12,2000,泉区,市外移動_転入,総数,4682
平成12,2000,泉区,市外移動_転入,男,2443
平成12,2000,泉区,市外移動_転入,女,2239
平成12,2000,泉区,市外移動_転出,総数,4458
平成12,2000,泉区,市外移動_転出,男,2349
平成12,2000,泉区,市外移動_転出,女,2109
平成12,2000,泉区,市内移動_転入,総数,4185
平成12,2000,泉区,市内移動_転入,男,2099
平成12,2000,泉区,市内移動_転入,女,2086
平成12,2000,泉区,市内移動_転出,総数,3143
平成12,2000,泉区,市内移動_転出,男,1589
平成12,2000,泉区,市内移動_転出,女,1554
平成12,2000,泉区,その他増減,総数,-30
平成12,2000,泉区,その他増減,男,-31
平成12,2000,泉区,その他増減,女,1
平成12,2000,泉区,自然増減,総数,696
平成12,2000,泉区,自然増減,男,257
平成12,2000,泉区,自然増減,女,439
平成12,2000,泉区,出生,総数,1525
平成12,2000,泉区,出生,男,736
平成12,2000,泉区,出生,女,789
平成12,2000,泉区,死亡,総数,829
平成12,2000,泉区,死亡,男,479
平成12,2000,泉区,死亡,女,350
平成12,2000,泉区,人口増減率,,1.32489
平成12,2000,泉区,社会増減率,,0.8476
平成12,2000,泉区,自然増減率,,0.47729
平成12,2000,瀬谷区,世帯数増減,,747
平成12,2000,瀬谷区,人口増減,総数,421
平成12,2000,瀬谷区,人口増減,男,105
平成12,2000,瀬谷区,人口増減,女,316
平成12,2000,瀬谷区,社会増減,総数,-178
平成12,2000,瀬谷区,社会増減,男,-177
平成12,2000,瀬谷区,社会増減,女,-1
平成12,2000,瀬谷区,市外移動_転入,総数,4014
平成12,2000,瀬谷区,市外移動_転入,男,2115
平成12,2000,瀬谷区,市外移動_転入,女,1899
平成12,2000,瀬谷区,市外移動_転出,総数,4438
平成12,2000,瀬谷区,市外移動_転出,男,2414
平成12,2000,瀬谷区,市外移動_転出,女,2024
平成12,2000,瀬谷区,市内移動_転入,総数,3128
平成12,2000,瀬谷区,市内移動_転入,男,1592
平成12,2000,瀬谷区,市内移動_転入,女,1536
平成12,2000,瀬谷区,市内移動_転出,総数,2836
平成12,2000,瀬谷区,市内移動_転出,男,1428
平成12,2000,瀬谷区,市内移動_転出,女,1408
平成12,2000,瀬谷区,その他増減,総数,-46
平成12,2000,瀬谷区,その他増減,男,-42
平成12,2000,瀬谷区,その他増減,女,-4
平成12,2000,瀬谷区,自然増減,総数,599
平成12,2000,瀬谷区,自然増減,男,282
平成12,2000,瀬谷区,自然増減,女,317
平成12,2000,瀬谷区,出生,総数,1316
平成12,2000,瀬谷区,出生,男,683
平成12,2000,瀬谷区,出生,女,633
平成12,2000,瀬谷区,死亡,総数,717
平成12,2000,瀬谷区,死亡,男,401
平成12,2000,瀬谷区,死亡,女,316
平成12,2000,瀬谷区,人口増減率,,0.34628
平成12,2000,瀬谷区,社会増減率,,-0.14641
平成12,2000,瀬谷区,自然増減率,,0.49269
平成13,2001,鶴見区,世帯数増減,,1743
平成13,2001,鶴見区,人口増減,総数,1265
平成13,2001,鶴見区,人口増減,男,662
平成13,2001,鶴見区,人口増減,女,603
平成13,2001,鶴見区,社会増減,総数,426
平成13,2001,鶴見区,社会増減,男,361
平成13,2001,鶴見区,社会増減,女,65
平成13,2001,鶴見区,市外移動_転入,総数,14503
平成13,2001,鶴見区,市外移動_転入,男,8369
平成13,2001,鶴見区,市外移動_転入,女,6134
平成13,2001,鶴見区,市外移動_転出,総数,12595
平成13,2001,鶴見区,市外移動_転出,男,7182
平成13,2001,鶴見区,市外移動_転出,女,5413
平成13,2001,鶴見区,市内移動_転入,総数,3917
平成13,2001,鶴見区,市内移動_転入,男,2136
平成13,2001,鶴見区,市内移動_転入,女,1781
平成13,2001,鶴見区,市内移動_転出,総数,5403
平成13,2001,鶴見区,市内移動_転出,男,2944
平成13,2001,鶴見区,市内移動_転出,女,2459
平成13,2001,鶴見区,その他増減,総数,4
平成13,2001,鶴見区,その他増減,男,-18
平成13,2001,鶴見区,その他増減,女,22
平成13,2001,鶴見区,自然増減,総数,839
平成13,2001,鶴見区,自然増減,男,301
平成13,2001,鶴見区,自然増減,女,538
平成13,2001,鶴見区,出生,総数,2599
平成13,2001,鶴見区,出生,男,1330
平成13,2001,鶴見区,出生,女,1269
平成13,2001,鶴見区,死亡,総数,1760
平成13,2001,鶴見区,死亡,男,1029
平成13,2001,鶴見区,死亡,女,731
平成13,2001,鶴見区,人口増減率,,0.49722
平成13,2001,鶴見区,社会増減率,,0.16744
平成13,2001,鶴見区,自然増減率,,0.32978
平成13,2001,神奈川区,世帯数増減,,3267
平成13,2001,神奈川区,人口増減,総数,4495
平成13,2001,神奈川区,人口増減,男,2392
平成13,2001,神奈川区,人口増減,女,2103
平成13,2001,神奈川区,社会増減,総数,3862
平成13,2001,神奈川区,社会増減,男,2116
平成13,2001,神奈川区,社会増減,女,1746
平成13,2001,神奈川区,市外移動_転入,総数,12170
平成13,2001,神奈川区,市外移動_転入,男,7007
平成13,2001,神奈川区,市外移動_転入,女,5163
平成13,2001,神奈川区,市外移動_転出,総数,9072
平成13,2001,神奈川区,市外移動_転出,男,5279
平成13,2001,神奈川区,市外移動_転出,女,3793
平成13,2001,神奈川区,市内移動_転入,総数,7698
平成13,2001,神奈川区,市内移動_転入,男,4073
平成13,2001,神奈川区,市内移動_転入,女,3625
平成13,2001,神奈川区,市内移動_転出,総数,6928
平成13,2001,神奈川区,市内移動_転出,男,3645
平成13,2001,神奈川区,市内移動_転出,女,3283
平成13,2001,神奈川区,その他増減,総数,-6
平成13,2001,神奈川区,その他増減,男,-40
平成13,2001,神奈川区,その他増減,女,34
平成13,2001,神奈川区,自然増減,総数,633
平成13,2001,神奈川区,自然増減,男,276
平成13,2001,神奈川区,自然増減,女,357
平成13,2001,神奈川区,出生,総数,2062
平成13,2001,神奈川区,出生,男,1064
平成13,2001,神奈川区,出生,女,998
平成13,2001,神奈川区,死亡,総数,1429
平成13,2001,神奈川区,死亡,男,788
平成13,2001,神奈川区,死亡,女,641
平成13,2001,神奈川区,人口増減率,,2.13276
平成13,2001,神奈川区,社会増減率,,1.83242
平成13,2001,神奈川区,自然増減率,,0.30034
平成13,2001,西区,世帯数増減,,1191
平成13,2001,西区,人口増減,総数,1334
平成13,2001,西区,人口増減,男,548
平成13,2001,西区,人口増減,女,786
平成13,2001,西区,社会増減,総数,1420
平成13,2001,西区,社会増減,男,610
平成13,2001,西区,社会増減,女,810
平成13,2001,西区,市外移動_転入,総数,4639
平成13,2001,西区,市外移動_転入,男,2469
平成13,2001,西区,市外移動_転入,女,2170
平成13,2001,西区,市外移動_転出,総数,3487
平成13,2001,西区,市外移動_転出,男,1979
平成13,2001,西区,市外移動_転出,女,1508
平成13,2001,西区,市内移動_転入,総数,3397
平成13,2001,西区,市内移動_転入,男,1780
平成13,2001,西区,市内移動_転入,女,1617
平成13,2001,西区,市内移動_転出,総数,3141
平成13,2001,西区,市内移動_転出,男,1645
平成13,2001,西区,市内移動_転出,女,1496
平成13,2001,西区,その他増減,総数,12
平成13,2001,西区,その他増減,男,-15
平成13,2001,西区,その他増減,女,27
平成13,2001,西区,自然増減,総数,-86
平成13,2001,西区,自然増減,男,-62
平成13,2001,西区,自然増減,女,-24
平成13,2001,西区,出生,総数,622
平成13,2001,西区,出生,男,312
平成13,2001,西区,出生,女,310
平成13,2001,西区,死亡,総数,708
平成13,2001,西区,死亡,男,374
平成13,2001,西区,死亡,女,334
平成13,2001,西区,人口増減率,,1.70346
平成13,2001,西区,社会増減率,,1.81328
平成13,2001,西区,自然増減率,,-0.10982
平成13,2001,中区,世帯数増減,,2745
平成13,2001,中区,人口増減,総数,3460
平成13,2001,中区,人口増減,男,1597
平成13,2001,中区,人口増減,女,1863
平成13,2001,中区,社会増減,総数,3663
平成13,2001,中区,社会増減,男,1841
平成13,2001,中区,社会増減,女,1822
平成13,2001,中区,市外移動_転入,総数,9538
平成13,2001,中区,市外移動_転入,男,5037
平成13,2001,中区,市外移動_転入,女,4501
平成13,2001,中区,市外移動_転出,総数,6649
平成13,2001,中区,市外移動_転出,男,3543
平成13,2001,中区,市外移動_転出,女,3106
平成13,2001,中区,市内移動_転入,総数,5473
平成13,2001,中区,市内移動_転入,男,2883
平成13,2001,中区,市内移動_転入,女,2590
平成13,2001,中区,市内移動_転出,総数,4709
平成13,2001,中区,市内移動_転出,男,2519
平成13,2001,中区,市内移動_転出,女,2190
平成13,2001,中区,その他増減,総数,10
平成13,2001,中区,その他増減,男,-17
平成13,2001,中区,その他増減,女,27
平成13,2001,中区,自然増減,総数,-203
平成13,2001,中区,自然増減,男,-244
平成13,2001,中区,自然増減,女,41
平成13,2001,中区,出生,総数,1012
平成13,2001,中区,出生,男,521
平成13,2001,中区,出生,女,491
平成13,2001,中区,死亡,総数,1215
平成13,2001,中区,死亡,男,765
平成13,2001,中区,死亡,女,450
平成13,2001,中区,人口増減率,,2.76886
平成13,2001,中区,社会増減率,,2.93131
平成13,2001,中区,自然増減率,,-0.16245
平成13,2001,南区,世帯数増減,,1887
平成13,2001,南区,人口増減,総数,980
平成13,2001,南区,人口増減,男,350
平成13,2001,南区,人口増減,女,630
平成13,2001,南区,社会増減,総数,962
平成13,2001,南区,社会増減,男,422
平成13,2001,南区,社会増減,女,540
平成13,2001,南区,市外移動_転入,総数,7816
平成13,2001,南区,市外移動_転入,男,4059
平成13,2001,南区,市外移動_転入,女,3757
平成13,2001,南区,市外移動_転出,総数,6723
平成13,2001,南区,市外移動_転出,男,3623
平成13,2001,南区,市外移動_転出,女,3100
平成13,2001,南区,市内移動_転入,総数,6609
平成13,2001,南区,市内移動_転入,男,3463
平成13,2001,南区,市内移動_転入,女,3146
平成13,2001,南区,市内移動_転出,総数,6674
平成13,2001,南区,市内移動_転出,男,3406
平成13,2001,南区,市内移動_転出,女,3268
平成13,2001,南区,その他増減,総数,-66
平成13,2001,南区,その他増減,男,-71
平成13,2001,南区,その他増減,女,5
平成13,2001,南区,自然増減,総数,18
平成13,2001,南区,自然増減,男,-72
平成13,2001,南区,自然増減,女,90
平成13,2001,南区,出生,総数,1598
平成13,2001,南区,出生,男,818
平成13,2001,南区,出生,女,780
平成13,2001,南区,死亡,総数,1580
平成13,2001,南区,死亡,男,890
平成13,2001,南区,死亡,女,690
平成13,2001,南区,人口増減率,,0.50234
平成13,2001,南区,社会増減率,,0.49312
平成13,2001,南区,自然増減率,,0.00923
平成13,2001,港南区,世帯数増減,,1340
平成13,2001,港南区,人口増減,総数,634
平成13,2001,港南区,人口増減,男,143
平成13,2001,港南区,人口増減,女,491
平成13,2001,港南区,社会増減,総数,-283
平成13,2001,港南区,社会増減,男,-285
平成13,2001,港南区,社会増減,女,2
平成13,2001,港南区,市外移動_転入,総数,7638
平成13,2001,港南区,市外移動_転入,男,4111
平成13,2001,港南区,市外移動_転入,女,3527
平成13,2001,港南区,市外移動_転出,総数,7615
平成13,2001,港南区,市外移動_転出,男,4175
平成13,2001,港南区,市外移動_転出,女,3440
平成13,2001,港南区,市内移動_転入,総数,6207
平成13,2001,港南区,市内移動_転入,男,3143
平成13,2001,港南区,市内移動_転入,女,3064
平成13,2001,港南区,市内移動_転出,総数,6501
平成13,2001,港南区,市内移動_転出,男,3327
平成13,2001,港南区,市内移動_転出,女,3174
平成13,2001,港南区,その他増減,総数,-12
平成13,2001,港南区,その他増減,男,-37
平成13,2001,港南区,その他増減,女,25
平成13,2001,港南区,自然増減,総数,917
平成13,2001,港南区,自然増減,男,428
平成13,2001,港南区,自然増減,女,489
平成13,2001,港南区,出生,総数,2109
平成13,2001,港南区,出生,男,1096
平成13,2001,港南区,出生,女,1013
平成13,2001,港南区,死亡,総数,1192
平成13,2001,港南区,死亡,男,668
平成13,2001,港南区,死亡,女,524
平成13,2001,港南区,人口増減率,,0.28511
平成13,2001,港南区,社会増減率,,-0.12726
平成13,2001,港南区,自然増減率,,0.41237
平成13,2001,保土ケ谷区,世帯数増減,,1293
平成13,2001,保土ケ谷区,人口増減,総数,638
平成13,2001,保土ケ谷区,人口増減,男,298
平成13,2001,保土ケ谷区,人口増減,女,340
平成13,2001,保土ケ谷区,社会増減,総数,169
平成13,2001,保土ケ谷区,社会増減,男,59
平成13,2001,保土ケ谷区,社会増減,女,110
平成13,2001,保土ケ谷区,市外移動_転入,総数,7723
平成13,2001,保土ケ谷区,市外移動_転入,男,4331
平成13,2001,保土ケ谷区,市外移動_転入,女,3392
平成13,2001,保土ケ谷区,市外移動_転出,総数,6880
平成13,2001,保土ケ谷区,市外移動_転出,男,3906
平成13,2001,保土ケ谷区,市外移動_転出,女,2974
平成13,2001,保土ケ谷区,市内移動_転入,総数,5787
平成13,2001,保土ケ谷区,市内移動_転入,男,2960
平成13,2001,保土ケ谷区,市内移動_転入,女,2827
平成13,2001,保土ケ谷区,市内移動_転出,総数,6408
平成13,2001,保土ケ谷区,市内移動_転出,男,3271
平成13,2001,保土ケ谷区,市内移動_転出,女,3137
平成13,2001,保土ケ谷区,その他増減,総数,-53
平成13,2001,保土ケ谷区,その他増減,男,-55
平成13,2001,保土ケ谷区,その他増減,女,2
平成13,2001,保土ケ谷区,自然増減,総数,469
平成13,2001,保土ケ谷区,自然増減,男,239
平成13,2001,保土ケ谷区,自然増減,女,230
平成13,2001,保土ケ谷区,出生,総数,1822
平成13,2001,保土ケ谷区,出生,男,967
平成13,2001,保土ケ谷区,出生,女,855
平成13,2001,保土ケ谷区,死亡,総数,1353
平成13,2001,保土ケ谷区,死亡,男,728
平成13,2001,保土ケ谷区,死亡,女,625
平成13,2001,保土ケ谷区,人口増減率,,0.31468
平成13,2001,保土ケ谷区,社会増減率,,0.08336
平成13,2001,保土ケ谷区,自然増減率,,0.23133
平成13,2001,旭区,世帯数増減,,1689
平成13,2001,旭区,人口増減,総数,1160
平成13,2001,旭区,人口増減,男,503
平成13,2001,旭区,人口増減,女,657
平成13,2001,旭区,社会増減,総数,380
平成13,2001,旭区,社会増減,男,206
平成13,2001,旭区,社会増減,女,174
平成13,2001,旭区,市外移動_転入,総数,8276
平成13,2001,旭区,市外移動_転入,男,4461
平成13,2001,旭区,市外移動_転入,女,3815
平成13,2001,旭区,市外移動_転出,総数,7900
平成13,2001,旭区,市外移動_転出,男,4269
平成13,2001,旭区,市外移動_転出,女,3631
平成13,2001,旭区,市内移動_転入,総数,6674
平成13,2001,旭区,市内移動_転入,男,3463
平成13,2001,旭区,市内移動_転入,女,3211
平成13,2001,旭区,市内移動_転出,総数,6662
平成13,2001,旭区,市内移動_転出,男,3426
平成13,2001,旭区,市内移動_転出,女,3236
平成13,2001,旭区,その他増減,総数,-8
平成13,2001,旭区,その他増減,男,-23
平成13,2001,旭区,その他増減,女,15
平成13,2001,旭区,自然増減,総数,780
平成13,2001,旭区,自然増減,男,297
平成13,2001,旭区,自然増減,女,483
平成13,2001,旭区,出生,総数,2307
平成13,2001,旭区,出生,男,1181
平成13,2001,旭区,出生,女,1126
平成13,2001,旭区,死亡,総数,1527
平成13,2001,旭区,死亡,男,884
平成13,2001,旭区,死亡,女,643
平成13,2001,旭区,人口増減率,,0.45958
平成13,2001,旭区,社会増減率,,0.15055
平成13,2001,旭区,自然増減率,,0.30903
平成13,2001,磯子区,世帯数増減,,710
平成13,2001,磯子区,人口増減,総数,-400
平成13,2001,磯子区,人口増減,男,-332
平成13,2001,磯子区,人口増減,女,-68
平成13,2001,磯子区,社会増減,総数,-841
平成13,2001,磯子区,社会増減,男,-504
平成13,2001,磯子区,社会増減,女,-337
平成13,2001,磯子区,市外移動_転入,総数,6193
平成13,2001,磯子区,市外移動_転入,男,3387
平成13,2001,磯子区,市外移動_転入,女,2806
平成13,2001,磯子区,市外移動_転出,総数,6065
平成13,2001,磯子区,市外移動_転出,男,3404
平成13,2001,磯子区,市外移動_転出,女,2661
平成13,2001,磯子区,市内移動_転入,総数,4926
平成13,2001,磯子区,市内移動_転入,男,2501
平成13,2001,磯子区,市内移動_転入,女,2425
平成13,2001,磯子区,市内移動_転出,総数,5967
平成13,2001,磯子区,市内移動_転出,男,3030
平成13,2001,磯子区,市内移動_転出,女,2937
平成13,2001,磯子区,その他増減,総数,72
平成13,2001,磯子区,その他増減,男,42
平成13,2001,磯子区,その他増減,女,30
平成13,2001,磯子区,自然増減,総数,441
平成13,2001,磯子区,自然増減,男,172
平成13,2001,磯子区,自然増減,女,269
平成13,2001,磯子区,出生,総数,1525
平成13,2001,磯子区,出生,男,777
平成13,2001,磯子区,出生,女,748
平成13,2001,磯子区,死亡,総数,1084
平成13,2001,磯子区,死亡,男,605
平成13,2001,磯子区,死亡,女,479
平成13,2001,磯子区,人口増減率,,-0.24313
平成13,2001,磯子区,社会増減率,,-0.51117
平成13,2001,磯子区,自然増減率,,0.26805
平成13,2001,金沢区,世帯数増減,,1099
平成13,2001,金沢区,人口増減,総数,-398
平成13,2001,金沢区,人口増減,男,-254
平成13,2001,金沢区,人口増減,女,-144
平成13,2001,金沢区,社会増減,総数,-763
平成13,2001,金沢区,社会増減,男,-375
平成13,2001,金沢区,社会増減,女,-388
平成13,2001,金沢区,市外移動_転入,総数,7759
平成13,2001,金沢区,市外移動_転入,男,4239
平成13,2001,金沢区,市外移動_転入,女,3520
平成13,2001,金沢区,市外移動_転出,総数,8154
平成13,2001,金沢区,市外移動_転出,男,4478
平成13,2001,金沢区,市外移動_転出,女,3676
平成13,2001,金沢区,市内移動_転入,総数,3412
平成13,2001,金沢区,市内移動_転入,男,1767
平成13,2001,金沢区,市内移動_転入,女,1645
平成13,2001,金沢区,市内移動_転出,総数,3782
平成13,2001,金沢区,市内移動_転出,男,1877
平成13,2001,金沢区,市内移動_転出,女,1905
平成13,2001,金沢区,その他増減,総数,2
平成13,2001,金沢区,その他増減,男,-26
平成13,2001,金沢区,その他増減,女,28
平成13,2001,金沢区,自然増減,総数,365
平成13,2001,金沢区,自然増減,男,121
平成13,2001,金沢区,自然増減,女,244
平成13,2001,金沢区,出生,総数,1655
平成13,2001,金沢区,出生,男,851
平成13,2001,金沢区,出生,女,804
平成13,2001,金沢区,死亡,総数,1290
平成13,2001,金沢区,死亡,男,730
平成13,2001,金沢区,死亡,女,560
平成13,2001,金沢区,人口増減率,,-0.19271
平成13,2001,金沢区,社会増減率,,-0.36943
平成13,2001,金沢区,自然増減率,,0.17673
平成13,2001,港北区,世帯数増減,,2897
平成13,2001,港北区,人口増減,総数,4060
平成13,2001,港北区,人口増減,男,1803
平成13,2001,港北区,人口増減,女,2257
平成13,2001,港北区,社会増減,総数,2415
平成13,2001,港北区,社会増減,男,1004
平成13,2001,港北区,社会増減,女,1411
平成13,2001,港北区,市外移動_転入,総数,19658
平成13,2001,港北区,市外移動_転入,男,10714
平成13,2001,港北区,市外移動_転入,女,8944
平成13,2001,港北区,市外移動_転出,総数,16734
平成13,2001,港北区,市外移動_転出,男,9342
平成13,2001,港北区,市外移動_転出,女,7392
平成13,2001,港北区,市内移動_転入,総数,6913
平成13,2001,港北区,市内移動_転入,男,3602
平成13,2001,港北区,市内移動_転入,女,3311
平成13,2001,港北区,市内移動_転出,総数,7502
平成13,2001,港北区,市内移動_転出,男,3967
平成13,2001,港北区,市内移動_転出,女,3535
平成13,2001,港北区,その他増減,総数,80
平成13,2001,港北区,その他増減,男,-3
平成13,2001,港北区,その他増減,女,83
平成13,2001,港北区,自然増減,総数,1645
平成13,2001,港北区,自然増減,男,799
平成13,2001,港北区,自然増減,女,846
平成13,2001,港北区,出生,総数,3134
平成13,2001,港北区,出生,男,1654
平成13,2001,港北区,出生,女,1480
平成13,2001,港北区,死亡,総数,1489
平成13,2001,港北区,死亡,男,855
平成13,2001,港北区,死亡,女,634
平成13,2001,港北区,人口増減率,,1.37848
平成13,2001,港北区,社会増減率,,0.81996
平成13,2001,港北区,自然増減率,,0.55852
平成13,2001,緑区,世帯数増減,,1909
平成13,2001,緑区,人口増減,総数,2731
平成13,2001,緑区,人口増減,男,1229
平成13,2001,緑区,人口増減,女,1502
平成13,2001,緑区,社会増減,総数,1776
平成13,2001,緑区,社会増減,男,829
平成13,2001,緑区,社会増減,女,947
平成13,2001,緑区,市外移動_転入,総数,7354
平成13,2001,緑区,市外移動_転入,男,4022
平成13,2001,緑区,市外移動_転入,女,3332
平成13,2001,緑区,市外移動_転出,総数,6682
平成13,2001,緑区,市外移動_転出,男,3687
平成13,2001,緑区,市外移動_転出,女,2995
平成13,2001,緑区,市内移動_転入,総数,4896
平成13,2001,緑区,市内移動_転入,男,2527
平成13,2001,緑区,市内移動_転入,女,2369
平成13,2001,緑区,市内移動_転出,総数,3811
平成13,2001,緑区,市内移動_転出,男,2012
平成13,2001,緑区,市内移動_転出,女,1799
平成13,2001,緑区,その他増減,総数,19
平成13,2001,緑区,その他増減,男,-21
平成13,2001,緑区,その他増減,女,40
平成13,2001,緑区,自然増減,総数,955
平成13,2001,緑区,自然増減,男,400
平成13,2001,緑区,自然増減,女,555
平成13,2001,緑区,出生,総数,1720
平成13,2001,緑区,出生,男,859
平成13,2001,緑区,出生,女,861
平成13,2001,緑区,死亡,総数,765
平成13,2001,緑区,死亡,男,459
平成13,2001,緑区,死亡,女,306
平成13,2001,緑区,人口増減率,,1.71974
平成13,2001,緑区,社会増減率,,1.11837
平成13,2001,緑区,自然増減率,,0.60137
平成13,2001,青葉区,世帯数増減,,3756
平成13,2001,青葉区,人口増減,総数,7091
平成13,2001,青葉区,人口増減,男,3339
平成13,2001,青葉区,人口増減,女,3752
平成13,2001,青葉区,社会増減,総数,4831
平成13,2001,青葉区,社会増減,男,2220
平成13,2001,青葉区,社会増減,女,2611
平成13,2001,青葉区,市外移動_転入,総数,22955
平成13,2001,青葉区,市外移動_転入,男,12305
平成13,2001,青葉区,市外移動_転入,女,10650
平成13,2001,青葉区,市外移動_転出,総数,18148
平成13,2001,青葉区,市外移動_転出,男,10073
平成13,2001,青葉区,市外移動_転出,女,8075
平成13,2001,青葉区,市内移動_転入,総数,4425
平成13,2001,青葉区,市内移動_転入,男,2309
平成13,2001,青葉区,市内移動_転入,女,2116
平成13,2001,青葉区,市内移動_転出,総数,4511
平成13,2001,青葉区,市内移動_転出,男,2370
平成13,2001,青葉区,市内移動_転出,女,2141
平成13,2001,青葉区,その他増減,総数,110
平成13,2001,青葉区,その他増減,男,49
平成13,2001,青葉区,その他増減,女,61
平成13,2001,青葉区,自然増減,総数,2260
平成13,2001,青葉区,自然増減,男,1119
平成13,2001,青葉区,自然増減,女,1141
平成13,2001,青葉区,出生,総数,3293
平成13,2001,青葉区,出生,男,1724
平成13,2001,青葉区,出生,女,1569
平成13,2001,青葉区,死亡,総数,1033
平成13,2001,青葉区,死亡,男,605
平成13,2001,青葉区,死亡,女,428
平成13,2001,青葉区,人口増減率,,2.60872
平成13,2001,青葉区,社会増減率,,1.77729
平成13,2001,青葉区,自然増減率,,0.83144
平成13,2001,都筑区,世帯数増減,,2782
平成13,2001,都筑区,人口増減,総数,6271
平成13,2001,都筑区,人口増減,男,3089
平成13,2001,都筑区,人口増減,女,3182
平成13,2001,都筑区,社会増減,総数,4771
平成13,2001,都筑区,社会増減,男,2336
平成13,2001,都筑区,社会増減,女,2435
平成13,2001,都筑区,市外移動_転入,総数,10663
平成13,2001,都筑区,市外移動_転入,男,5679
平成13,2001,都筑区,市外移動_転入,女,4984
平成13,2001,都筑区,市外移動_転出,総数,7101
平成13,2001,都筑区,市外移動_転出,男,3926
平成13,2001,都筑区,市外移動_転出,女,3175
平成13,2001,都筑区,市内移動_転入,総数,5113
平成13,2001,都筑区,市内移動_転入,男,2683
平成13,2001,都筑区,市内移動_転入,女,2430
平成13,2001,都筑区,市内移動_転出,総数,3822
平成13,2001,都筑区,市内移動_転出,男,2044
平成13,2001,都筑区,市内移動_転出,女,1778
平成13,2001,都筑区,その他増減,総数,-82
平成13,2001,都筑区,その他増減,男,-56
平成13,2001,都筑区,その他増減,女,-26
平成13,2001,都筑区,自然増減,総数,1500
平成13,2001,都筑区,自然増減,男,753
平成13,2001,都筑区,自然増減,女,747
平成13,2001,都筑区,出生,総数,2103
平成13,2001,都筑区,出生,男,1083
平成13,2001,都筑区,出生,女,1020
平成13,2001,都筑区,死亡,総数,603
平成13,2001,都筑区,死亡,男,330
平成13,2001,都筑区,死亡,女,273
平成13,2001,都筑区,人口増減率,,4.01544
平成13,2001,都筑区,社会増減率,,3.05497
平成13,2001,都筑区,自然増減率,,0.96048
平成13,2001,戸塚区,世帯数増減,,1518
平成13,2001,戸塚区,人口増減,総数,1654
平成13,2001,戸塚区,人口増減,男,854
平成13,2001,戸塚区,人口増減,女,800
平成13,2001,戸塚区,社会増減,総数,532
平成13,2001,戸塚区,社会増減,男,308
平成13,2001,戸塚区,社会増減,女,224
平成13,2001,戸塚区,市外移動_転入,総数,10704
平成13,2001,戸塚区,市外移動_転入,男,5905
平成13,2001,戸塚区,市外移動_転入,女,4799
平成13,2001,戸塚区,市外移動_転出,総数,9913
平成13,2001,戸塚区,市外移動_転出,男,5451
平成13,2001,戸塚区,市外移動_転出,女,4462
平成13,2001,戸塚区,市内移動_転入,総数,5939
平成13,2001,戸塚区,市内移動_転入,男,3106
平成13,2001,戸塚区,市内移動_転入,女,2833
平成13,2001,戸塚区,市内移動_転出,総数,6213
平成13,2001,戸塚区,市内移動_転出,男,3250
平成13,2001,戸塚区,市内移動_転出,女,2963
平成13,2001,戸塚区,その他増減,総数,15
平成13,2001,戸塚区,その他増減,男,-2
平成13,2001,戸塚区,その他増減,女,17
平成13,2001,戸塚区,自然増減,総数,1122
平成13,2001,戸塚区,自然増減,男,546
平成13,2001,戸塚区,自然増減,女,576
平成13,2001,戸塚区,出生,総数,2482
平成13,2001,戸塚区,出生,男,1300
平成13,2001,戸塚区,出生,女,1182
平成13,2001,戸塚区,死亡,総数,1360
平成13,2001,戸塚区,死亡,男,754
平成13,2001,戸塚区,死亡,女,606
平成13,2001,戸塚区,人口増減率,,0.65865
平成13,2001,戸塚区,社会増減率,,0.21185
平成13,2001,戸塚区,自然増減率,,0.4468
平成13,2001,栄区,世帯数増減,,755
平成13,2001,栄区,人口増減,総数,-193
平成13,2001,栄区,人口増減,男,-43
平成13,2001,栄区,人口増減,女,-150
平成13,2001,栄区,社会増減,総数,-513
平成13,2001,栄区,社会増減,男,-162
平成13,2001,栄区,社会増減,女,-351
平成13,2001,栄区,市外移動_転入,総数,4908
平成13,2001,栄区,市外移動_転入,男,2766
平成13,2001,栄区,市外移動_転入,女,2142
平成13,2001,栄区,市外移動_転出,総数,5113
平成13,2001,栄区,市外移動_転出,男,2818
平成13,2001,栄区,市外移動_転出,女,2295
平成13,2001,栄区,市内移動_転入,総数,2729
平成13,2001,栄区,市内移動_転入,男,1442
平成13,2001,栄区,市内移動_転入,女,1287
平成13,2001,栄区,市内移動_転出,総数,3025
平成13,2001,栄区,市内移動_転出,男,1539
平成13,2001,栄区,市内移動_転出,女,1486
平成13,2001,栄区,その他増減,総数,-12
平成13,2001,栄区,その他増減,男,-13
平成13,2001,栄区,その他増減,女,1
平成13,2001,栄区,自然増減,総数,320
平成13,2001,栄区,自然増減,男,119
平成13,2001,栄区,自然増減,女,201
平成13,2001,栄区,出生,総数,968
平成13,2001,栄区,出生,男,478
平成13,2001,栄区,出生,女,490
平成13,2001,栄区,死亡,総数,648
平成13,2001,栄区,死亡,男,359
平成13,2001,栄区,死亡,女,289
平成13,2001,栄区,人口増減率,,-0.16311
平成13,2001,栄区,社会増減率,,-0.43354
平成13,2001,栄区,自然増減率,,0.27043
平成13,2001,泉区,世帯数増減,,1272
平成13,2001,泉区,人口増減,総数,1535
平成13,2001,泉区,人口増減,男,645
平成13,2001,泉区,人口増減,女,890
平成13,2001,泉区,社会増減,総数,962
平成13,2001,泉区,社会増減,男,415
平成13,2001,泉区,社会増減,女,547
平成13,2001,泉区,市外移動_転入,総数,4642
平成13,2001,泉区,市外移動_転入,男,2417
平成13,2001,泉区,市外移動_転入,女,2225
平成13,2001,泉区,市外移動_転出,総数,4581
平成13,2001,泉区,市外移動_転出,男,2426
平成13,2001,泉区,市外移動_転出,女,2155
平成13,2001,泉区,市内移動_転入,総数,4145
平成13,2001,泉区,市内移動_転入,男,2085
平成13,2001,泉区,市内移動_転入,女,2060
平成13,2001,泉区,市内移動_転出,総数,3178
平成13,2001,泉区,市内移動_転出,男,1596
平成13,2001,泉区,市内移動_転出,女,1582
平成13,2001,泉区,その他増減,総数,-66
平成13,2001,泉区,その他増減,男,-65
平成13,2001,泉区,その他増減,女,-1
平成13,2001,泉区,自然増減,総数,573
平成13,2001,泉区,自然増減,男,230
平成13,2001,泉区,自然増減,女,343
平成13,2001,泉区,出生,総数,1452
平成13,2001,泉区,出生,男,725
平成13,2001,泉区,出生,女,727
平成13,2001,泉区,死亡,総数,879
平成13,2001,泉区,死亡,男,495
平成13,2001,泉区,死亡,女,384
平成13,2001,泉区,人口増減率,,1.03887
平成13,2001,泉区,社会増減率,,0.65107
平成13,2001,泉区,自然増減率,,0.3878
平成13,2001,瀬谷区,世帯数増減,,682
平成13,2001,瀬谷区,人口増減,総数,88
平成13,2001,瀬谷区,人口増減,男,-167
平成13,2001,瀬谷区,人口増減,女,255
平成13,2001,瀬谷区,社会増減,総数,-393
平成13,2001,瀬谷区,社会増減,男,-338
平成13,2001,瀬谷区,社会増減,女,-55
平成13,2001,瀬谷区,市外移動_転入,総数,4058
平成13,2001,瀬谷区,市外移動_転入,男,2148
平成13,2001,瀬谷区,市外移動_転入,女,1910
平成13,2001,瀬谷区,市外移動_転出,総数,4664
平成13,2001,瀬谷区,市外移動_転出,男,2584
平成13,2001,瀬谷区,市外移動_転出,女,2080
平成13,2001,瀬谷区,市内移動_転入,総数,3161
平成13,2001,瀬谷区,市内移動_転入,男,1603
平成13,2001,瀬谷区,市内移動_転入,女,1558
平成13,2001,瀬谷区,市内移動_転出,総数,2912
平成13,2001,瀬谷区,市内移動_転出,男,1464
平成13,2001,瀬谷区,市内移動_転出,女,1448
平成13,2001,瀬谷区,その他増減,総数,-36
平成13,2001,瀬谷区,その他増減,男,-41
平成13,2001,瀬谷区,その他増減,女,5
平成13,2001,瀬谷区,自然増減,総数,481
平成13,2001,瀬谷区,自然増減,男,171
平成13,2001,瀬谷区,自然増減,女,310
平成13,2001,瀬谷区,出生,総数,1259
平成13,2001,瀬谷区,出生,男,640
平成13,2001,瀬谷区,出生,女,619
平成13,2001,瀬谷区,死亡,総数,778
平成13,2001,瀬谷区,死亡,男,469
平成13,2001,瀬谷区,死亡,女,309
平成13,2001,瀬谷区,人口増減率,,0.07218
平成13,2001,瀬谷区,社会増減率,,-0.32233
平成13,2001,瀬谷区,自然増減率,,0.3945
平成14,2002,鶴見区,世帯数増減,,2082
平成14,2002,鶴見区,人口増減,総数,2485
平成14,2002,鶴見区,人口増減,男,1108
平成14,2002,鶴見区,人口増減,女,1377
平成14,2002,鶴見区,社会増減,総数,1669
平成14,2002,鶴見区,社会増減,男,845
平成14,2002,鶴見区,社会増減,女,824
平成14,2002,鶴見区,市外移動_転入,総数,14655
平成14,2002,鶴見区,市外移動_転入,男,8347
平成14,2002,鶴見区,市外移動_転入,女,6308
平成14,2002,鶴見区,市外移動_転出,総数,12528
平成14,2002,鶴見区,市外移動_転出,男,7249
平成14,2002,鶴見区,市外移動_転出,女,5279
平成14,2002,鶴見区,市内移動_転入,総数,4115
平成14,2002,鶴見区,市内移動_転入,男,2198
平成14,2002,鶴見区,市内移動_転入,女,1917
平成14,2002,鶴見区,市内移動_転出,総数,4590
平成14,2002,鶴見区,市内移動_転出,男,2451
平成14,2002,鶴見区,市内移動_転出,女,2139
平成14,2002,鶴見区,その他増減,総数,17
平成14,2002,鶴見区,その他増減,男,0
平成14,2002,鶴見区,その他増減,女,17
平成14,2002,鶴見区,自然増減,総数,816
平成14,2002,鶴見区,自然増減,男,263
平成14,2002,鶴見区,自然増減,女,553
平成14,2002,鶴見区,出生,総数,2632
平成14,2002,鶴見区,出生,男,1286
平成14,2002,鶴見区,出生,女,1346
平成14,2002,鶴見区,死亡,総数,1816
平成14,2002,鶴見区,死亡,男,1023
平成14,2002,鶴見区,死亡,女,793
平成14,2002,鶴見区,人口増減率,,0.97194
平成14,2002,鶴見区,社会増減率,,0.65278
平成14,2002,鶴見区,自然増減率,,0.31916
平成14,2002,神奈川区,世帯数増減,,1591
平成14,2002,神奈川区,人口増減,総数,1463
平成14,2002,神奈川区,人口増減,男,735
平成14,2002,神奈川区,人口増減,女,728
平成14,2002,神奈川区,社会増減,総数,980
平成14,2002,神奈川区,社会増減,男,597
平成14,2002,神奈川区,社会増減,女,383
平成14,2002,神奈川区,市外移動_転入,総数,10906
平成14,2002,神奈川区,市外移動_転入,男,6299
平成14,2002,神奈川区,市外移動_転入,女,4607
平成14,2002,神奈川区,市外移動_転出,総数,9140
平成14,2002,神奈川区,市外移動_転出,男,5231
平成14,2002,神奈川区,市外移動_転出,女,3909
平成14,2002,神奈川区,市内移動_転入,総数,6159
平成14,2002,神奈川区,市内移動_転入,男,3239
平成14,2002,神奈川区,市内移動_転入,女,2920
平成14,2002,神奈川区,市内移動_転出,総数,6987
平成14,2002,神奈川区,市内移動_転出,男,3724
平成14,2002,神奈川区,市内移動_転出,女,3263
平成14,2002,神奈川区,その他増減,総数,42
平成14,2002,神奈川区,その他増減,男,14
平成14,2002,神奈川区,その他増減,女,28
平成14,2002,神奈川区,自然増減,総数,483
平成14,2002,神奈川区,自然増減,男,138
平成14,2002,神奈川区,自然増減,女,345
平成14,2002,神奈川区,出生,総数,2015
平成14,2002,神奈川区,出生,男,1020
平成14,2002,神奈川区,出生,女,995
平成14,2002,神奈川区,死亡,総数,1532
平成14,2002,神奈川区,死亡,男,882
平成14,2002,神奈川区,死亡,女,650
平成14,2002,神奈川区,人口増減率,,0.67955
平成14,2002,神奈川区,社会増減率,,0.4552
平成14,2002,神奈川区,自然増減率,,0.22435
平成14,2002,西区,世帯数増減,,874
平成14,2002,西区,人口増減,総数,811
平成14,2002,西区,人口増減,男,367
平成14,2002,西区,人口増減,女,444
平成14,2002,西区,社会増減,総数,820
平成14,2002,西区,社会増減,男,410
平成14,2002,西区,社会増減,女,410
平成14,2002,西区,市外移動_転入,総数,4507
平成14,2002,西区,市外移動_転入,男,2426
平成14,2002,西区,市外移動_転入,女,2081
平成14,2002,西区,市外移動_転出,総数,3661
平成14,2002,西区,市外移動_転出,男,1988
平成14,2002,西区,市外移動_転出,女,1673
平成14,2002,西区,市内移動_転入,総数,3269
平成14,2002,西区,市内移動_転入,男,1663
平成14,2002,西区,市内移動_転入,女,1606
平成14,2002,西区,市内移動_転出,総数,3305
平成14,2002,西区,市内移動_転出,男,1688
平成14,2002,西区,市内移動_転出,女,1617
平成14,2002,西区,その他増減,総数,10
平成14,2002,西区,その他増減,男,-3
平成14,2002,西区,その他増減,女,13
平成14,2002,西区,自然増減,総数,-9
平成14,2002,西区,自然増減,男,-43
平成14,2002,西区,自然増減,女,34
平成14,2002,西区,出生,総数,685
平成14,2002,西区,出生,男,332
平成14,2002,西区,出生,女,353
平成14,2002,西区,死亡,総数,694
平成14,2002,西区,死亡,男,375
平成14,2002,西区,死亡,女,319
平成14,2002,西区,人口増減率,,1.01797
平成14,2002,西区,社会増減率,,1.02927
平成14,2002,西区,自然増減率,,-0.0113
平成14,2002,中区,世帯数増減,,2266
平成14,2002,中区,人口増減,総数,2774
平成14,2002,中区,人口増減,男,1381
平成14,2002,中区,人口増減,女,1393
平成14,2002,中区,社会増減,総数,2912
平成14,2002,中区,社会増減,男,1618
平成14,2002,中区,社会増減,女,1294
平成14,2002,中区,市外移動_転入,総数,9166
平成14,2002,中区,市外移動_転入,男,4783
平成14,2002,中区,市外移動_転入,女,4383
平成14,2002,中区,市外移動_転出,総数,6642
平成14,2002,中区,市外移動_転出,男,3412
平成14,2002,中区,市外移動_転出,女,3230
平成14,2002,中区,市内移動_転入,総数,4832
平成14,2002,中区,市内移動_転入,男,2616
平成14,2002,中区,市内移動_転入,女,2216
平成14,2002,中区,市内移動_転出,総数,4426
平成14,2002,中区,市内移動_転出,男,2335
平成14,2002,中区,市内移動_転出,女,2091
平成14,2002,中区,その他増減,総数,-18
平成14,2002,中区,その他増減,男,-34
平成14,2002,中区,その他増減,女,16
平成14,2002,中区,自然増減,総数,-138
平成14,2002,中区,自然増減,男,-237
平成14,2002,中区,自然増減,女,99
平成14,2002,中区,出生,総数,1058
平成14,2002,中区,出生,男,504
平成14,2002,中区,出生,女,554
平成14,2002,中区,死亡,総数,1196
平成14,2002,中区,死亡,男,741
平成14,2002,中区,死亡,女,455
平成14,2002,中区,人口増減率,,2.15887
平成14,2002,中区,社会増減率,,2.26627
平成14,2002,中区,自然増減率,,-0.1074
平成14,2002,南区,世帯数増減,,1448
平成14,2002,南区,人口増減,総数,363
平成14,2002,南区,人口増減,男,236
平成14,2002,南区,人口増減,女,127
平成14,2002,南区,社会増減,総数,456
平成14,2002,南区,社会増減,男,354
平成14,2002,南区,社会増減,女,102
平成14,2002,南区,市外移動_転入,総数,7790
平成14,2002,南区,市外移動_転入,男,4083
平成14,2002,南区,市外移動_転入,女,3707
平成14,2002,南区,市外移動_転出,総数,7059
平成14,2002,南区,市外移動_転出,男,3724
平成14,2002,南区,市外移動_転出,女,3335
平成14,2002,南区,市内移動_転入,総数,6135
平成14,2002,南区,市内移動_転入,男,3245
平成14,2002,南区,市内移動_転入,女,2890
平成14,2002,南区,市内移動_転出,総数,6474
平成14,2002,南区,市内移動_転出,男,3273
平成14,2002,南区,市内移動_転出,女,3201
平成14,2002,南区,その他増減,総数,64
平成14,2002,南区,その他増減,男,23
平成14,2002,南区,その他増減,女,41
平成14,2002,南区,自然増減,総数,-93
平成14,2002,南区,自然増減,男,-118
平成14,2002,南区,自然増減,女,25
平成14,2002,南区,出生,総数,1544
平成14,2002,南区,出生,男,805
平成14,2002,南区,出生,女,739
平成14,2002,南区,死亡,総数,1637
平成14,2002,南区,死亡,男,923
平成14,2002,南区,死亡,女,714
平成14,2002,南区,人口増減率,,0.18514
平成14,2002,南区,社会増減率,,0.23257
平成14,2002,南区,自然増減率,,-0.04743
平成14,2002,港南区,世帯数増減,,1165
平成14,2002,港南区,人口増減,総数,68
平成14,2002,港南区,人口増減,男,-67
平成14,2002,港南区,人口増減,女,135
平成14,2002,港南区,社会増減,総数,-649
平成14,2002,港南区,社会増減,男,-329
平成14,2002,港南区,社会増減,女,-320
平成14,2002,港南区,市外移動_転入,総数,7609
平成14,2002,港南区,市外移動_転入,男,4008
平成14,2002,港南区,市外移動_転入,女,3601
平成14,2002,港南区,市外移動_転出,総数,7467
平成14,2002,港南区,市外移動_転出,男,3981
平成14,2002,港南区,市外移動_転出,女,3486
平成14,2002,港南区,市内移動_転入,総数,5692
平成14,2002,港南区,市内移動_転入,男,2908
平成14,2002,港南区,市内移動_転入,女,2784
平成14,2002,港南区,市内移動_転出,総数,6483
平成14,2002,港南区,市内移動_転出,男,3237
平成14,2002,港南区,市内移動_転出,女,3246
平成14,2002,港南区,その他増減,総数,0
平成14,2002,港南区,その他増減,男,-27
平成14,2002,港南区,その他増減,女,27
平成14,2002,港南区,自然増減,総数,717
平成14,2002,港南区,自然増減,男,262
平成14,2002,港南区,自然増減,女,455
平成14,2002,港南区,出生,総数,2015
平成14,2002,港南区,出生,男,1001
平成14,2002,港南区,出生,女,1014
平成14,2002,港南区,死亡,総数,1298
平成14,2002,港南区,死亡,男,739
平成14,2002,港南区,死亡,女,559
平成14,2002,港南区,人口増減率,,0.03049
平成14,2002,港南区,社会増減率,,-0.29103
平成14,2002,港南区,自然増減率,,0.32152
平成14,2002,保土ケ谷区,世帯数増減,,1702
平成14,2002,保土ケ谷区,人口増減,総数,1479
平成14,2002,保土ケ谷区,人口増減,男,591
平成14,2002,保土ケ谷区,人口増減,女,888
平成14,2002,保土ケ谷区,社会増減,総数,1128
平成14,2002,保土ケ谷区,社会増減,男,482
平成14,2002,保土ケ谷区,社会増減,女,646
平成14,2002,保土ケ谷区,市外移動_転入,総数,7977
平成14,2002,保土ケ谷区,市外移動_転入,男,4413
平成14,2002,保土ケ谷区,市外移動_転入,女,3564
平成14,2002,保土ケ谷区,市外移動_転出,総数,7003
平成14,2002,保土ケ谷区,市外移動_転出,男,3988
平成14,2002,保土ケ谷区,市外移動_転出,女,3015
平成14,2002,保土ケ谷区,市内移動_転入,総数,6249
平成14,2002,保土ケ谷区,市内移動_転入,男,3226
平成14,2002,保土ケ谷区,市内移動_転入,女,3023
平成14,2002,保土ケ谷区,市内移動_転出,総数,6129
平成14,2002,保土ケ谷区,市内移動_転出,男,3166
平成14,2002,保土ケ谷区,市内移動_転出,女,2963
平成14,2002,保土ケ谷区,その他増減,総数,34
平成14,2002,保土ケ谷区,その他増減,男,-3
平成14,2002,保土ケ谷区,その他増減,女,37
平成14,2002,保土ケ谷区,自然増減,総数,351
平成14,2002,保土ケ谷区,自然増減,男,109
平成14,2002,保土ケ谷区,自然増減,女,242
平成14,2002,保土ケ谷区,出生,総数,1683
平成14,2002,保土ケ谷区,出生,男,848
平成14,2002,保土ケ谷区,出生,女,835
平成14,2002,保土ケ谷区,死亡,総数,1332
平成14,2002,保土ケ谷区,死亡,男,739
平成14,2002,保土ケ谷区,死亡,女,593
平成14,2002,保土ケ谷区,人口増減率,,0.7272
平成14,2002,保土ケ谷区,社会増減率,,0.55462
平成14,2002,保土ケ谷区,自然増減率,,0.17258
平成14,2002,旭区,世帯数増減,,1872
平成14,2002,旭区,人口増減,総数,932
平成14,2002,旭区,人口増減,男,348
平成14,2002,旭区,人口増減,女,584
平成14,2002,旭区,社会増減,総数,190
平成14,2002,旭区,社会増減,男,41
平成14,2002,旭区,社会増減,女,149
平成14,2002,旭区,市外移動_転入,総数,7998
平成14,2002,旭区,市外移動_転入,男,4309
平成14,2002,旭区,市外移動_転入,女,3689
平成14,2002,旭区,市外移動_転出,総数,7912
平成14,2002,旭区,市外移動_転出,男,4353
平成14,2002,旭区,市外移動_転出,女,3559
平成14,2002,旭区,市内移動_転入,総数,6210
平成14,2002,旭区,市内移動_転入,男,3248
平成14,2002,旭区,市内移動_転入,女,2962
平成14,2002,旭区,市内移動_転出,総数,6124
平成14,2002,旭区,市内移動_転出,男,3164
平成14,2002,旭区,市内移動_転出,女,2960
平成14,2002,旭区,その他増減,総数,18
平成14,2002,旭区,その他増減,男,1
平成14,2002,旭区,その他増減,女,17
平成14,2002,旭区,自然増減,総数,742
平成14,2002,旭区,自然増減,男,307
平成14,2002,旭区,自然増減,女,435
平成14,2002,旭区,出生,総数,2321
平成14,2002,旭区,出生,男,1192
平成14,2002,旭区,出生,女,1129
平成14,2002,旭区,死亡,総数,1579
平成14,2002,旭区,死亡,男,885
平成14,2002,旭区,死亡,女,694
平成14,2002,旭区,人口増減率,,0.36755
平成14,2002,旭区,社会増減率,,0.07493
平成14,2002,旭区,自然増減率,,0.29262
平成14,2002,磯子区,世帯数増減,,820
平成14,2002,磯子区,人口増減,総数,224
平成14,2002,磯子区,人口増減,男,-9
平成14,2002,磯子区,人口増減,女,233
平成14,2002,磯子区,社会増減,総数,-170
平成14,2002,磯子区,社会増減,男,-203
平成14,2002,磯子区,社会増減,女,33
平成14,2002,磯子区,市外移動_転入,総数,6120
平成14,2002,磯子区,市外移動_転入,男,3373
平成14,2002,磯子区,市外移動_転入,女,2747
平成14,2002,磯子区,市外移動_転出,総数,5990
平成14,2002,磯子区,市外移動_転出,男,3381
平成14,2002,磯子区,市外移動_転出,女,2609
平成14,2002,磯子区,市内移動_転入,総数,5124
平成14,2002,磯子区,市内移動_転入,男,2596
平成14,2002,磯子区,市内移動_転入,女,2528
平成14,2002,磯子区,市内移動_転出,総数,5434
平成14,2002,磯子区,市内移動_転出,男,2774
平成14,2002,磯子区,市内移動_転出,女,2660
平成14,2002,磯子区,その他増減,総数,10
平成14,2002,磯子区,その他増減,男,-17
平成14,2002,磯子区,その他増減,女,27
平成14,2002,磯子区,自然増減,総数,394
平成14,2002,磯子区,自然増減,男,194
平成14,2002,磯子区,自然増減,女,200
平成14,2002,磯子区,出生,総数,1510
平成14,2002,磯子区,出生,男,800
平成14,2002,磯子区,出生,女,710
平成14,2002,磯子区,死亡,総数,1116
平成14,2002,磯子区,死亡,男,606
平成14,2002,磯子区,死亡,女,510
平成14,2002,磯子区,人口増減率,,0.13648
平成14,2002,磯子区,社会増減率,,-0.10358
平成14,2002,磯子区,自然増減率,,0.24006
平成14,2002,金沢区,世帯数増減,,1209
平成14,2002,金沢区,人口増減,総数,204
平成14,2002,金沢区,人口増減,男,-47
平成14,2002,金沢区,人口増減,女,251
平成14,2002,金沢区,社会増減,総数,-226
平成14,2002,金沢区,社会増減,男,-182
平成14,2002,金沢区,社会増減,女,-44
平成14,2002,金沢区,市外移動_転入,総数,7858
平成14,2002,金沢区,市外移動_転入,男,4306
平成14,2002,金沢区,市外移動_転入,女,3552
平成14,2002,金沢区,市外移動_転出,総数,7538
平成14,2002,金沢区,市外移動_転出,男,4230
平成14,2002,金沢区,市外移動_転出,女,3308
平成14,2002,金沢区,市内移動_転入,総数,3364
平成14,2002,金沢区,市内移動_転入,男,1734
平成14,2002,金沢区,市内移動_転入,女,1630
平成14,2002,金沢区,市内移動_転出,総数,3903
平成14,2002,金沢区,市内移動_転出,男,1968
平成14,2002,金沢区,市内移動_転出,女,1935
平成14,2002,金沢区,その他増減,総数,-7
平成14,2002,金沢区,その他増減,男,-24
平成14,2002,金沢区,その他増減,女,17
平成14,2002,金沢区,自然増減,総数,430
平成14,2002,金沢区,自然増減,男,135
平成14,2002,金沢区,自然増減,女,295
平成14,2002,金沢区,出生,総数,1673
平成14,2002,金沢区,出生,男,822
平成14,2002,金沢区,出生,女,851
平成14,2002,金沢区,死亡,総数,1243
平成14,2002,金沢区,死亡,男,687
平成14,2002,金沢区,死亡,女,556
平成14,2002,金沢区,人口増減率,,0.09897
平成14,2002,金沢区,社会増減率,,-0.10964
平成14,2002,金沢区,自然増減率,,0.2086
平成14,2002,港北区,世帯数増減,,2760
平成14,2002,港北区,人口増減,総数,2977
平成14,2002,港北区,人口増減,男,1170
平成14,2002,港北区,人口増減,女,1807
平成14,2002,港北区,社会増減,総数,1376
平成14,2002,港北区,社会増減,男,473
平成14,2002,港北区,社会増減,女,903
平成14,2002,港北区,市外移動_転入,総数,19168
平成14,2002,港北区,市外移動_転入,男,10520
平成14,2002,港北区,市外移動_転入,女,8648
平成14,2002,港北区,市外移動_転出,総数,16485
平成14,2002,港北区,市外移動_転出,男,9296
平成14,2002,港北区,市外移動_転出,女,7189
平成14,2002,港北区,市内移動_転入,総数,5739
平成14,2002,港北区,市内移動_転入,男,2948
平成14,2002,港北区,市内移動_転入,女,2791
平成14,2002,港北区,市内移動_転出,総数,7210
平成14,2002,港北区,市内移動_転出,男,3755
平成14,2002,港北区,市内移動_転出,女,3455
平成14,2002,港北区,その他増減,総数,164
平成14,2002,港北区,その他増減,男,56
平成14,2002,港北区,その他増減,女,108
平成14,2002,港北区,自然増減,総数,1601
平成14,2002,港北区,自然増減,男,697
平成14,2002,港北区,自然増減,女,904
平成14,2002,港北区,出生,総数,3154
平成14,2002,港北区,出生,男,1588
平成14,2002,港北区,出生,女,1566
平成14,2002,港北区,死亡,総数,1553
平成14,2002,港北区,死亡,男,891
平成14,2002,港北区,死亡,女,662
平成14,2002,港北区,人口増減率,,0.99686
平成14,2002,港北区,社会増減率,,0.46076
平成14,2002,港北区,自然増減率,,0.5361
平成14,2002,緑区,世帯数増減,,2581
平成14,2002,緑区,人口増減,総数,4550
平成14,2002,緑区,人口増減,男,2291
平成14,2002,緑区,人口増減,女,2259
平成14,2002,緑区,社会増減,総数,3545
平成14,2002,緑区,社会増減,男,1853
平成14,2002,緑区,社会増減,女,1692
平成14,2002,緑区,市外移動_転入,総数,8315
平成14,2002,緑区,市外移動_転入,男,4537
平成14,2002,緑区,市外移動_転入,女,3778
平成14,2002,緑区,市外移動_転出,総数,6628
平成14,2002,緑区,市外移動_転出,男,3645
平成14,2002,緑区,市外移動_転出,女,2983
平成14,2002,緑区,市内移動_転入,総数,5647
平成14,2002,緑区,市内移動_転入,男,2912
平成14,2002,緑区,市内移動_転入,女,2735
平成14,2002,緑区,市内移動_転出,総数,3810
平成14,2002,緑区,市内移動_転出,男,1958
平成14,2002,緑区,市内移動_転出,女,1852
平成14,2002,緑区,その他増減,総数,21
平成14,2002,緑区,その他増減,男,7
平成14,2002,緑区,その他増減,女,14
平成14,2002,緑区,自然増減,総数,1005
平成14,2002,緑区,自然増減,男,438
平成14,2002,緑区,自然増減,女,567
平成14,2002,緑区,出生,総数,1823
平成14,2002,緑区,出生,男,895
平成14,2002,緑区,出生,女,928
平成14,2002,緑区,死亡,総数,818
平成14,2002,緑区,死亡,男,457
平成14,2002,緑区,死亡,女,361
平成14,2002,緑区,人口増減率,,2.8166
平成14,2002,緑区,社会増減率,,2.19448
平成14,2002,緑区,自然増減率,,0.62213
平成14,2002,青葉区,世帯数増減,,2315
平成14,2002,青葉区,人口増減,総数,4149
平成14,2002,青葉区,人口増減,男,1706
平成14,2002,青葉区,人口増減,女,2443
平成14,2002,青葉区,社会増減,総数,1986
平成14,2002,青葉区,社会増減,男,712
平成14,2002,青葉区,社会増減,女,1274
平成14,2002,青葉区,市外移動_転入,総数,20361
平成14,2002,青葉区,市外移動_転入,男,10825
平成14,2002,青葉区,市外移動_転入,女,9536
平成14,2002,青葉区,市外移動_転出,総数,17872
平成14,2002,青葉区,市外移動_転出,男,9776
平成14,2002,青葉区,市外移動_転出,女,8096
平成14,2002,青葉区,市内移動_転入,総数,3808
平成14,2002,青葉区,市内移動_転入,男,1947
平成14,2002,青葉区,市内移動_転入,女,1861
平成14,2002,青葉区,市内移動_転出,総数,4359
平成14,2002,青葉区,市内移動_転出,男,2280
平成14,2002,青葉区,市内移動_転出,女,2079
平成14,2002,青葉区,その他増減,総数,48
平成14,2002,青葉区,その他増減,男,-4
平成14,2002,青葉区,その他増減,女,52
平成14,2002,青葉区,自然増減,総数,2163
平成14,2002,青葉区,自然増減,男,994
平成14,2002,青葉区,自然増減,女,1169
平成14,2002,青葉区,出生,総数,3276
平成14,2002,青葉区,出生,男,1624
平成14,2002,青葉区,出生,女,1652
平成14,2002,青葉区,死亡,総数,1113
平成14,2002,青葉区,死亡,男,630
平成14,2002,青葉区,死亡,女,483
平成14,2002,青葉区,人口増減率,,1.4876
平成14,2002,青葉区,社会増減率,,0.71207
平成14,2002,青葉区,自然増減率,,0.77553
平成14,2002,都筑区,世帯数増減,,1849
平成14,2002,都筑区,人口増減,総数,4199
平成14,2002,都筑区,人口増減,男,1982
平成14,2002,都筑区,人口増減,女,2217
平成14,2002,都筑区,社会増減,総数,2780
平成14,2002,都筑区,社会増減,男,1299
平成14,2002,都筑区,社会増減,女,1481
平成14,2002,都筑区,市外移動_転入,総数,10127
平成14,2002,都筑区,市外移動_転入,男,5461
平成14,2002,都筑区,市外移動_転入,女,4666
平成14,2002,都筑区,市外移動_転出,総数,7732
平成14,2002,都筑区,市外移動_転出,男,4263
平成14,2002,都筑区,市外移動_転出,女,3469
平成14,2002,都筑区,市内移動_転入,総数,4302
平成14,2002,都筑区,市内移動_転入,男,2215
平成14,2002,都筑区,市内移動_転入,女,2087
平成14,2002,都筑区,市内移動_転出,総数,3954
平成14,2002,都筑区,市内移動_転出,男,2115
平成14,2002,都筑区,市内移動_転出,女,1839
平成14,2002,都筑区,その他増減,総数,37
平成14,2002,都筑区,その他増減,男,1
平成14,2002,都筑区,その他増減,女,36
平成14,2002,都筑区,自然増減,総数,1419
平成14,2002,都筑区,自然増減,男,683
平成14,2002,都筑区,自然増減,女,736
平成14,2002,都筑区,出生,総数,2052
平成14,2002,都筑区,出生,男,1040
平成14,2002,都筑区,出生,女,1012
平成14,2002,都筑区,死亡,総数,633
平成14,2002,都筑区,死亡,男,357
平成14,2002,都筑区,死亡,女,276
平成14,2002,都筑区,人口増減率,,2.58529
平成14,2002,都筑区,社会増減率,,1.71162
平成14,2002,都筑区,自然増減率,,0.87367
平成14,2002,戸塚区,世帯数増減,,2657
平成14,2002,戸塚区,人口増減,総数,4376
平成14,2002,戸塚区,人口増減,男,2059
平成14,2002,戸塚区,人口増減,女,2317
平成14,2002,戸塚区,社会増減,総数,3174
平成14,2002,戸塚区,社会増減,男,1527
平成14,2002,戸塚区,社会増減,女,1647
平成14,2002,戸塚区,市外移動_転入,総数,11581
平成14,2002,戸塚区,市外移動_転入,男,6262
平成14,2002,戸塚区,市外移動_転入,女,5319
平成14,2002,戸塚区,市外移動_転出,総数,10029
平成14,2002,戸塚区,市外移動_転出,男,5526
平成14,2002,戸塚区,市外移動_転出,女,4503
平成14,2002,戸塚区,市内移動_転入,総数,7336
平成14,2002,戸塚区,市内移動_転入,男,3779
平成14,2002,戸塚区,市内移動_転入,女,3557
平成14,2002,戸塚区,市内移動_転出,総数,5744
平成14,2002,戸塚区,市内移動_転出,男,2979
平成14,2002,戸塚区,市内移動_転出,女,2765
平成14,2002,戸塚区,その他増減,総数,30
平成14,2002,戸塚区,その他増減,男,-9
平成14,2002,戸塚区,その他増減,女,39
平成14,2002,戸塚区,自然増減,総数,1202
平成14,2002,戸塚区,自然増減,男,532
平成14,2002,戸塚区,自然増減,女,670
平成14,2002,戸塚区,出生,総数,2602
平成14,2002,戸塚区,出生,男,1337
平成14,2002,戸塚区,出生,女,1265
平成14,2002,戸塚区,死亡,総数,1400
平成14,2002,戸塚区,死亡,男,805
平成14,2002,戸塚区,死亡,女,595
平成14,2002,戸塚区,人口増減率,,1.73131
平成14,2002,戸塚区,社会増減率,,1.25575
平成14,2002,戸塚区,自然増減率,,0.47556
平成14,2002,栄区,世帯数増減,,1188
平成14,2002,栄区,人口増減,総数,1193
平成14,2002,栄区,人口増減,男,557
平成14,2002,栄区,人口増減,女,636
平成14,2002,栄区,社会増減,総数,874
平成14,2002,栄区,社会増減,男,426
平成14,2002,栄区,社会増減,女,448
平成14,2002,栄区,市外移動_転入,総数,5432
平成14,2002,栄区,市外移動_転入,男,3095
平成14,2002,栄区,市外移動_転入,女,2337
平成14,2002,栄区,市外移動_転出,総数,4993
平成14,2002,栄区,市外移動_転出,男,2848
平成14,2002,栄区,市外移動_転出,女,2145
平成14,2002,栄区,市内移動_転入,総数,3530
平成14,2002,栄区,市内移動_転入,男,1813
平成14,2002,栄区,市内移動_転入,女,1717
平成14,2002,栄区,市内移動_転出,総数,3061
平成14,2002,栄区,市内移動_転出,男,1603
平成14,2002,栄区,市内移動_転出,女,1458
平成14,2002,栄区,その他増減,総数,-34
平成14,2002,栄区,その他増減,男,-31
平成14,2002,栄区,その他増減,女,-3
平成14,2002,栄区,自然増減,総数,319
平成14,2002,栄区,自然増減,男,131
平成14,2002,栄区,自然増減,女,188
平成14,2002,栄区,出生,総数,991
平成14,2002,栄区,出生,男,509
平成14,2002,栄区,出生,女,482
平成14,2002,栄区,死亡,総数,672
平成14,2002,栄区,死亡,男,378
平成14,2002,栄区,死亡,女,294
平成14,2002,栄区,人口増減率,,1.00979
平成14,2002,栄区,社会増減率,,0.73978
平成14,2002,栄区,自然増減率,,0.27001
平成14,2002,泉区,世帯数増減,,1050
平成14,2002,泉区,人口増減,総数,817
平成14,2002,泉区,人口増減,男,288
平成14,2002,泉区,人口増減,女,529
平成14,2002,泉区,社会増減,総数,278
平成14,2002,泉区,社会増減,男,58
平成14,2002,泉区,社会増減,女,220
平成14,2002,泉区,市外移動_転入,総数,4470
平成14,2002,泉区,市外移動_転入,男,2306
平成14,2002,泉区,市外移動_転入,女,2164
平成14,2002,泉区,市外移動_転出,総数,4402
平成14,2002,泉区,市外移動_転出,男,2311
平成14,2002,泉区,市外移動_転出,女,2091
平成14,2002,泉区,市内移動_転入,総数,3766
平成14,2002,泉区,市内移動_転入,男,1881
平成14,2002,泉区,市内移動_転入,女,1885
平成14,2002,泉区,市内移動_転出,総数,3494
平成14,2002,泉区,市内移動_転出,男,1755
平成14,2002,泉区,市内移動_転出,女,1739
平成14,2002,泉区,その他増減,総数,-62
平成14,2002,泉区,その他増減,男,-63
平成14,2002,泉区,その他増減,女,1
平成14,2002,泉区,自然増減,総数,539
平成14,2002,泉区,自然増減,男,230
平成14,2002,泉区,自然増減,女,309
平成14,2002,泉区,出生,総数,1444
平成14,2002,泉区,出生,男,748
平成14,2002,泉区,出生,女,696
平成14,2002,泉区,死亡,総数,905
平成14,2002,泉区,死亡,男,518
平成14,2002,泉区,死亡,女,387
平成14,2002,泉区,人口増減率,,0.54729
平成14,2002,泉区,社会増減率,,0.18623
平成14,2002,泉区,自然増減率,,0.36106
平成14,2002,瀬谷区,世帯数増減,,1010
平成14,2002,瀬谷区,人口増減,総数,1010
平成14,2002,瀬谷区,人口増減,男,405
平成14,2002,瀬谷区,人口増減,女,605
平成14,2002,瀬谷区,社会増減,総数,545
平成14,2002,瀬谷区,社会増減,男,213
平成14,2002,瀬谷区,社会増減,女,332
平成14,2002,瀬谷区,市外移動_転入,総数,4212
平成14,2002,瀬谷区,市外移動_転入,男,2182
平成14,2002,瀬谷区,市外移動_転入,女,2030
平成14,2002,瀬谷区,市外移動_転出,総数,4095
平成14,2002,瀬谷区,市外移動_転出,男,2165
平成14,2002,瀬谷区,市外移動_転出,女,1930
平成14,2002,瀬谷区,市内移動_転入,総数,3287
平成14,2002,瀬谷区,市内移動_転入,男,1673
平成14,2002,瀬谷区,市内移動_転入,女,1614
平成14,2002,瀬谷区,市内移動_転出,総数,2825
平成14,2002,瀬谷区,市内移動_転出,男,1433
平成14,2002,瀬谷区,市内移動_転出,女,1392
平成14,2002,瀬谷区,その他増減,総数,-34
平成14,2002,瀬谷区,その他増減,男,-44
平成14,2002,瀬谷区,その他増減,女,10
平成14,2002,瀬谷区,自然増減,総数,465
平成14,2002,瀬谷区,自然増減,男,192
平成14,2002,瀬谷区,自然増減,女,273
平成14,2002,瀬谷区,出生,総数,1221
平成14,2002,瀬谷区,出生,男,618
平成14,2002,瀬谷区,出生,女,603
平成14,2002,瀬谷区,死亡,総数,756
平成14,2002,瀬谷区,死亡,男,426
平成14,2002,瀬谷区,死亡,女,330
平成14,2002,瀬谷区,人口増減率,,0.82777
平成14,2002,瀬谷区,社会増減率,,0.44667
平成14,2002,瀬谷区,自然増減率,,0.3811
平成15,2003,鶴見区,世帯数増減,,1757
平成15,2003,鶴見区,人口増減,総数,1620
平成15,2003,鶴見区,人口増減,男,926
平成15,2003,鶴見区,人口増減,女,694
平成15,2003,鶴見区,社会増減,総数,959
平成15,2003,鶴見区,社会増減,男,634
平成15,2003,鶴見区,社会増減,女,325
平成15,2003,鶴見区,市外移動_転入,総数,14134
平成15,2003,鶴見区,市外移動_転入,男,8130
平成15,2003,鶴見区,市外移動_転入,女,6004
平成15,2003,鶴見区,市外移動_転出,総数,12299
平成15,2003,鶴見区,市外移動_転出,男,7014
平成15,2003,鶴見区,市外移動_転出,女,5285
平成15,2003,鶴見区,市内移動_転入,総数,3941
平成15,2003,鶴見区,市内移動_転入,男,2187
平成15,2003,鶴見区,市内移動_転入,女,1754
平成15,2003,鶴見区,市内移動_転出,総数,4754
平成15,2003,鶴見区,市内移動_転出,男,2574
平成15,2003,鶴見区,市内移動_転出,女,2180
平成15,2003,鶴見区,その他増減,総数,-63
平成15,2003,鶴見区,その他増減,男,-95
平成15,2003,鶴見区,その他増減,女,32
平成15,2003,鶴見区,自然増減,総数,661
平成15,2003,鶴見区,自然増減,男,292
平成15,2003,鶴見区,自然増減,女,369
平成15,2003,鶴見区,出生,総数,2541
平成15,2003,鶴見区,出生,男,1336
平成15,2003,鶴見区,出生,女,1205
平成15,2003,鶴見区,死亡,総数,1880
平成15,2003,鶴見区,死亡,男,1044
平成15,2003,鶴見区,死亡,女,836
平成15,2003,鶴見区,人口増減率,,0.63362
平成15,2003,鶴見区,社会増減率,,0.37509
平成15,2003,鶴見区,自然増減率,,0.25853
平成15,2003,神奈川区,世帯数増減,,2327
平成15,2003,神奈川区,人口増減,総数,2869
平成15,2003,神奈川区,人口増減,男,1289
平成15,2003,神奈川区,人口増減,女,1580
平成15,2003,神奈川区,社会増減,総数,2411
平成15,2003,神奈川区,社会増減,男,1084
平成15,2003,神奈川区,社会増減,女,1327
平成15,2003,神奈川区,市外移動_転入,総数,11843
平成15,2003,神奈川区,市外移動_転入,男,6620
平成15,2003,神奈川区,市外移動_転入,女,5223
平成15,2003,神奈川区,市外移動_転出,総数,9469
平成15,2003,神奈川区,市外移動_転出,男,5412
平成15,2003,神奈川区,市外移動_転出,女,4057
平成15,2003,神奈川区,市内移動_転入,総数,7012
平成15,2003,神奈川区,市内移動_転入,男,3631
平成15,2003,神奈川区,市内移動_転入,女,3381
平成15,2003,神奈川区,市内移動_転出,総数,7024
平成15,2003,神奈川区,市内移動_転出,男,3755
平成15,2003,神奈川区,市内移動_転出,女,3269
平成15,2003,神奈川区,その他増減,総数,49
平成15,2003,神奈川区,その他増減,男,0
平成15,2003,神奈川区,その他増減,女,49
平成15,2003,神奈川区,自然増減,総数,458
平成15,2003,神奈川区,自然増減,男,205
平成15,2003,神奈川区,自然増減,女,253
平成15,2003,神奈川区,出生,総数,1920
平成15,2003,神奈川区,出生,男,1026
平成15,2003,神奈川区,出生,女,894
平成15,2003,神奈川区,死亡,総数,1462
平成15,2003,神奈川区,死亡,男,821
平成15,2003,神奈川区,死亡,女,641
平成15,2003,神奈川区,人口増減率,,1.33263
平成15,2003,神奈川区,社会増減率,,1.1199
平成15,2003,神奈川区,自然増減率,,0.21274
平成15,2003,西区,世帯数増減,,1936
平成15,2003,西区,人口増減,総数,2720
平成15,2003,西区,人口増減,男,1354
平成15,2003,西区,人口増減,女,1366
平成15,2003,西区,社会増減,総数,2734
平成15,2003,西区,社会増減,男,1352
平成15,2003,西区,社会増減,女,1382
平成15,2003,西区,市外移動_転入,総数,5472
平成15,2003,西区,市外移動_転入,男,3027
平成15,2003,西区,市外移動_転入,女,2445
平成15,2003,西区,市外移動_転出,総数,3799
平成15,2003,西区,市外移動_転出,男,2156
平成15,2003,西区,市外移動_転出,女,1643
平成15,2003,西区,市内移動_転入,総数,4477
平成15,2003,西区,市内移動_転入,男,2262
平成15,2003,西区,市内移動_転入,女,2215
平成15,2003,西区,市内移動_転出,総数,3420
平成15,2003,西区,市内移動_転出,男,1770
平成15,2003,西区,市内移動_転出,女,1650
平成15,2003,西区,その他増減,総数,4
平成15,2003,西区,その他増減,男,-11
平成15,2003,西区,その他増減,女,15
平成15,2003,西区,自然増減,総数,-14
平成15,2003,西区,自然増減,男,2
平成15,2003,西区,自然増減,女,-16
平成15,2003,西区,出生,総数,696
平成15,2003,西区,出生,男,382
平成15,2003,西区,出生,女,314
平成15,2003,西区,死亡,総数,710
平成15,2003,西区,死亡,男,380
平成15,2003,西区,死亡,女,330
平成15,2003,西区,人口増減率,,3.41417
平成15,2003,西区,社会増減率,,3.43174
平成15,2003,西区,自然増減率,,-0.01757
平成15,2003,中区,世帯数増減,,2436
平成15,2003,中区,人口増減,総数,2855
平成15,2003,中区,人口増減,男,1596
平成15,2003,中区,人口増減,女,1259
平成15,2003,中区,社会増減,総数,3015
平成15,2003,中区,社会増減,男,1844
平成15,2003,中区,社会増減,女,1171
平成15,2003,中区,市外移動_転入,総数,9294
平成15,2003,中区,市外移動_転入,男,4999
平成15,2003,中区,市外移動_転入,女,4295
平成15,2003,中区,市外移動_転出,総数,6991
平成15,2003,中区,市外移動_転出,男,3574
平成15,2003,中区,市外移動_転出,女,3417
平成15,2003,中区,市内移動_転入,総数,5169
平成15,2003,中区,市内移動_転入,男,2761
平成15,2003,中区,市内移動_転入,女,2408
平成15,2003,中区,市内移動_転出,総数,4422
平成15,2003,中区,市内移動_転出,男,2315
平成15,2003,中区,市内移動_転出,女,2107
平成15,2003,中区,その他増減,総数,-35
平成15,2003,中区,その他増減,男,-27
平成15,2003,中区,その他増減,女,-8
平成15,2003,中区,自然増減,総数,-160
平成15,2003,中区,自然増減,男,-248
平成15,2003,中区,自然増減,女,88
平成15,2003,中区,出生,総数,1047
平成15,2003,中区,出生,男,559
平成15,2003,中区,出生,女,488
平成15,2003,中区,死亡,総数,1207
平成15,2003,中区,死亡,男,807
平成15,2003,中区,死亡,女,400
平成15,2003,中区,人口増減率,,2.22191
平成15,2003,中区,社会増減率,,2.34643
平成15,2003,中区,自然増減率,,-0.12452
平成15,2003,南区,世帯数増減,,1609
平成15,2003,南区,人口増減,総数,1090
平成15,2003,南区,人口増減,男,393
平成15,2003,南区,人口増減,女,697
平成15,2003,南区,社会増減,総数,1121
平成15,2003,南区,社会増減,男,556
平成15,2003,南区,社会増減,女,565
平成15,2003,南区,市外移動_転入,総数,8174
平成15,2003,南区,市外移動_転入,男,4172
平成15,2003,南区,市外移動_転入,女,4002
平成15,2003,南区,市外移動_転出,総数,7240
平成15,2003,南区,市外移動_転出,男,3841
平成15,2003,南区,市外移動_転出,女,3399
平成15,2003,南区,市内移動_転入,総数,6746
平成15,2003,南区,市内移動_転入,男,3524
平成15,2003,南区,市内移動_転入,女,3222
平成15,2003,南区,市内移動_転出,総数,6634
平成15,2003,南区,市内移動_転出,男,3341
平成15,2003,南区,市内移動_転出,女,3293
平成15,2003,南区,その他増減,総数,75
平成15,2003,南区,その他増減,男,42
平成15,2003,南区,その他増減,女,33
平成15,2003,南区,自然増減,総数,-31
平成15,2003,南区,自然増減,男,-163
平成15,2003,南区,自然増減,女,132
平成15,2003,南区,出生,総数,1607
平成15,2003,南区,出生,男,782
平成15,2003,南区,出生,女,825
平成15,2003,南区,死亡,総数,1638
平成15,2003,南区,死亡,男,945
平成15,2003,南区,死亡,女,693
平成15,2003,南区,人口増減率,,0.55592
平成15,2003,南区,社会増減率,,0.57173
平成15,2003,南区,自然増減率,,-0.01581
平成15,2003,港南区,世帯数増減,,1232
平成15,2003,港南区,人口増減,総数,31
平成15,2003,港南区,人口増減,男,-78
平成15,2003,港南区,人口増減,女,109
平成15,2003,港南区,社会増減,総数,-718
平成15,2003,港南区,社会増減,男,-386
平成15,2003,港南区,社会増減,女,-332
平成15,2003,港南区,市外移動_転入,総数,7256
平成15,2003,港南区,市外移動_転入,男,3911
平成15,2003,港南区,市外移動_転入,女,3345
平成15,2003,港南区,市外移動_転出,総数,7635
平成15,2003,港南区,市外移動_転出,男,4108
平成15,2003,港南区,市外移動_転出,女,3527
平成15,2003,港南区,市内移動_転入,総数,5845
平成15,2003,港南区,市内移動_転入,男,2971
平成15,2003,港南区,市内移動_転入,女,2874
平成15,2003,港南区,市内移動_転出,総数,6231
平成15,2003,港南区,市内移動_転出,男,3154
平成15,2003,港南区,市内移動_転出,女,3077
平成15,2003,港南区,その他増減,総数,47
平成15,2003,港南区,その他増減,男,-6
平成15,2003,港南区,その他増減,女,53
平成15,2003,港南区,自然増減,総数,749
平成15,2003,港南区,自然増減,男,308
平成15,2003,港南区,自然増減,女,441
平成15,2003,港南区,出生,総数,2032
平成15,2003,港南区,出生,男,1013
平成15,2003,港南区,出生,女,1019
平成15,2003,港南区,死亡,総数,1283
平成15,2003,港南区,死亡,男,705
平成15,2003,港南区,死亡,女,578
平成15,2003,港南区,人口増減率,,0.0139
平成15,2003,港南区,社会増減率,,-0.32197
平成15,2003,港南区,自然増減率,,0.33587
平成15,2003,保土ケ谷区,世帯数増減,,963
平成15,2003,保土ケ谷区,人口増減,総数,414
平成15,2003,保土ケ谷区,人口増減,男,-3
平成15,2003,保土ケ谷区,人口増減,女,417
平成15,2003,保土ケ谷区,社会増減,総数,118
平成15,2003,保土ケ谷区,社会増減,男,-62
平成15,2003,保土ケ谷区,社会増減,女,180
平成15,2003,保土ケ谷区,市外移動_転入,総数,7807
平成15,2003,保土ケ谷区,市外移動_転入,男,4254
平成15,2003,保土ケ谷区,市外移動_転入,女,3553
平成15,2003,保土ケ谷区,市外移動_転出,総数,6994
平成15,2003,保土ケ谷区,市外移動_転出,男,3969
平成15,2003,保土ケ谷区,市外移動_転出,女,3025
平成15,2003,保土ケ谷区,市内移動_転入,総数,5648
平成15,2003,保土ケ谷区,市内移動_転入,男,2931
平成15,2003,保土ケ谷区,市内移動_転入,女,2717
平成15,2003,保土ケ谷区,市内移動_転出,総数,6358
平成15,2003,保土ケ谷区,市内移動_転出,男,3269
平成15,2003,保土ケ谷区,市内移動_転出,女,3089
平成15,2003,保土ケ谷区,その他増減,総数,15
平成15,2003,保土ケ谷区,その他増減,男,-9
平成15,2003,保土ケ谷区,その他増減,女,24
平成15,2003,保土ケ谷区,自然増減,総数,296
平成15,2003,保土ケ谷区,自然増減,男,59
平成15,2003,保土ケ谷区,自然増減,女,237
平成15,2003,保土ケ谷区,出生,総数,1722
平成15,2003,保土ケ谷区,出生,男,872
平成15,2003,保土ケ谷区,出生,女,850
平成15,2003,保土ケ谷区,死亡,総数,1426
平成15,2003,保土ケ谷区,死亡,男,813
平成15,2003,保土ケ谷区,死亡,女,613
平成15,2003,保土ケ谷区,人口増減率,,0.20356
平成15,2003,保土ケ谷区,社会増減率,,0.05802
平成15,2003,保土ケ谷区,自然増減率,,0.14554
平成15,2003,旭区,世帯数増減,,1037
平成15,2003,旭区,人口増減,総数,-343
平成15,2003,旭区,人口増減,男,-360
平成15,2003,旭区,人口増減,女,17
平成15,2003,旭区,社会増減,総数,-869
平成15,2003,旭区,社会増減,男,-556
平成15,2003,旭区,社会増減,女,-313
平成15,2003,旭区,市外移動_転入,総数,7687
平成15,2003,旭区,市外移動_転入,男,4149
平成15,2003,旭区,市外移動_転入,女,3538
平成15,2003,旭区,市外移動_転出,総数,7835
平成15,2003,旭区,市外移動_転出,男,4307
平成15,2003,旭区,市外移動_転出,女,3528
平成15,2003,旭区,市内移動_転入,総数,5908
平成15,2003,旭区,市内移動_転入,男,3070
平成15,2003,旭区,市内移動_転入,女,2838
平成15,2003,旭区,市内移動_転出,総数,6628
平成15,2003,旭区,市内移動_転出,男,3449
平成15,2003,旭区,市内移動_転出,女,3179
平成15,2003,旭区,その他増減,総数,-1
平成15,2003,旭区,その他増減,男,-19
平成15,2003,旭区,その他増減,女,18
平成15,2003,旭区,自然増減,総数,526
平成15,2003,旭区,自然増減,男,196
平成15,2003,旭区,自然増減,女,330
平成15,2003,旭区,出生,総数,2160
平成15,2003,旭区,出生,男,1129
平成15,2003,旭区,出生,女,1031
平成15,2003,旭区,死亡,総数,1634
平成15,2003,旭区,死亡,男,933
平成15,2003,旭区,死亡,女,701
平成15,2003,旭区,人口増減率,,-0.13527
平成15,2003,旭区,社会増減率,,-0.34271
平成15,2003,旭区,自然増減率,,0.20744
平成15,2003,磯子区,世帯数増減,,297
平成15,2003,磯子区,人口増減,総数,-528
平成15,2003,磯子区,人口増減,男,-406
平成15,2003,磯子区,人口増減,女,-122
平成15,2003,磯子区,社会増減,総数,-945
平成15,2003,磯子区,社会増減,男,-558
平成15,2003,磯子区,社会増減,女,-387
平成15,2003,磯子区,市外移動_転入,総数,5775
平成15,2003,磯子区,市外移動_転入,男,3068
平成15,2003,磯子区,市外移動_転入,女,2707
平成15,2003,磯子区,市外移動_転出,総数,6244
平成15,2003,磯子区,市外移動_転出,男,3382
平成15,2003,磯子区,市外移動_転出,女,2862
平成15,2003,磯子区,市内移動_転入,総数,4907
平成15,2003,磯子区,市内移動_転入,男,2524
平成15,2003,磯子区,市内移動_転入,女,2383
平成15,2003,磯子区,市内移動_転出,総数,5355
平成15,2003,磯子区,市内移動_転出,男,2724
平成15,2003,磯子区,市内移動_転出,女,2631
平成15,2003,磯子区,その他増減,総数,-28
平成15,2003,磯子区,その他増減,男,-44
平成15,2003,磯子区,その他増減,女,16
平成15,2003,磯子区,自然増減,総数,417
平成15,2003,磯子区,自然増減,男,152
平成15,2003,磯子区,自然増減,女,265
平成15,2003,磯子区,出生,総数,1508
平成15,2003,磯子区,出生,男,762
平成15,2003,磯子区,出生,女,746
平成15,2003,磯子区,死亡,総数,1091
平成15,2003,磯子区,死亡,男,610
平成15,2003,磯子区,死亡,女,481
平成15,2003,磯子区,人口増減率,,-0.32171
平成15,2003,磯子区,社会増減率,,-0.57579
平成15,2003,磯子区,自然増減率,,0.25408
平成15,2003,金沢区,世帯数増減,,774
平成15,2003,金沢区,人口増減,総数,-211
平成15,2003,金沢区,人口増減,男,-154
平成15,2003,金沢区,人口増減,女,-57
平成15,2003,金沢区,社会増減,総数,-544
平成15,2003,金沢区,社会増減,男,-245
平成15,2003,金沢区,社会増減,女,-299
平成15,2003,金沢区,市外移動_転入,総数,7616
平成15,2003,金沢区,市外移動_転入,男,4200
平成15,2003,金沢区,市外移動_転入,女,3416
平成15,2003,金沢区,市外移動_転出,総数,7788
平成15,2003,金沢区,市外移動_転出,男,4262
平成15,2003,金沢区,市外移動_転出,女,3526
平成15,2003,金沢区,市内移動_転入,総数,3271
平成15,2003,金沢区,市内移動_転入,男,1686
平成15,2003,金沢区,市内移動_転入,女,1585
平成15,2003,金沢区,市内移動_転出,総数,3654
平成15,2003,金沢区,市内移動_転出,男,1861
平成15,2003,金沢区,市内移動_転出,女,1793
平成15,2003,金沢区,その他増減,総数,11
平成15,2003,金沢区,その他増減,男,-8
平成15,2003,金沢区,その他増減,女,19
平成15,2003,金沢区,自然増減,総数,333
平成15,2003,金沢区,自然増減,男,91
平成15,2003,金沢区,自然増減,女,242
平成15,2003,金沢区,出生,総数,1640
平成15,2003,金沢区,出生,男,824
平成15,2003,金沢区,出生,女,816
平成15,2003,金沢区,死亡,総数,1307
平成15,2003,金沢区,死亡,男,733
平成15,2003,金沢区,死亡,女,574
平成15,2003,金沢区,人口増減率,,-0.10236
平成15,2003,金沢区,社会増減率,,-0.26391
平成15,2003,金沢区,自然増減率,,0.16155
平成15,2003,港北区,世帯数増減,,2377
平成15,2003,港北区,人口増減,総数,3478
平成15,2003,港北区,人口増減,男,1390
平成15,2003,港北区,人口増減,女,2088
平成15,2003,港北区,社会増減,総数,1889
平成15,2003,港北区,社会増減,男,658
平成15,2003,港北区,社会増減,女,1231
平成15,2003,港北区,市外移動_転入,総数,19527
平成15,2003,港北区,市外移動_転入,男,10505
平成15,2003,港北区,市外移動_転入,女,9022
平成15,2003,港北区,市外移動_転出,総数,16972
平成15,2003,港北区,市外移動_転出,男,9468
平成15,2003,港北区,市外移動_転出,女,7504
平成15,2003,港北区,市内移動_転入,総数,6447
平成15,2003,港北区,市内移動_転入,男,3367
平成15,2003,港北区,市内移動_転入,女,3080
平成15,2003,港北区,市内移動_転出,総数,7320
平成15,2003,港北区,市内移動_転出,男,3852
平成15,2003,港北区,市内移動_転出,女,3468
平成15,2003,港北区,その他増減,総数,207
平成15,2003,港北区,その他増減,男,106
平成15,2003,港北区,その他増減,女,101
平成15,2003,港北区,自然増減,総数,1589
平成15,2003,港北区,自然増減,男,732
平成15,2003,港北区,自然増減,女,857
平成15,2003,港北区,出生,総数,3139
平成15,2003,港北区,出生,男,1627
平成15,2003,港北区,出生,女,1512
平成15,2003,港北区,死亡,総数,1550
平成15,2003,港北区,死亡,男,895
平成15,2003,港北区,死亡,女,655
平成15,2003,港北区,人口増減率,,1.16462
平成15,2003,港北区,社会増減率,,0.63254
平成15,2003,港北区,自然増減率,,0.53208
平成15,2003,緑区,世帯数増減,,1562
平成15,2003,緑区,人口増減,総数,2307
平成15,2003,緑区,人口増減,男,989
平成15,2003,緑区,人口増減,女,1318
平成15,2003,緑区,社会増減,総数,1379
平成15,2003,緑区,社会増減,男,527
平成15,2003,緑区,社会増減,女,852
平成15,2003,緑区,市外移動_転入,総数,7314
平成15,2003,緑区,市外移動_転入,男,3825
平成15,2003,緑区,市外移動_転入,女,3489
平成15,2003,緑区,市外移動_転出,総数,7194
平成15,2003,緑区,市外移動_転出,男,3928
平成15,2003,緑区,市外移動_転出,女,3266
平成15,2003,緑区,市内移動_転入,総数,5326
平成15,2003,緑区,市内移動_転入,男,2747
平成15,2003,緑区,市内移動_転入,女,2579
平成15,2003,緑区,市内移動_転出,総数,3987
平成15,2003,緑区,市内移動_転出,男,2031
平成15,2003,緑区,市内移動_転出,女,1956
平成15,2003,緑区,その他増減,総数,-80
平成15,2003,緑区,その他増減,男,-86
平成15,2003,緑区,その他増減,女,6
平成15,2003,緑区,自然増減,総数,928
平成15,2003,緑区,自然増減,男,462
平成15,2003,緑区,自然増減,女,466
平成15,2003,緑区,出生,総数,1786
平成15,2003,緑区,出生,男,936
平成15,2003,緑区,出生,女,850
平成15,2003,緑区,死亡,総数,858
平成15,2003,緑区,死亡,男,474
平成15,2003,緑区,死亡,女,384
平成15,2003,緑区,人口増減率,,1.42811
平成15,2003,緑区,社会増減率,,0.85365
平成15,2003,緑区,自然増減率,,0.57446
平成15,2003,青葉区,世帯数増減,,2236
平成15,2003,青葉区,人口増減,総数,3894
平成15,2003,青葉区,人口増減,男,1538
平成15,2003,青葉区,人口増減,女,2356
平成15,2003,青葉区,社会増減,総数,2067
平成15,2003,青葉区,社会増減,男,661
平成15,2003,青葉区,社会増減,女,1406
平成15,2003,青葉区,市外移動_転入,総数,20613
平成15,2003,青葉区,市外移動_転入,男,10897
平成15,2003,青葉区,市外移動_転入,女,9716
平成15,2003,青葉区,市外移動_転出,総数,17996
平成15,2003,青葉区,市外移動_転出,男,9867
平成15,2003,青葉区,市外移動_転出,女,8129
平成15,2003,青葉区,市内移動_転入,総数,4141
平成15,2003,青葉区,市内移動_転入,男,2137
平成15,2003,青葉区,市内移動_転入,女,2004
平成15,2003,青葉区,市内移動_転出,総数,4710
平成15,2003,青葉区,市内移動_転出,男,2447
平成15,2003,青葉区,市内移動_転出,女,2263
平成15,2003,青葉区,その他増減,総数,19
平成15,2003,青葉区,その他増減,男,-59
平成15,2003,青葉区,その他増減,女,78
平成15,2003,青葉区,自然増減,総数,1827
平成15,2003,青葉区,自然増減,男,877
平成15,2003,青葉区,自然増減,女,950
平成15,2003,青葉区,出生,総数,3043
平成15,2003,青葉区,出生,男,1562
平成15,2003,青葉区,出生,女,1481
平成15,2003,青葉区,死亡,総数,1216
平成15,2003,青葉区,死亡,男,685
平成15,2003,青葉区,死亡,女,531
平成15,2003,青葉区,人口増減率,,1.39617
平成15,2003,青葉区,社会増減率,,0.74111
平成15,2003,青葉区,自然増減率,,0.65506
平成15,2003,都筑区,世帯数増減,,2126
平成15,2003,都筑区,人口増減,総数,4811
平成15,2003,都筑区,人口増減,男,2362
平成15,2003,都筑区,人口増減,女,2449
平成15,2003,都筑区,社会増減,総数,3328
平成15,2003,都筑区,社会増減,男,1677
平成15,2003,都筑区,社会増減,女,1651
平成15,2003,都筑区,市外移動_転入,総数,10469
平成15,2003,都筑区,市外移動_転入,男,5578
平成15,2003,都筑区,市外移動_転入,女,4891
平成15,2003,都筑区,市外移動_転出,総数,7882
平成15,2003,都筑区,市外移動_転出,男,4254
平成15,2003,都筑区,市外移動_転出,女,3628
平成15,2003,都筑区,市内移動_転入,総数,4611
平成15,2003,都筑区,市内移動_転入,男,2393
平成15,2003,都筑区,市内移動_転入,女,2218
平成15,2003,都筑区,市内移動_転出,総数,3912
平成15,2003,都筑区,市内移動_転出,男,2055
平成15,2003,都筑区,市内移動_転出,女,1857
平成15,2003,都筑区,その他増減,総数,42
平成15,2003,都筑区,その他増減,男,15
平成15,2003,都筑区,その他増減,女,27
平成15,2003,都筑区,自然増減,総数,1483
平成15,2003,都筑区,自然増減,男,685
平成15,2003,都筑区,自然増減,女,798
平成15,2003,都筑区,出生,総数,2124
平成15,2003,都筑区,出生,男,1058
平成15,2003,都筑区,出生,女,1066
平成15,2003,都筑区,死亡,総数,641
平成15,2003,都筑区,死亡,男,373
平成15,2003,都筑区,死亡,女,268
平成15,2003,都筑区,人口増減率,,2.96209
平成15,2003,都筑区,社会増減率,,2.04902
平成15,2003,都筑区,自然増減率,,0.91307
平成15,2003,戸塚区,世帯数増減,,1453
平成15,2003,戸塚区,人口増減,総数,923
平成15,2003,戸塚区,人口増減,男,267
平成15,2003,戸塚区,人口増減,女,656
平成15,2003,戸塚区,社会増減,総数,-99
平成15,2003,戸塚区,社会増減,男,-218
平成15,2003,戸塚区,社会増減,女,119
平成15,2003,戸塚区,市外移動_転入,総数,10303
平成15,2003,戸塚区,市外移動_転入,男,5510
平成15,2003,戸塚区,市外移動_転入,女,4793
平成15,2003,戸塚区,市外移動_転出,総数,9899
平成15,2003,戸塚区,市外移動_転出,男,5459
平成15,2003,戸塚区,市外移動_転出,女,4440
平成15,2003,戸塚区,市内移動_転入,総数,5468
平成15,2003,戸塚区,市内移動_転入,男,2826
平成15,2003,戸塚区,市内移動_転入,女,2642
平成15,2003,戸塚区,市内移動_転出,総数,6050
平成15,2003,戸塚区,市内移動_転出,男,3131
平成15,2003,戸塚区,市内移動_転出,女,2919
平成15,2003,戸塚区,その他増減,総数,79
平成15,2003,戸塚区,その他増減,男,36
平成15,2003,戸塚区,その他増減,女,43
平成15,2003,戸塚区,自然増減,総数,1022
平成15,2003,戸塚区,自然増減,男,485
平成15,2003,戸塚区,自然増減,女,537
平成15,2003,戸塚区,出生,総数,2490
平成15,2003,戸塚区,出生,男,1298
平成15,2003,戸塚区,出生,女,1192
平成15,2003,戸塚区,死亡,総数,1468
平成15,2003,戸塚区,死亡,男,813
平成15,2003,戸塚区,死亡,女,655
平成15,2003,戸塚区,人口増減率,,0.36517
平成15,2003,戸塚区,社会増減率,,-0.03917
平成15,2003,戸塚区,自然増減率,,0.40434
平成15,2003,栄区,世帯数増減,,1231
平成15,2003,栄区,人口増減,総数,1079
平成15,2003,栄区,人口増減,男,596
平成15,2003,栄区,人口増減,女,483
平成15,2003,栄区,社会増減,総数,714
平成15,2003,栄区,社会増減,男,423
平成15,2003,栄区,社会増減,女,291
平成15,2003,栄区,市外移動_転入,総数,5407
平成15,2003,栄区,市外移動_転入,男,3097
平成15,2003,栄区,市外移動_転入,女,2310
平成15,2003,栄区,市外移動_転出,総数,4909
平成15,2003,栄区,市外移動_転出,男,2770
平成15,2003,栄区,市外移動_転出,女,2139
平成15,2003,栄区,市内移動_転入,総数,3209
平成15,2003,栄区,市内移動_転入,男,1714
平成15,2003,栄区,市内移動_転入,女,1495
平成15,2003,栄区,市内移動_転出,総数,2961
平成15,2003,栄区,市内移動_転出,男,1584
平成15,2003,栄区,市内移動_転出,女,1377
平成15,2003,栄区,その他増減,総数,-32
平成15,2003,栄区,その他増減,男,-34
平成15,2003,栄区,その他増減,女,2
平成15,2003,栄区,自然増減,総数,365
平成15,2003,栄区,自然増減,男,173
平成15,2003,栄区,自然増減,女,192
平成15,2003,栄区,出生,総数,1050
平成15,2003,栄区,出生,男,544
平成15,2003,栄区,出生,女,506
平成15,2003,栄区,死亡,総数,685
平成15,2003,栄区,死亡,男,371
平成15,2003,栄区,死亡,女,314
平成15,2003,栄区,人口増減率,,0.9133
平成15,2003,栄区,社会増減率,,0.60435
平成15,2003,栄区,自然増減率,,0.30895
平成15,2003,泉区,世帯数増減,,1124
平成15,2003,泉区,人口増減,総数,1152
平成15,2003,泉区,人口増減,男,433
平成15,2003,泉区,人口増減,女,719
平成15,2003,泉区,社会増減,総数,583
平成15,2003,泉区,社会増減,男,207
平成15,2003,泉区,社会増減,女,376
平成15,2003,泉区,市外移動_転入,総数,4493
平成15,2003,泉区,市外移動_転入,男,2293
平成15,2003,泉区,市外移動_転入,女,2200
平成15,2003,泉区,市外移動_転出,総数,4489
平成15,2003,泉区,市外移動_転出,男,2344
平成15,2003,泉区,市外移動_転出,女,2145
平成15,2003,泉区,市内移動_転入,総数,3728
平成15,2003,泉区,市内移動_転入,男,1897
平成15,2003,泉区,市内移動_転入,女,1831
平成15,2003,泉区,市内移動_転出,総数,3145
平成15,2003,泉区,市内移動_転出,男,1624
平成15,2003,泉区,市内移動_転出,女,1521
平成15,2003,泉区,その他増減,総数,-4
平成15,2003,泉区,その他増減,男,-15
平成15,2003,泉区,その他増減,女,11
平成15,2003,泉区,自然増減,総数,569
平成15,2003,泉区,自然増減,男,226
平成15,2003,泉区,自然増減,女,343
平成15,2003,泉区,出生,総数,1484
平成15,2003,泉区,出生,男,757
平成15,2003,泉区,出生,女,727
平成15,2003,泉区,死亡,総数,915
平成15,2003,泉区,死亡,男,531
平成15,2003,泉区,死亡,女,384
平成15,2003,泉区,人口増減率,,0.7717
平成15,2003,泉区,社会増減率,,0.39054
平成15,2003,泉区,自然増減率,,0.38116
平成15,2003,瀬谷区,世帯数増減,,1020
平成15,2003,瀬谷区,人口増減,総数,1348
平成15,2003,瀬谷区,人口増減,男,508
平成15,2003,瀬谷区,人口増減,女,840
平成15,2003,瀬谷区,社会増減,総数,843
平成15,2003,瀬谷区,社会増減,男,321
平成15,2003,瀬谷区,社会増減,女,522
平成15,2003,瀬谷区,市外移動_転入,総数,4464
平成15,2003,瀬谷区,市外移動_転入,男,2262
平成15,2003,瀬谷区,市外移動_転入,女,2202
平成15,2003,瀬谷区,市外移動_転出,総数,4558
平成15,2003,瀬谷区,市外移動_転出,男,2388
平成15,2003,瀬谷区,市外移動_転出,女,2170
平成15,2003,瀬谷区,市内移動_転入,総数,3635
平成15,2003,瀬谷区,市内移動_転入,男,1865
平成15,2003,瀬谷区,市内移動_転入,女,1770
平成15,2003,瀬谷区,市内移動_転出,総数,2672
平成15,2003,瀬谷区,市内移動_転出,男,1381
平成15,2003,瀬谷区,市内移動_転出,女,1291
平成15,2003,瀬谷区,その他増減,総数,-26
平成15,2003,瀬谷区,その他増減,男,-37
平成15,2003,瀬谷区,その他増減,女,11
平成15,2003,瀬谷区,自然増減,総数,505
平成15,2003,瀬谷区,自然増減,男,187
平成15,2003,瀬谷区,自然増減,女,318
平成15,2003,瀬谷区,出生,総数,1282
平成15,2003,瀬谷区,出生,男,637
平成15,2003,瀬谷区,出生,女,645
平成15,2003,瀬谷区,死亡,総数,777
平成15,2003,瀬谷区,死亡,男,450
平成15,2003,瀬谷区,死亡,女,327
平成15,2003,瀬谷区,人口増減率,,1.10478
平成15,2003,瀬谷区,社会増減率,,0.6909
平成15,2003,瀬谷区,自然増減率,,0.41388
平成16,2004,鶴見区,世帯数増減,,2229
平成16,2004,鶴見区,人口増減,総数,3886
平成16,2004,鶴見区,人口増減,男,1835
平成16,2004,鶴見区,人口増減,女,2051
平成16,2004,鶴見区,社会増減,総数,3081
平成16,2004,鶴見区,社会増減,男,1542
平成16,2004,鶴見区,社会増減,女,1539
平成16,2004,鶴見区,市外移動_転入,総数,15215
平成16,2004,鶴見区,市外移動_転入,男,8573
平成16,2004,鶴見区,市外移動_転入,女,6642
平成16,2004,鶴見区,市外移動_転出,総数,12417
平成16,2004,鶴見区,市外移動_転出,男,7155
平成16,2004,鶴見区,市外移動_転出,女,5262
平成16,2004,鶴見区,市内移動_転入,総数,4561
平成16,2004,鶴見区,市内移動_転入,男,2443
平成16,2004,鶴見区,市内移動_転入,女,2118
平成16,2004,鶴見区,市内移動_転出,総数,4261
平成16,2004,鶴見区,市内移動_転出,男,2275
平成16,2004,鶴見区,市内移動_転出,女,1986
平成16,2004,鶴見区,その他増減,総数,-17
平成16,2004,鶴見区,その他増減,男,-44
平成16,2004,鶴見区,その他増減,女,27
平成16,2004,鶴見区,自然増減,総数,805
平成16,2004,鶴見区,自然増減,男,293
平成16,2004,鶴見区,自然増減,女,512
平成16,2004,鶴見区,出生,総数,2687
平成16,2004,鶴見区,出生,男,1363
平成16,2004,鶴見区,出生,女,1324
平成16,2004,鶴見区,死亡,総数,1882
平成16,2004,鶴見区,死亡,男,1070
平成16,2004,鶴見区,死亡,女,812
平成16,2004,鶴見区,人口増減率,,1.5199
平成16,2004,鶴見区,社会増減率,,1.20505
平成16,2004,鶴見区,自然増減率,,0.31485
平成16,2004,神奈川区,世帯数増減,,1629
平成16,2004,神奈川区,人口増減,総数,1579
平成16,2004,神奈川区,人口増減,男,691
平成16,2004,神奈川区,人口増減,女,888
平成16,2004,神奈川区,社会増減,総数,1133
平成16,2004,神奈川区,社会増減,男,563
平成16,2004,神奈川区,社会増減,女,570
平成16,2004,神奈川区,市外移動_転入,総数,10956
平成16,2004,神奈川区,市外移動_転入,男,6240
平成16,2004,神奈川区,市外移動_転入,女,4716
平成16,2004,神奈川区,市外移動_転出,総数,9491
平成16,2004,神奈川区,市外移動_転出,男,5411
平成16,2004,神奈川区,市外移動_転出,女,4080
平成16,2004,神奈川区,市内移動_転入,総数,6442
平成16,2004,神奈川区,市内移動_転入,男,3346
平成16,2004,神奈川区,市内移動_転入,女,3096
平成16,2004,神奈川区,市内移動_転出,総数,6823
平成16,2004,神奈川区,市内移動_転出,男,3624
平成16,2004,神奈川区,市内移動_転出,女,3199
平成16,2004,神奈川区,その他増減,総数,49
平成16,2004,神奈川区,その他増減,男,12
平成16,2004,神奈川区,その他増減,女,37
平成16,2004,神奈川区,自然増減,総数,446
平成16,2004,神奈川区,自然増減,男,128
平成16,2004,神奈川区,自然増減,女,318
平成16,2004,神奈川区,出生,総数,2003
平成16,2004,神奈川区,出生,男,997
平成16,2004,神奈川区,出生,女,1006
平成16,2004,神奈川区,死亡,総数,1557
平成16,2004,神奈川区,死亡,男,869
平成16,2004,神奈川区,死亡,女,688
平成16,2004,神奈川区,人口増減率,,0.73344
平成16,2004,神奈川区,社会増減率,,0.52627
平成16,2004,神奈川区,自然増減率,,0.20716
平成16,2004,西区,世帯数増減,,678
平成16,2004,西区,人口増減,総数,404
平成16,2004,西区,人口増減,男,224
平成16,2004,西区,人口増減,女,180
平成16,2004,西区,社会増減,総数,373
平成16,2004,西区,社会増減,男,221
平成16,2004,西区,社会増減,女,152
平成16,2004,西区,市外移動_転入,総数,4601
平成16,2004,西区,市外移動_転入,男,2542
平成16,2004,西区,市外移動_転入,女,2059
平成16,2004,西区,市外移動_転出,総数,3979
平成16,2004,西区,市外移動_転出,男,2211
平成16,2004,西区,市外移動_転出,女,1768
平成16,2004,西区,市内移動_転入,総数,3044
平成16,2004,西区,市内移動_転入,男,1591
平成16,2004,西区,市内移動_転入,女,1453
平成16,2004,西区,市内移動_転出,総数,3306
平成16,2004,西区,市内移動_転出,男,1708
平成16,2004,西区,市内移動_転出,女,1598
平成16,2004,西区,その他増減,総数,13
平成16,2004,西区,その他増減,男,7
平成16,2004,西区,その他増減,女,6
平成16,2004,西区,自然増減,総数,31
平成16,2004,西区,自然増減,男,3
平成16,2004,西区,自然増減,女,28
平成16,2004,西区,出生,総数,712
平成16,2004,西区,出生,男,365
平成16,2004,西区,出生,女,347
平成16,2004,西区,死亡,総数,681
平成16,2004,西区,死亡,男,362
平成16,2004,西区,死亡,女,319
平成16,2004,西区,人口増減率,,0.5071
平成16,2004,西区,社会増減率,,0.46819
平成16,2004,西区,自然増減率,,0.03891
平成16,2004,中区,世帯数増減,,2704
平成16,2004,中区,人口増減,総数,3366
平成16,2004,中区,人口増減,男,1663
平成16,2004,中区,人口増減,女,1703
平成16,2004,中区,社会増減,総数,3545
平成16,2004,中区,社会増減,男,1940
平成16,2004,中区,社会増減,女,1605
平成16,2004,中区,市外移動_転入,総数,9910
平成16,2004,中区,市外移動_転入,男,5291
平成16,2004,中区,市外移動_転入,女,4619
平成16,2004,中区,市外移動_転出,総数,7374
平成16,2004,中区,市外移動_転出,男,3892
平成16,2004,中区,市外移動_転出,女,3482
平成16,2004,中区,市内移動_転入,総数,5378
平成16,2004,中区,市内移動_転入,男,2892
平成16,2004,中区,市内移動_転入,女,2486
平成16,2004,中区,市内移動_転出,総数,4370
平成16,2004,中区,市内移動_転出,男,2328
平成16,2004,中区,市内移動_転出,女,2042
平成16,2004,中区,その他増減,総数,1
平成16,2004,中区,その他増減,男,-23
平成16,2004,中区,その他増減,女,24
平成16,2004,中区,自然増減,総数,-179
平成16,2004,中区,自然増減,男,-277
平成16,2004,中区,自然増減,女,98
平成16,2004,中区,出生,総数,1064
平成16,2004,中区,出生,男,542
平成16,2004,中区,出生,女,522
平成16,2004,中区,死亡,総数,1243
平成16,2004,中区,死亡,男,819
平成16,2004,中区,死亡,女,424
平成16,2004,中区,人口増減率,,2.6196
平成16,2004,中区,社会増減率,,2.75891
平成16,2004,中区,自然増減率,,-0.13931
平成16,2004,南区,世帯数増減,,801
平成16,2004,南区,人口増減,総数,-378
平成16,2004,南区,人口増減,男,-258
平成16,2004,南区,人口増減,女,-120
平成16,2004,南区,社会増減,総数,-177
平成16,2004,南区,社会増減,男,-63
平成16,2004,南区,社会増減,女,-114
平成16,2004,南区,市外移動_転入,総数,7306
平成16,2004,南区,市外移動_転入,男,3795
平成16,2004,南区,市外移動_転入,女,3511
平成16,2004,南区,市外移動_転出,総数,7135
平成16,2004,南区,市外移動_転出,男,3799
平成16,2004,南区,市外移動_転出,女,3336
平成16,2004,南区,市内移動_転入,総数,5958
平成16,2004,南区,市内移動_転入,男,3184
平成16,2004,南区,市内移動_転入,女,2774
平成16,2004,南区,市内移動_転出,総数,6381
平成16,2004,南区,市内移動_転出,男,3268
平成16,2004,南区,市内移動_転出,女,3113
平成16,2004,南区,その他増減,総数,75
平成16,2004,南区,その他増減,男,25
平成16,2004,南区,その他増減,女,50
平成16,2004,南区,自然増減,総数,-201
平成16,2004,南区,自然増減,男,-195
平成16,2004,南区,自然増減,女,-6
平成16,2004,南区,出生,総数,1464
平成16,2004,南区,出生,男,767
平成16,2004,南区,出生,女,697
平成16,2004,南区,死亡,総数,1665
平成16,2004,南区,死亡,男,962
平成16,2004,南区,死亡,女,703
平成16,2004,南区,人口増減率,,-0.19279
平成16,2004,南区,社会増減率,,-0.09027
平成16,2004,南区,自然増減率,,-0.10251
平成16,2004,港南区,世帯数増減,,1220
平成16,2004,港南区,人口増減,総数,39
平成16,2004,港南区,人口増減,男,29
平成16,2004,港南区,人口増減,女,10
平成16,2004,港南区,社会増減,総数,-621
平成16,2004,港南区,社会増減,男,-295
平成16,2004,港南区,社会増減,女,-326
平成16,2004,港南区,市外移動_転入,総数,7039
平成16,2004,港南区,市外移動_転入,男,3840
平成16,2004,港南区,市外移動_転入,女,3199
平成16,2004,港南区,市外移動_転出,総数,7213
平成16,2004,港南区,市外移動_転出,男,3896
平成16,2004,港南区,市外移動_転出,女,3317
平成16,2004,港南区,市内移動_転入,総数,5549
平成16,2004,港南区,市内移動_転入,男,2808
平成16,2004,港南区,市内移動_転入,女,2741
平成16,2004,港南区,市内移動_転出,総数,6018
平成16,2004,港南区,市内移動_転出,男,3025
平成16,2004,港南区,市内移動_転出,女,2993
平成16,2004,港南区,その他増減,総数,22
平成16,2004,港南区,その他増減,男,-22
平成16,2004,港南区,その他増減,女,44
平成16,2004,港南区,自然増減,総数,660
平成16,2004,港南区,自然増減,男,324
平成16,2004,港南区,自然増減,女,336
平成16,2004,港南区,出生,総数,2019
平成16,2004,港南区,出生,男,1104
平成16,2004,港南区,出生,女,915
平成16,2004,港南区,死亡,総数,1359
平成16,2004,港南区,死亡,男,780
平成16,2004,港南区,死亡,女,579
平成16,2004,港南区,人口増減率,,0.01749
平成16,2004,港南区,社会増減率,,-0.27847
平成16,2004,港南区,自然増減率,,0.29596
平成16,2004,保土ケ谷区,世帯数増減,,326
平成16,2004,保土ケ谷区,人口増減,総数,-598
平成16,2004,保土ケ谷区,人口増減,男,-359
平成16,2004,保土ケ谷区,人口増減,女,-239
平成16,2004,保土ケ谷区,社会増減,総数,-854
平成16,2004,保土ケ谷区,社会増減,男,-414
平成16,2004,保土ケ谷区,社会増減,女,-440
平成16,2004,保土ケ谷区,市外移動_転入,総数,6891
平成16,2004,保土ケ谷区,市外移動_転入,男,3821
平成16,2004,保土ケ谷区,市外移動_転入,女,3070
平成16,2004,保土ケ谷区,市外移動_転出,総数,6923
平成16,2004,保土ケ谷区,市外移動_転出,男,3828
平成16,2004,保土ケ谷区,市外移動_転出,女,3095
平成16,2004,保土ケ谷区,市内移動_転入,総数,5250
平成16,2004,保土ケ谷区,市内移動_転入,男,2706
平成16,2004,保土ケ谷区,市内移動_転入,女,2544
平成16,2004,保土ケ谷区,市内移動_転出,総数,6129
平成16,2004,保土ケ谷区,市内移動_転出,男,3135
平成16,2004,保土ケ谷区,市内移動_転出,女,2994
平成16,2004,保土ケ谷区,その他増減,総数,57
平成16,2004,保土ケ谷区,その他増減,男,22
平成16,2004,保土ケ谷区,その他増減,女,35
平成16,2004,保土ケ谷区,自然増減,総数,256
平成16,2004,保土ケ谷区,自然増減,男,55
平成16,2004,保土ケ谷区,自然増減,女,201
平成16,2004,保土ケ谷区,出生,総数,1693
平成16,2004,保土ケ谷区,出生,男,840
平成16,2004,保土ケ谷区,出生,女,853
平成16,2004,保土ケ谷区,死亡,総数,1437
平成16,2004,保土ケ谷区,死亡,男,785
平成16,2004,保土ケ谷区,死亡,女,652
平成16,2004,保土ケ谷区,人口増減率,,-0.29403
平成16,2004,保土ケ谷区,社会増減率,,-0.4199
平成16,2004,保土ケ谷区,自然増減率,,0.12587
平成16,2004,旭区,世帯数増減,,659
平成16,2004,旭区,人口増減,総数,-946
平成16,2004,旭区,人口増減,男,-800
平成16,2004,旭区,人口増減,女,-146
平成16,2004,旭区,社会増減,総数,-1262
平成16,2004,旭区,社会増減,男,-899
平成16,2004,旭区,社会増減,女,-363
平成16,2004,旭区,市外移動_転入,総数,6946
平成16,2004,旭区,市外移動_転入,男,3621
平成16,2004,旭区,市外移動_転入,女,3325
平成16,2004,旭区,市外移動_転出,総数,7604
平成16,2004,旭区,市外移動_転出,男,4136
平成16,2004,旭区,市外移動_転出,女,3468
平成16,2004,旭区,市内移動_転入,総数,5537
平成16,2004,旭区,市内移動_転入,男,2831
平成16,2004,旭区,市内移動_転入,女,2706
平成16,2004,旭区,市内移動_転出,総数,6184
平成16,2004,旭区,市内移動_転出,男,3229
平成16,2004,旭区,市内移動_転出,女,2955
平成16,2004,旭区,その他増減,総数,43
平成16,2004,旭区,その他増減,男,14
平成16,2004,旭区,その他増減,女,29
平成16,2004,旭区,自然増減,総数,316
平成16,2004,旭区,自然増減,男,99
平成16,2004,旭区,自然増減,女,217
平成16,2004,旭区,出生,総数,2123
平成16,2004,旭区,出生,男,1131
平成16,2004,旭区,出生,女,992
平成16,2004,旭区,死亡,総数,1807
平成16,2004,旭区,死亡,男,1032
平成16,2004,旭区,死亡,女,775
平成16,2004,旭区,人口増減率,,-0.37307
平成16,2004,旭区,社会増減率,,-0.49769
平成16,2004,旭区,自然増減率,,0.12462
平成16,2004,磯子区,世帯数増減,,458
平成16,2004,磯子区,人口増減,総数,-630
平成16,2004,磯子区,人口増減,男,-422
平成16,2004,磯子区,人口増減,女,-208
平成16,2004,磯子区,社会増減,総数,-881
平成16,2004,磯子区,社会増減,男,-528
平成16,2004,磯子区,社会増減,女,-353
平成16,2004,磯子区,市外移動_転入,総数,5614
平成16,2004,磯子区,市外移動_転入,男,3008
平成16,2004,磯子区,市外移動_転入,女,2606
平成16,2004,磯子区,市外移動_転出,総数,5728
平成16,2004,磯子区,市外移動_転出,男,3133
平成16,2004,磯子区,市外移動_転出,女,2595
平成16,2004,磯子区,市内移動_転入,総数,4737
平成16,2004,磯子区,市内移動_転入,男,2404
平成16,2004,磯子区,市内移動_転入,女,2333
平成16,2004,磯子区,市内移動_転出,総数,5610
平成16,2004,磯子区,市内移動_転出,男,2863
平成16,2004,磯子区,市内移動_転出,女,2747
平成16,2004,磯子区,その他増減,総数,106
平成16,2004,磯子区,その他増減,男,56
平成16,2004,磯子区,その他増減,女,50
平成16,2004,磯子区,自然増減,総数,251
平成16,2004,磯子区,自然増減,男,106
平成16,2004,磯子区,自然増減,女,145
平成16,2004,磯子区,出生,総数,1438
平成16,2004,磯子区,出生,男,774
平成16,2004,磯子区,出生,女,664
平成16,2004,磯子区,死亡,総数,1187
平成16,2004,磯子区,死亡,男,668
平成16,2004,磯子区,死亡,女,519
平成16,2004,磯子区,人口増減率,,-0.38386
平成16,2004,磯子区,社会増減率,,-0.53679
平成16,2004,磯子区,自然増減率,,0.15293
平成16,2004,金沢区,世帯数増減,,1975
平成16,2004,金沢区,人口増減,総数,2784
平成16,2004,金沢区,人口増減,男,1348
平成16,2004,金沢区,人口増減,女,1436
平成16,2004,金沢区,社会増減,総数,2407
平成16,2004,金沢区,社会増減,男,1196
平成16,2004,金沢区,社会増減,女,1211
平成16,2004,金沢区,市外移動_転入,総数,9003
平成16,2004,金沢区,市外移動_転入,男,4859
平成16,2004,金沢区,市外移動_転入,女,4144
平成16,2004,金沢区,市外移動_転出,総数,7373
平成16,2004,金沢区,市外移動_転出,男,4060
平成16,2004,金沢区,市外移動_転出,女,3313
平成16,2004,金沢区,市内移動_転入,総数,4462
平成16,2004,金沢区,市内移動_転入,男,2280
平成16,2004,金沢区,市内移動_転入,女,2182
平成16,2004,金沢区,市内移動_転出,総数,3673
平成16,2004,金沢区,市内移動_転出,男,1860
平成16,2004,金沢区,市内移動_転出,女,1813
平成16,2004,金沢区,その他増減,総数,-12
平成16,2004,金沢区,その他増減,男,-23
平成16,2004,金沢区,その他増減,女,11
平成16,2004,金沢区,自然増減,総数,377
平成16,2004,金沢区,自然増減,男,152
平成16,2004,金沢区,自然増減,女,225
平成16,2004,金沢区,出生,総数,1713
平成16,2004,金沢区,出生,男,897
平成16,2004,金沢区,出生,女,816
平成16,2004,金沢区,死亡,総数,1336
平成16,2004,金沢区,死亡,男,745
平成16,2004,金沢区,死亡,女,591
平成16,2004,金沢区,人口増減率,,1.35058
平成16,2004,金沢区,社会増減率,,1.16769
平成16,2004,金沢区,自然増減率,,0.18289
平成16,2004,港北区,世帯数増減,,2388
平成16,2004,港北区,人口増減,総数,3029
平成16,2004,港北区,人口増減,男,1291
平成16,2004,港北区,人口増減,女,1738
平成16,2004,港北区,社会増減,総数,1453
平成16,2004,港北区,社会増減,男,573
平成16,2004,港北区,社会増減,女,880
平成16,2004,港北区,市外移動_転入,総数,18783
平成16,2004,港北区,市外移動_転入,男,10138
平成16,2004,港北区,市外移動_転入,女,8645
平成16,2004,港北区,市外移動_転出,総数,16655
平成16,2004,港北区,市外移動_転出,男,9159
平成16,2004,港北区,市外移動_転出,女,7496
平成16,2004,港北区,市内移動_転入,総数,6133
平成16,2004,港北区,市内移動_転入,男,3168
平成16,2004,港北区,市内移動_転入,女,2965
平成16,2004,港北区,市内移動_転出,総数,6948
平成16,2004,港北区,市内移動_転出,男,3617
平成16,2004,港北区,市内移動_転出,女,3331
平成16,2004,港北区,その他増減,総数,140
平成16,2004,港北区,その他増減,男,43
平成16,2004,港北区,その他増減,女,97
平成16,2004,港北区,自然増減,総数,1576
平成16,2004,港北区,自然増減,男,718
平成16,2004,港北区,自然増減,女,858
平成16,2004,港北区,出生,総数,3202
平成16,2004,港北区,出生,男,1652
平成16,2004,港北区,出生,女,1550
平成16,2004,港北区,死亡,総数,1626
平成16,2004,港北区,死亡,男,934
平成16,2004,港北区,死亡,女,692
平成16,2004,港北区,人口増減率,,1.01427
平成16,2004,港北区,社会増減率,,0.48654
平成16,2004,港北区,自然増減率,,0.52773
平成16,2004,緑区,世帯数増減,,892
平成16,2004,緑区,人口増減,総数,1085
平成16,2004,緑区,人口増減,男,386
平成16,2004,緑区,人口増減,女,699
平成16,2004,緑区,社会増減,総数,149
平成16,2004,緑区,社会増減,男,-1
平成16,2004,緑区,社会増減,女,150
平成16,2004,緑区,市外移動_転入,総数,6660
平成16,2004,緑区,市外移動_転入,男,3522
平成16,2004,緑区,市外移動_転入,女,3138
平成16,2004,緑区,市外移動_転出,総数,6862
平成16,2004,緑区,市外移動_転出,男,3717
平成16,2004,緑区,市外移動_転出,女,3145
平成16,2004,緑区,市内移動_転入,総数,4173
平成16,2004,緑区,市内移動_転入,男,2161
平成16,2004,緑区,市内移動_転入,女,2012
平成16,2004,緑区,市内移動_転出,総数,3839
平成16,2004,緑区,市内移動_転出,男,1956
平成16,2004,緑区,市内移動_転出,女,1883
平成16,2004,緑区,その他増減,総数,17
平成16,2004,緑区,その他増減,男,-11
平成16,2004,緑区,その他増減,女,28
平成16,2004,緑区,自然増減,総数,936
平成16,2004,緑区,自然増減,男,387
平成16,2004,緑区,自然増減,女,549
平成16,2004,緑区,出生,総数,1820
平成16,2004,緑区,出生,男,873
平成16,2004,緑区,出生,女,947
平成16,2004,緑区,死亡,総数,884
平成16,2004,緑区,死亡,男,486
平成16,2004,緑区,死亡,女,398
平成16,2004,緑区,人口増減率,,0.67165
平成16,2004,緑区,社会増減率,,0.09224
平成16,2004,緑区,自然増減率,,0.57942
平成16,2004,青葉区,世帯数増減,,1960
平成16,2004,青葉区,人口増減,総数,4028
平成16,2004,青葉区,人口増減,男,1763
平成16,2004,青葉区,人口増減,女,2265
平成16,2004,青葉区,社会増減,総数,2058
平成16,2004,青葉区,社会増減,男,801
平成16,2004,青葉区,社会増減,女,1257
平成16,2004,青葉区,市外移動_転入,総数,19784
平成16,2004,青葉区,市外移動_転入,男,10480
平成16,2004,青葉区,市外移動_転入,女,9304
平成16,2004,青葉区,市外移動_転出,総数,17790
平成16,2004,青葉区,市外移動_転出,男,9638
平成16,2004,青葉区,市外移動_転出,女,8152
平成16,2004,青葉区,市内移動_転入,総数,4056
平成16,2004,青葉区,市内移動_転入,男,2083
平成16,2004,青葉区,市内移動_転入,女,1973
平成16,2004,青葉区,市内移動_転出,総数,4049
平成16,2004,青葉区,市内移動_転出,男,2114
平成16,2004,青葉区,市内移動_転出,女,1935
平成16,2004,青葉区,その他増減,総数,57
平成16,2004,青葉区,その他増減,男,-10
平成16,2004,青葉区,その他増減,女,67
平成16,2004,青葉区,自然増減,総数,1970
平成16,2004,青葉区,自然増減,男,962
平成16,2004,青葉区,自然増減,女,1008
平成16,2004,青葉区,出生,総数,3099
平成16,2004,青葉区,出生,男,1594
平成16,2004,青葉区,出生,女,1505
平成16,2004,青葉区,死亡,総数,1129
平成16,2004,青葉区,死亡,男,632
平成16,2004,青葉区,死亡,女,497
平成16,2004,青葉区,人口増減率,,1.44421
平成16,2004,青葉区,社会増減率,,0.73788
平成16,2004,青葉区,自然増減率,,0.70633
平成16,2004,都筑区,世帯数増減,,1366
平成16,2004,都筑区,人口増減,総数,2757
平成16,2004,都筑区,人口増減,男,1250
平成16,2004,都筑区,人口増減,女,1507
平成16,2004,都筑区,社会増減,総数,1449
平成16,2004,都筑区,社会増減,男,579
平成16,2004,都筑区,社会増減,女,870
平成16,2004,都筑区,市外移動_転入,総数,9300
平成16,2004,都筑区,市外移動_転入,男,4917
平成16,2004,都筑区,市外移動_転入,女,4383
平成16,2004,都筑区,市外移動_転出,総数,7815
平成16,2004,都筑区,市外移動_転出,男,4271
平成16,2004,都筑区,市外移動_転出,女,3544
平成16,2004,都筑区,市内移動_転入,総数,3993
平成16,2004,都筑区,市内移動_転入,男,2076
平成16,2004,都筑区,市内移動_転入,女,1917
平成16,2004,都筑区,市内移動_転出,総数,4041
平成16,2004,都筑区,市内移動_転出,男,2131
平成16,2004,都筑区,市内移動_転出,女,1910
平成16,2004,都筑区,その他増減,総数,12
平成16,2004,都筑区,その他増減,男,-12
平成16,2004,都筑区,その他増減,女,24
平成16,2004,都筑区,自然増減,総数,1308
平成16,2004,都筑区,自然増減,男,671
平成16,2004,都筑区,自然増減,女,637
平成16,2004,都筑区,出生,総数,1957
平成16,2004,都筑区,出生,男,1035
平成16,2004,都筑区,出生,女,922
平成16,2004,都筑区,死亡,総数,649
平成16,2004,都筑区,死亡,男,364
平成16,2004,都筑区,死亡,女,285
平成16,2004,都筑区,人口増減率,,1.69746
平成16,2004,都筑区,社会増減率,,0.89214
平成16,2004,都筑区,自然増減率,,0.80532
平成16,2004,戸塚区,世帯数増減,,1264
平成16,2004,戸塚区,人口増減,総数,1135
平成16,2004,戸塚区,人口増減,男,480
平成16,2004,戸塚区,人口増減,女,655
平成16,2004,戸塚区,社会増減,総数,218
平成16,2004,戸塚区,社会増減,男,149
平成16,2004,戸塚区,社会増減,女,69
平成16,2004,戸塚区,市外移動_転入,総数,10133
平成16,2004,戸塚区,市外移動_転入,男,5546
平成16,2004,戸塚区,市外移動_転入,女,4587
平成16,2004,戸塚区,市外移動_転出,総数,9604
平成16,2004,戸塚区,市外移動_転出,男,5303
平成16,2004,戸塚区,市外移動_転出,女,4301
平成16,2004,戸塚区,市内移動_転入,総数,5572
平成16,2004,戸塚区,市内移動_転入,男,2905
平成16,2004,戸塚区,市内移動_転入,女,2667
平成16,2004,戸塚区,市内移動_転出,総数,5966
平成16,2004,戸塚区,市内移動_転出,男,3034
平成16,2004,戸塚区,市内移動_転出,女,2932
平成16,2004,戸塚区,その他増減,総数,83
平成16,2004,戸塚区,その他増減,男,35
平成16,2004,戸塚区,その他増減,女,48
平成16,2004,戸塚区,自然増減,総数,917
平成16,2004,戸塚区,自然増減,男,331
平成16,2004,戸塚区,自然増減,女,586
平成16,2004,戸塚区,出生,総数,2452
平成16,2004,戸塚区,出生,男,1237
平成16,2004,戸塚区,出生,女,1215
平成16,2004,戸塚区,死亡,総数,1535
平成16,2004,戸塚区,死亡,男,906
平成16,2004,戸塚区,死亡,女,629
平成16,2004,戸塚区,人口増減率,,0.44905
平成16,2004,戸塚区,社会増減率,,0.08625
平成16,2004,戸塚区,自然増減率,,0.3628
平成16,2004,栄区,世帯数増減,,1738
平成16,2004,栄区,人口増減,総数,3278
平成16,2004,栄区,人口増減,男,1450
平成16,2004,栄区,人口増減,女,1828
平成16,2004,栄区,社会増減,総数,2918
平成16,2004,栄区,社会増減,男,1332
平成16,2004,栄区,社会増減,女,1586
平成16,2004,栄区,市外移動_転入,総数,6639
平成16,2004,栄区,市外移動_転入,男,3632
平成16,2004,栄区,市外移動_転入,女,3007
平成16,2004,栄区,市外移動_転出,総数,5007
平成16,2004,栄区,市外移動_転出,男,2896
平成16,2004,栄区,市外移動_転出,女,2111
平成16,2004,栄区,市内移動_転入,総数,4186
平成16,2004,栄区,市内移動_転入,男,2195
平成16,2004,栄区,市内移動_転入,女,1991
平成16,2004,栄区,市内移動_転出,総数,2869
平成16,2004,栄区,市内移動_転出,男,1570
平成16,2004,栄区,市内移動_転出,女,1299
平成16,2004,栄区,その他増減,総数,-31
平成16,2004,栄区,その他増減,男,-29
平成16,2004,栄区,その他増減,女,-2
平成16,2004,栄区,自然増減,総数,360
平成16,2004,栄区,自然増減,男,118
平成16,2004,栄区,自然増減,女,242
平成16,2004,栄区,出生,総数,1139
平成16,2004,栄区,出生,男,563
平成16,2004,栄区,出生,女,576
平成16,2004,栄区,死亡,総数,779
平成16,2004,栄区,死亡,男,445
平成16,2004,栄区,死亡,女,334
平成16,2004,栄区,人口増減率,,2.7746
平成16,2004,栄区,社会増減率,,2.46989
平成16,2004,栄区,自然増減率,,0.30472
平成16,2004,泉区,世帯数増減,,979
平成16,2004,泉区,人口増減,総数,588
平成16,2004,泉区,人口増減,男,219
平成16,2004,泉区,人口増減,女,369
平成16,2004,泉区,社会増減,総数,137
平成16,2004,泉区,社会増減,男,14
平成16,2004,泉区,社会増減,女,123
平成16,2004,泉区,市外移動_転入,総数,4217
平成16,2004,泉区,市外移動_転入,男,2149
平成16,2004,泉区,市外移動_転入,女,2068
平成16,2004,泉区,市外移動_転出,総数,4410
平成16,2004,泉区,市外移動_転出,男,2339
平成16,2004,泉区,市外移動_転出,女,2071
平成16,2004,泉区,市内移動_転入,総数,3469
平成16,2004,泉区,市内移動_転入,男,1756
平成16,2004,泉区,市内移動_転入,女,1713
平成16,2004,泉区,市内移動_転出,総数,3153
平成16,2004,泉区,市内移動_転出,男,1560
平成16,2004,泉区,市内移動_転出,女,1593
平成16,2004,泉区,その他増減,総数,14
平成16,2004,泉区,その他増減,男,8
平成16,2004,泉区,その他増減,女,6
平成16,2004,泉区,自然増減,総数,451
平成16,2004,泉区,自然増減,男,205
平成16,2004,泉区,自然増減,女,246
平成16,2004,泉区,出生,総数,1389
平成16,2004,泉区,出生,男,733
平成16,2004,泉区,出生,女,656
平成16,2004,泉区,死亡,総数,938
平成16,2004,泉区,死亡,男,528
平成16,2004,泉区,死亡,女,410
平成16,2004,泉区,人口増減率,,0.39389
平成16,2004,泉区,社会増減率,,0.09177
平成16,2004,泉区,自然増減率,,0.30211
平成16,2004,瀬谷区,世帯数増減,,1210
平成16,2004,瀬谷区,人口増減,総数,1770
平成16,2004,瀬谷区,人口増減,男,713
平成16,2004,瀬谷区,人口増減,女,1057
平成16,2004,瀬谷区,社会増減,総数,1323
平成16,2004,瀬谷区,社会増減,男,515
平成16,2004,瀬谷区,社会増減,女,808
平成16,2004,瀬谷区,市外移動_転入,総数,4115
平成16,2004,瀬谷区,市外移動_転入,男,2111
平成16,2004,瀬谷区,市外移動_転入,女,2004
平成16,2004,瀬谷区,市外移動_転出,総数,4162
平成16,2004,瀬谷区,市外移動_転出,男,2229
平成16,2004,瀬谷区,市外移動_転出,女,1933
平成16,2004,瀬谷区,市内移動_転入,総数,3808
平成16,2004,瀬谷区,市内移動_転入,男,1890
平成16,2004,瀬谷区,市内移動_転入,女,1918
平成16,2004,瀬谷区,市内移動_転出,総数,2446
平成16,2004,瀬谷区,市内移動_転出,男,1245
平成16,2004,瀬谷区,市内移動_転出,女,1201
平成16,2004,瀬谷区,その他増減,総数,8
平成16,2004,瀬谷区,その他増減,男,-12
平成16,2004,瀬谷区,その他増減,女,20
平成16,2004,瀬谷区,自然増減,総数,447
平成16,2004,瀬谷区,自然増減,男,198
平成16,2004,瀬谷区,自然増減,女,249
平成16,2004,瀬谷区,出生,総数,1264
平成16,2004,瀬谷区,出生,男,657
平成16,2004,瀬谷区,出生,女,607
平成16,2004,瀬谷区,死亡,総数,817
平成16,2004,瀬谷区,死亡,男,459
平成16,2004,瀬谷区,死亡,女,358
平成16,2004,瀬谷区,人口増減率,,1.45064
平成16,2004,瀬谷区,社会増減率,,1.08429
平成16,2004,瀬谷区,自然増減率,,0.36635
平成17,2005,鶴見区,世帯数増減,,1482
平成17,2005,鶴見区,人口増減,総数,1281
平成17,2005,鶴見区,人口増減,男,658
平成17,2005,鶴見区,人口増減,女,623
平成17,2005,鶴見区,社会増減,総数,598
平成17,2005,鶴見区,社会増減,男,405
平成17,2005,鶴見区,社会増減,女,193
平成17,2005,鶴見区,市外移動_転入,総数,13819
平成17,2005,鶴見区,市外移動_転入,男,7884
平成17,2005,鶴見区,市外移動_転入,女,5935
平成17,2005,鶴見区,市外移動_転出,総数,12493
平成17,2005,鶴見区,市外移動_転出,男,7114
平成17,2005,鶴見区,市外移動_転出,女,5379
平成17,2005,鶴見区,市内移動_転入,総数,3704
平成17,2005,鶴見区,市内移動_転入,男,2019
平成17,2005,鶴見区,市内移動_転入,女,1685
平成17,2005,鶴見区,市内移動_転出,総数,4374
平成17,2005,鶴見区,市内移動_転出,男,2319
平成17,2005,鶴見区,市内移動_転出,女,2055
平成17,2005,鶴見区,その他増減,総数,-58
平成17,2005,鶴見区,その他増減,男,-65
平成17,2005,鶴見区,その他増減,女,7
平成17,2005,鶴見区,自然増減,総数,683
平成17,2005,鶴見区,自然増減,男,253
平成17,2005,鶴見区,自然増減,女,430
平成17,2005,鶴見区,出生,総数,2562
平成17,2005,鶴見区,出生,男,1318
平成17,2005,鶴見区,出生,女,1244
平成17,2005,鶴見区,死亡,総数,1879
平成17,2005,鶴見区,死亡,男,1065
平成17,2005,鶴見区,死亡,女,814
平成17,2005,鶴見区,人口増減率,,0.48584
平成17,2005,鶴見区,社会増減率,,0.2268
平成17,2005,鶴見区,自然増減率,,0.25904
平成17,2005,神奈川区,世帯数増減,,847
平成17,2005,神奈川区,人口増減,総数,362
平成17,2005,神奈川区,人口増減,男,34
平成17,2005,神奈川区,人口増減,女,328
平成17,2005,神奈川区,社会増減,総数,63
平成17,2005,神奈川区,社会増減,男,-16
平成17,2005,神奈川区,社会増減,女,79
平成17,2005,神奈川区,市外移動_転入,総数,10317
平成17,2005,神奈川区,市外移動_転入,男,5854
平成17,2005,神奈川区,市外移動_転入,女,4463
平成17,2005,神奈川区,市外移動_転出,総数,9455
平成17,2005,神奈川区,市外移動_転出,男,5449
平成17,2005,神奈川区,市外移動_転出,女,4006
平成17,2005,神奈川区,市内移動_転入,総数,5881
平成17,2005,神奈川区,市内移動_転入,男,3108
平成17,2005,神奈川区,市内移動_転入,女,2773
平成17,2005,神奈川区,市内移動_転出,総数,6750
平成17,2005,神奈川区,市内移動_転出,男,3569
平成17,2005,神奈川区,市内移動_転出,女,3181
平成17,2005,神奈川区,その他増減,総数,70
平成17,2005,神奈川区,その他増減,男,40
平成17,2005,神奈川区,その他増減,女,30
平成17,2005,神奈川区,自然増減,総数,299
平成17,2005,神奈川区,自然増減,男,50
平成17,2005,神奈川区,自然増減,女,249
平成17,2005,神奈川区,出生,総数,1942
平成17,2005,神奈川区,出生,男,1006
平成17,2005,神奈川区,出生,女,936
平成17,2005,神奈川区,死亡,総数,1643
平成17,2005,神奈川区,死亡,男,956
平成17,2005,神奈川区,死亡,女,687
平成17,2005,神奈川区,人口増減率,,0.16365
平成17,2005,神奈川区,社会増減率,,0.02848
平成17,2005,神奈川区,自然増減率,,0.13517
平成17,2005,西区,世帯数増減,,1146
平成17,2005,西区,人口増減,総数,1621
平成17,2005,西区,人口増減,男,805
平成17,2005,西区,人口増減,女,816
平成17,2005,西区,社会増減,総数,1610
平成17,2005,西区,社会増減,男,809
平成17,2005,西区,社会増減,女,801
平成17,2005,西区,市外移動_転入,総数,4905
平成17,2005,西区,市外移動_転入,男,2710
平成17,2005,西区,市外移動_転入,女,2195
平成17,2005,西区,市外移動_転出,総数,3864
平成17,2005,西区,市外移動_転出,男,2162
平成17,2005,西区,市外移動_転出,女,1702
平成17,2005,西区,市内移動_転入,総数,3651
平成17,2005,西区,市内移動_転入,男,1856
平成17,2005,西区,市内移動_転入,女,1795
平成17,2005,西区,市内移動_転出,総数,3100
平成17,2005,西区,市内移動_転出,男,1602
平成17,2005,西区,市内移動_転出,女,1498
平成17,2005,西区,その他増減,総数,18
平成17,2005,西区,その他増減,男,7
平成17,2005,西区,その他増減,女,11
平成17,2005,西区,自然増減,総数,11
平成17,2005,西区,自然増減,男,-4
平成17,2005,西区,自然増減,女,15
平成17,2005,西区,出生,総数,758
平成17,2005,西区,出生,男,387
平成17,2005,西区,出生,女,371
平成17,2005,西区,死亡,総数,747
平成17,2005,西区,死亡,男,391
平成17,2005,西区,死亡,女,356
平成17,2005,西区,人口増減率,,1.93893
平成17,2005,西区,社会増減率,,1.92577
平成17,2005,西区,自然増減率,,0.01316
平成17,2005,中区,世帯数増減,,1657
平成17,2005,中区,人口増減,総数,2112
平成17,2005,中区,人口増減,男,1181
平成17,2005,中区,人口増減,女,931
平成17,2005,中区,社会増減,総数,2332
平成17,2005,中区,社会増減,男,1438
平成17,2005,中区,社会増減,女,894
平成17,2005,中区,市外移動_転入,総数,9732
平成17,2005,中区,市外移動_転入,男,5225
平成17,2005,中区,市外移動_転入,女,4507
平成17,2005,中区,市外移動_転出,総数,7787
平成17,2005,中区,市外移動_転出,男,3977
平成17,2005,中区,市外移動_転出,女,3810
平成17,2005,中区,市内移動_転入,総数,5104
平成17,2005,中区,市内移動_転入,男,2748
平成17,2005,中区,市内移動_転入,女,2356
平成17,2005,中区,市内移動_転出,総数,4618
平成17,2005,中区,市内移動_転出,男,2450
平成17,2005,中区,市内移動_転出,女,2168
平成17,2005,中区,その他増減,総数,-99
平成17,2005,中区,その他増減,男,-108
平成17,2005,中区,その他増減,女,9
平成17,2005,中区,自然増減,総数,-220
平成17,2005,中区,自然増減,男,-257
平成17,2005,中区,自然増減,女,37
平成17,2005,中区,出生,総数,1111
平成17,2005,中区,出生,男,580
平成17,2005,中区,出生,女,531
平成17,2005,中区,死亡,総数,1331
平成17,2005,中区,死亡,男,837
平成17,2005,中区,死亡,女,494
平成17,2005,中区,人口増減率,,1.53613
平成17,2005,中区,社会増減率,,1.69615
平成17,2005,中区,自然増減率,,-0.16001
平成17,2005,南区,世帯数増減,,884
平成17,2005,南区,人口増減,総数,309
平成17,2005,南区,人口増減,男,43
平成17,2005,南区,人口増減,女,266
平成17,2005,南区,社会増減,総数,609
平成17,2005,南区,社会増減,男,243
平成17,2005,南区,社会増減,女,366
平成17,2005,南区,市外移動_転入,総数,7442
平成17,2005,南区,市外移動_転入,男,3878
平成17,2005,南区,市外移動_転入,女,3564
平成17,2005,南区,市外移動_転出,総数,6862
平成17,2005,南区,市外移動_転出,男,3687
平成17,2005,南区,市外移動_転出,女,3175
平成17,2005,南区,市内移動_転入,総数,6155
平成17,2005,南区,市内移動_転入,男,3216
平成17,2005,南区,市内移動_転入,女,2939
平成17,2005,南区,市内移動_転出,総数,6169
平成17,2005,南区,市内移動_転出,男,3167
平成17,2005,南区,市内移動_転出,女,3002
平成17,2005,南区,その他増減,総数,43
平成17,2005,南区,その他増減,男,3
平成17,2005,南区,その他増減,女,40
平成17,2005,南区,自然増減,総数,-300
平成17,2005,南区,自然増減,男,-200
平成17,2005,南区,自然増減,女,-100
平成17,2005,南区,出生,総数,1439
平成17,2005,南区,出生,男,766
平成17,2005,南区,出生,女,673
平成17,2005,南区,死亡,総数,1739
平成17,2005,南区,死亡,男,966
平成17,2005,南区,死亡,女,773
平成17,2005,南区,人口増減率,,0.15674
平成17,2005,南区,社会増減率,,0.30891
平成17,2005,南区,自然増減率,,-0.15217
平成17,2005,港南区,世帯数増減,,1113
平成17,2005,港南区,人口増減,総数,-369
平成17,2005,港南区,人口増減,男,-370
平成17,2005,港南区,人口増減,女,1
平成17,2005,港南区,社会増減,総数,-763
平成17,2005,港南区,社会増減,男,-519
平成17,2005,港南区,社会増減,女,-244
平成17,2005,港南区,市外移動_転入,総数,6645
平成17,2005,港南区,市外移動_転入,男,3552
平成17,2005,港南区,市外移動_転入,女,3093
平成17,2005,港南区,市外移動_転出,総数,7059
平成17,2005,港南区,市外移動_転出,男,3923
平成17,2005,港南区,市外移動_転出,女,3136
平成17,2005,港南区,市内移動_転入,総数,5014
平成17,2005,港南区,市内移動_転入,男,2553
平成17,2005,港南区,市内移動_転入,女,2461
平成17,2005,港南区,市内移動_転出,総数,5380
平成17,2005,港南区,市内移動_転出,男,2702
平成17,2005,港南区,市内移動_転出,女,2678
平成17,2005,港南区,その他増減,総数,17
平成17,2005,港南区,その他増減,男,1
平成17,2005,港南区,その他増減,女,16
平成17,2005,港南区,自然増減,総数,394
平成17,2005,港南区,自然増減,男,149
平成17,2005,港南区,自然増減,女,245
平成17,2005,港南区,出生,総数,1814
平成17,2005,港南区,出生,男,929
平成17,2005,港南区,出生,女,885
平成17,2005,港南区,死亡,総数,1420
平成17,2005,港南区,死亡,男,780
平成17,2005,港南区,死亡,女,640
平成17,2005,港南区,人口増減率,,-0.16537
平成17,2005,港南区,社会増減率,,-0.34194
平成17,2005,港南区,自然増減率,,0.17657
平成17,2005,保土ケ谷区,世帯数増減,,387
平成17,2005,保土ケ谷区,人口増減,総数,-772
平成17,2005,保土ケ谷区,人口増減,男,-506
平成17,2005,保土ケ谷区,人口増減,女,-266
平成17,2005,保土ケ谷区,社会増減,総数,-817
平成17,2005,保土ケ谷区,社会増減,男,-486
平成17,2005,保土ケ谷区,社会増減,女,-331
平成17,2005,保土ケ谷区,市外移動_転入,総数,6864
平成17,2005,保土ケ谷区,市外移動_転入,男,3759
平成17,2005,保土ケ谷区,市外移動_転入,女,3105
平成17,2005,保土ケ谷区,市外移動_転出,総数,6800
平成17,2005,保土ケ谷区,市外移動_転出,男,3771
平成17,2005,保土ケ谷区,市外移動_転出,女,3029
平成17,2005,保土ケ谷区,市内移動_転入,総数,4832
平成17,2005,保土ケ谷区,市内移動_転入,男,2491
平成17,2005,保土ケ谷区,市内移動_転入,女,2341
平成17,2005,保土ケ谷区,市内移動_転出,総数,5753
平成17,2005,保土ケ谷区,市内移動_転出,男,2971
平成17,2005,保土ケ谷区,市内移動_転出,女,2782
平成17,2005,保土ケ谷区,その他増減,総数,40
平成17,2005,保土ケ谷区,その他増減,男,6
平成17,2005,保土ケ谷区,その他増減,女,34
平成17,2005,保土ケ谷区,自然増減,総数,45
平成17,2005,保土ケ谷区,自然増減,男,-20
平成17,2005,保土ケ谷区,自然増減,女,65
平成17,2005,保土ケ谷区,出生,総数,1521
平成17,2005,保土ケ谷区,出生,男,808
平成17,2005,保土ケ谷区,出生,女,713
平成17,2005,保土ケ谷区,死亡,総数,1476
平成17,2005,保土ケ谷区,死亡,男,828
平成17,2005,保土ケ谷区,死亡,女,648
平成17,2005,保土ケ谷区,人口増減率,,-0.37718
平成17,2005,保土ケ谷区,社会増減率,,-0.39916
平成17,2005,保土ケ谷区,自然増減率,,0.02199
平成17,2005,旭区,世帯数増減,,303
平成17,2005,旭区,人口増減,総数,-2048
平成17,2005,旭区,人口増減,男,-1280
平成17,2005,旭区,人口増減,女,-768
平成17,2005,旭区,社会増減,総数,-2277
平成17,2005,旭区,社会増減,男,-1269
平成17,2005,旭区,社会増減,女,-1008
平成17,2005,旭区,市外移動_転入,総数,6555
平成17,2005,旭区,市外移動_転入,男,3442
平成17,2005,旭区,市外移動_転入,女,3113
平成17,2005,旭区,市外移動_転出,総数,7437
平成17,2005,旭区,市外移動_転出,男,4044
平成17,2005,旭区,市外移動_転出,女,3393
平成17,2005,旭区,市内移動_転入,総数,4669
平成17,2005,旭区,市内移動_転入,男,2490
平成17,2005,旭区,市内移動_転入,女,2179
平成17,2005,旭区,市内移動_転出,総数,6038
平成17,2005,旭区,市内移動_転出,男,3129
平成17,2005,旭区,市内移動_転出,女,2909
平成17,2005,旭区,その他増減,総数,-26
平成17,2005,旭区,その他増減,男,-28
平成17,2005,旭区,その他増減,女,2
平成17,2005,旭区,自然増減,総数,229
平成17,2005,旭区,自然増減,男,-11
平成17,2005,旭区,自然増減,女,240
平成17,2005,旭区,出生,総数,1980
平成17,2005,旭区,出生,男,978
平成17,2005,旭区,出生,女,1002
平成17,2005,旭区,死亡,総数,1751
平成17,2005,旭区,死亡,男,989
平成17,2005,旭区,死亡,女,762
平成17,2005,旭区,人口増減率,,-0.80881
平成17,2005,旭区,社会増減率,,-0.89924
平成17,2005,旭区,自然増減率,,0.09044
平成17,2005,磯子区,世帯数増減,,915
平成17,2005,磯子区,人口増減,総数,336
平成17,2005,磯子区,人口増減,男,38
平成17,2005,磯子区,人口増減,女,298
平成17,2005,磯子区,社会増減,総数,213
平成17,2005,磯子区,社会増減,男,34
平成17,2005,磯子区,社会増減,女,179
平成17,2005,磯子区,市外移動_転入,総数,5764
平成17,2005,磯子区,市外移動_転入,男,3112
平成17,2005,磯子区,市外移動_転入,女,2652
平成17,2005,磯子区,市外移動_転出,総数,5572
平成17,2005,磯子区,市外移動_転出,男,3077
平成17,2005,磯子区,市外移動_転出,女,2495
平成17,2005,磯子区,市内移動_転入,総数,4648
平成17,2005,磯子区,市内移動_転入,男,2320
平成17,2005,磯子区,市内移動_転入,女,2328
平成17,2005,磯子区,市内移動_転出,総数,4638
平成17,2005,磯子区,市内移動_転出,男,2321
平成17,2005,磯子区,市内移動_転出,女,2317
平成17,2005,磯子区,その他増減,総数,11
平成17,2005,磯子区,その他増減,男,0
平成17,2005,磯子区,その他増減,女,11
平成17,2005,磯子区,自然増減,総数,123
平成17,2005,磯子区,自然増減,男,4
平成17,2005,磯子区,自然増減,女,119
平成17,2005,磯子区,出生,総数,1380
平成17,2005,磯子区,出生,男,715
平成17,2005,磯子区,出生,女,665
平成17,2005,磯子区,死亡,総数,1257
平成17,2005,磯子区,死亡,男,711
平成17,2005,磯子区,死亡,女,546
平成17,2005,磯子区,人口増減率,,0.2059
平成17,2005,磯子区,社会増減率,,0.13052
平成17,2005,磯子区,自然増減率,,0.07537
平成17,2005,金沢区,世帯数増減,,1281
平成17,2005,金沢区,人口増減,総数,921
平成17,2005,金沢区,人口増減,男,427
平成17,2005,金沢区,人口増減,女,494
平成17,2005,金沢区,社会増減,総数,788
平成17,2005,金沢区,社会増減,男,422
平成17,2005,金沢区,社会増減,女,366
平成17,2005,金沢区,市外移動_転入,総数,8399
平成17,2005,金沢区,市外移動_転入,男,4561
平成17,2005,金沢区,市外移動_転入,女,3838
平成17,2005,金沢区,市外移動_転出,総数,7896
平成17,2005,金沢区,市外移動_転出,男,4343
平成17,2005,金沢区,市外移動_転出,女,3553
平成17,2005,金沢区,市内移動_転入,総数,3497
平成17,2005,金沢区,市内移動_転入,男,1824
平成17,2005,金沢区,市内移動_転入,女,1673
平成17,2005,金沢区,市内移動_転出,総数,3245
平成17,2005,金沢区,市内移動_転出,男,1640
平成17,2005,金沢区,市内移動_転出,女,1605
平成17,2005,金沢区,その他増減,総数,33
平成17,2005,金沢区,その他増減,男,20
平成17,2005,金沢区,その他増減,女,13
平成17,2005,金沢区,自然増減,総数,133
平成17,2005,金沢区,自然増減,男,5
平成17,2005,金沢区,自然増減,女,128
平成17,2005,金沢区,出生,総数,1581
平成17,2005,金沢区,出生,男,784
平成17,2005,金沢区,出生,女,797
平成17,2005,金沢区,死亡,総数,1448
平成17,2005,金沢区,死亡,男,779
平成17,2005,金沢区,死亡,女,669
平成17,2005,金沢区,人口増減率,,0.44086
平成17,2005,金沢区,社会増減率,,0.3772
平成17,2005,金沢区,自然増減率,,0.06366
平成17,2005,港北区,世帯数増減,,2314
平成17,2005,港北区,人口増減,総数,2592
平成17,2005,港北区,人口増減,男,1090
平成17,2005,港北区,人口増減,女,1502
平成17,2005,港北区,社会増減,総数,1292
平成17,2005,港北区,社会増減,男,529
平成17,2005,港北区,社会増減,女,763
平成17,2005,港北区,市外移動_転入,総数,18557
平成17,2005,港北区,市外移動_転入,男,10179
平成17,2005,港北区,市外移動_転入,女,8378
平成17,2005,港北区,市外移動_転出,総数,16535
平成17,2005,港北区,市外移動_転出,男,9235
平成17,2005,港北区,市外移動_転出,女,7300
平成17,2005,港北区,市内移動_転入,総数,5837
平成17,2005,港北区,市内移動_転入,男,3028
平成17,2005,港北区,市内移動_転入,女,2809
平成17,2005,港北区,市内移動_転出,総数,6711
平成17,2005,港北区,市内移動_転出,男,3503
平成17,2005,港北区,市内移動_転出,女,3208
平成17,2005,港北区,その他増減,総数,144
平成17,2005,港北区,その他増減,男,60
平成17,2005,港北区,その他増減,女,84
平成17,2005,港北区,自然増減,総数,1300
平成17,2005,港北区,自然増減,男,561
平成17,2005,港北区,自然増減,女,739
平成17,2005,港北区,出生,総数,2978
平成17,2005,港北区,出生,男,1494
平成17,2005,港北区,出生,女,1484
平成17,2005,港北区,死亡,総数,1678
平成17,2005,港北区,死亡,男,933
平成17,2005,港北区,死亡,女,745
平成17,2005,港北区,人口増減率,,0.84122
平成17,2005,港北区,社会増減率,,0.41931
平成17,2005,港北区,自然増減率,,0.42191
平成17,2005,緑区,世帯数増減,,1372
平成17,2005,緑区,人口増減,総数,1858
平成17,2005,緑区,人口増減,男,775
平成17,2005,緑区,人口増減,女,1083
平成17,2005,緑区,社会増減,総数,1141
平成17,2005,緑区,社会増減,男,452
平成17,2005,緑区,社会増減,女,689
平成17,2005,緑区,市外移動_転入,総数,7025
平成17,2005,緑区,市外移動_転入,男,3766
平成17,2005,緑区,市外移動_転入,女,3259
平成17,2005,緑区,市外移動_転出,総数,6703
平成17,2005,緑区,市外移動_転出,男,3687
平成17,2005,緑区,市外移動_転出,女,3016
平成17,2005,緑区,市内移動_転入,総数,4514
平成17,2005,緑区,市内移動_転入,男,2307
平成17,2005,緑区,市内移動_転入,女,2207
平成17,2005,緑区,市内移動_転出,総数,3752
平成17,2005,緑区,市内移動_転出,男,1957
平成17,2005,緑区,市内移動_転出,女,1795
平成17,2005,緑区,その他増減,総数,57
平成17,2005,緑区,その他増減,男,23
平成17,2005,緑区,その他増減,女,34
平成17,2005,緑区,自然増減,総数,717
平成17,2005,緑区,自然増減,男,323
平成17,2005,緑区,自然増減,女,394
平成17,2005,緑区,出生,総数,1666
平成17,2005,緑区,出生,男,846
平成17,2005,緑区,出生,女,820
平成17,2005,緑区,死亡,総数,949
平成17,2005,緑区,死亡,男,523
平成17,2005,緑区,死亡,女,426
平成17,2005,緑区,人口増減率,,1.09627
平成17,2005,緑区,社会増減率,,0.67322
平成17,2005,緑区,自然増減率,,0.42305
平成17,2005,青葉区,世帯数増減,,2799
平成17,2005,青葉区,人口増減,総数,4491
平成17,2005,青葉区,人口増減,男,1966
平成17,2005,青葉区,人口増減,女,2525
平成17,2005,青葉区,社会増減,総数,2783
平成17,2005,青葉区,社会増減,男,1135
平成17,2005,青葉区,社会増減,女,1648
平成17,2005,青葉区,市外移動_転入,総数,19994
平成17,2005,青葉区,市外移動_転入,男,10553
平成17,2005,青葉区,市外移動_転入,女,9441
平成17,2005,青葉区,市外移動_転出,総数,17186
平成17,2005,青葉区,市外移動_転出,男,9322
平成17,2005,青葉区,市外移動_転出,女,7864
平成17,2005,青葉区,市内移動_転入,総数,3879
平成17,2005,青葉区,市内移動_転入,男,1971
平成17,2005,青葉区,市内移動_転入,女,1908
平成17,2005,青葉区,市内移動_転出,総数,4105
平成17,2005,青葉区,市内移動_転出,男,2120
平成17,2005,青葉区,市内移動_転出,女,1985
平成17,2005,青葉区,その他増減,総数,201
平成17,2005,青葉区,その他増減,男,53
平成17,2005,青葉区,その他増減,女,148
平成17,2005,青葉区,自然増減,総数,1708
平成17,2005,青葉区,自然増減,男,831
平成17,2005,青葉区,自然増減,女,877
平成17,2005,青葉区,出生,総数,2948
平成17,2005,青葉区,出生,男,1510
平成17,2005,青葉区,出生,女,1438
平成17,2005,青葉区,死亡,総数,1240
平成17,2005,青葉区,死亡,男,679
平成17,2005,青葉区,死亡,女,561
平成17,2005,青葉区,人口増減率,,1.54342
平成17,2005,青葉区,社会増減率,,0.95643
平成17,2005,青葉区,自然増減率,,0.58699
平成17,2005,都筑区,世帯数増減,,2384
平成17,2005,都筑区,人口増減,総数,5152
平成17,2005,都筑区,人口増減,男,2542
平成17,2005,都筑区,人口増減,女,2610
平成17,2005,都筑区,社会増減,総数,3854
平成17,2005,都筑区,社会増減,男,1906
平成17,2005,都筑区,社会増減,女,1948
平成17,2005,都筑区,市外移動_転入,総数,10384
平成17,2005,都筑区,市外移動_転入,男,5514
平成17,2005,都筑区,市外移動_転入,女,4870
平成17,2005,都筑区,市外移動_転出,総数,7679
平成17,2005,都筑区,市外移動_転出,男,4171
平成17,2005,都筑区,市外移動_転出,女,3508
平成17,2005,都筑区,市内移動_転入,総数,5028
平成17,2005,都筑区,市内移動_転入,男,2601
平成17,2005,都筑区,市内移動_転入,女,2427
平成17,2005,都筑区,市内移動_転出,総数,3866
平成17,2005,都筑区,市内移動_転出,男,2003
平成17,2005,都筑区,市内移動_転出,女,1863
平成17,2005,都筑区,その他増減,総数,-13
平成17,2005,都筑区,その他増減,男,-35
平成17,2005,都筑区,その他増減,女,22
平成17,2005,都筑区,自然増減,総数,1298
平成17,2005,都筑区,自然増減,男,636
平成17,2005,都筑区,自然増減,女,662
平成17,2005,都筑区,出生,総数,2000
平成17,2005,都筑区,出生,男,1046
平成17,2005,都筑区,出生,女,954
平成17,2005,都筑区,死亡,総数,702
平成17,2005,都筑区,死亡,男,410
平成17,2005,都筑区,死亡,女,292
平成17,2005,都筑区,人口増減率,,2.95776
平成17,2005,都筑区,社会増減率,,2.21258
平成17,2005,都筑区,自然増減率,,0.74518
平成17,2005,戸塚区,世帯数増減,,2446
平成17,2005,戸塚区,人口増減,総数,3499
平成17,2005,戸塚区,人口増減,男,1450
平成17,2005,戸塚区,人口増減,女,2049
平成17,2005,戸塚区,社会増減,総数,2715
平成17,2005,戸塚区,社会増減,男,1085
平成17,2005,戸塚区,社会増減,女,1630
平成17,2005,戸塚区,市外移動_転入,総数,10745
平成17,2005,戸塚区,市外移動_転入,男,5750
平成17,2005,戸塚区,市外移動_転入,女,4995
平成17,2005,戸塚区,市外移動_転出,総数,9546
平成17,2005,戸塚区,市外移動_転出,男,5324
平成17,2005,戸塚区,市外移動_転出,女,4222
平成17,2005,戸塚区,市内移動_転入,総数,6232
平成17,2005,戸塚区,市内移動_転入,男,3173
平成17,2005,戸塚区,市内移動_転入,女,3059
平成17,2005,戸塚区,市内移動_転出,総数,4749
平成17,2005,戸塚区,市内移動_転出,男,2487
平成17,2005,戸塚区,市内移動_転出,女,2262
平成17,2005,戸塚区,その他増減,総数,33
平成17,2005,戸塚区,その他増減,男,-27
平成17,2005,戸塚区,その他増減,女,60
平成17,2005,戸塚区,自然増減,総数,784
平成17,2005,戸塚区,自然増減,男,365
平成17,2005,戸塚区,自然増減,女,419
平成17,2005,戸塚区,出生,総数,2350
平成17,2005,戸塚区,出生,男,1226
平成17,2005,戸塚区,出生,女,1124
平成17,2005,戸塚区,死亡,総数,1566
平成17,2005,戸塚区,死亡,男,861
平成17,2005,戸塚区,死亡,女,705
平成17,2005,戸塚区,人口増減率,,1.34997
平成17,2005,戸塚区,社会増減率,,1.04749
平成17,2005,戸塚区,自然増減率,,0.30248
平成17,2005,栄区,世帯数増減,,494
平成17,2005,栄区,人口増減,総数,-172
平成17,2005,栄区,人口増減,男,-243
平成17,2005,栄区,人口増減,女,71
平成17,2005,栄区,社会増減,総数,-481
平成17,2005,栄区,社会増減,男,-354
平成17,2005,栄区,社会増減,女,-127
平成17,2005,栄区,市外移動_転入,総数,4662
平成17,2005,栄区,市外移動_転入,男,2648
平成17,2005,栄区,市外移動_転入,女,2014
平成17,2005,栄区,市外移動_転出,総数,4840
平成17,2005,栄区,市外移動_転出,男,2840
平成17,2005,栄区,市外移動_転出,女,2000
平成17,2005,栄区,市内移動_転入,総数,2523
平成17,2005,栄区,市内移動_転入,男,1364
平成17,2005,栄区,市内移動_転入,女,1159
平成17,2005,栄区,市内移動_転出,総数,2826
平成17,2005,栄区,市内移動_転出,男,1524
平成17,2005,栄区,市内移動_転出,女,1302
平成17,2005,栄区,その他増減,総数,0
平成17,2005,栄区,その他増減,男,-2
平成17,2005,栄区,その他増減,女,2
平成17,2005,栄区,自然増減,総数,309
平成17,2005,栄区,自然増減,男,111
平成17,2005,栄区,自然増減,女,198
平成17,2005,栄区,出生,総数,1099
平成17,2005,栄区,出生,男,557
平成17,2005,栄区,出生,女,542
平成17,2005,栄区,死亡,総数,790
平成17,2005,栄区,死亡,男,446
平成17,2005,栄区,死亡,女,344
平成17,2005,栄区,人口増減率,,-0.13905
平成17,2005,栄区,社会増減率,,-0.38887
平成17,2005,栄区,自然増減率,,0.24981
平成17,2005,泉区,世帯数増減,,1336
平成17,2005,泉区,人口増減,総数,627
平成17,2005,泉区,人口増減,男,300
平成17,2005,泉区,人口増減,女,327
平成17,2005,泉区,社会増減,総数,269
平成17,2005,泉区,社会増減,男,115
平成17,2005,泉区,社会増減,女,154
平成17,2005,泉区,市外移動_転入,総数,4222
平成17,2005,泉区,市外移動_転入,男,2149
平成17,2005,泉区,市外移動_転入,女,2073
平成17,2005,泉区,市外移動_転出,総数,4254
平成17,2005,泉区,市外移動_転出,男,2215
平成17,2005,泉区,市外移動_転出,女,2039
平成17,2005,泉区,市内移動_転入,総数,3364
平成17,2005,泉区,市内移動_転入,男,1685
平成17,2005,泉区,市内移動_転入,女,1679
平成17,2005,泉区,市内移動_転出,総数,3074
平成17,2005,泉区,市内移動_転出,男,1513
平成17,2005,泉区,市内移動_転出,女,1561
平成17,2005,泉区,その他増減,総数,11
平成17,2005,泉区,その他増減,男,9
平成17,2005,泉区,その他増減,女,2
平成17,2005,泉区,自然増減,総数,358
平成17,2005,泉区,自然増減,男,185
平成17,2005,泉区,自然増減,女,173
平成17,2005,泉区,出生,総数,1359
平成17,2005,泉区,出生,男,725
平成17,2005,泉区,出生,女,634
平成17,2005,泉区,死亡,総数,1001
平成17,2005,泉区,死亡,男,540
平成17,2005,泉区,死亡,女,461
平成17,2005,泉区,人口増減率,,0.41294
平成17,2005,泉区,社会増減率,,0.17716
平成17,2005,泉区,自然増減率,,0.23578
平成17,2005,瀬谷区,世帯数増減,,984
平成17,2005,瀬谷区,人口増減,総数,1319
平成17,2005,瀬谷区,人口増減,男,525
平成17,2005,瀬谷区,人口増減,女,794
平成17,2005,瀬谷区,社会増減,総数,946
平成17,2005,瀬谷区,社会増減,男,372
平成17,2005,瀬谷区,社会増減,女,574
平成17,2005,瀬谷区,市外移動_転入,総数,4182
平成17,2005,瀬谷区,市外移動_転入,男,2188
平成17,2005,瀬谷区,市外移動_転入,女,1994
平成17,2005,瀬谷区,市外移動_転出,総数,4052
平成17,2005,瀬谷区,市外移動_転出,男,2174
平成17,2005,瀬谷区,市外移動_転出,女,1878
平成17,2005,瀬谷区,市内移動_転入,総数,3265
平成17,2005,瀬谷区,市内移動_転入,男,1627
平成17,2005,瀬谷区,市内移動_転入,女,1638
平成17,2005,瀬谷区,市内移動_転出,総数,2475
平成17,2005,瀬谷区,市内移動_転出,男,1275
平成17,2005,瀬谷区,市内移動_転出,女,1200
平成17,2005,瀬谷区,その他増減,総数,26
平成17,2005,瀬谷区,その他増減,男,6
平成17,2005,瀬谷区,その他増減,女,20
平成17,2005,瀬谷区,自然増減,総数,373
平成17,2005,瀬谷区,自然増減,男,153
平成17,2005,瀬谷区,自然増減,女,220
平成17,2005,瀬谷区,出生,総数,1234
平成17,2005,瀬谷区,出生,男,648
平成17,2005,瀬谷区,出生,女,586
平成17,2005,瀬谷区,死亡,総数,861
平成17,2005,瀬谷区,死亡,男,495
平成17,2005,瀬谷区,死亡,女,366
平成17,2005,瀬谷区,人口増減率,,1.04564
平成17,2005,瀬谷区,社会増減率,,0.74994
平成17,2005,瀬谷区,自然増減率,,0.2957
平成18,2006,鶴見区,世帯数増減,,1679
平成18,2006,鶴見区,人口増減,総数,1864
平成18,2006,鶴見区,人口増減,男,897
平成18,2006,鶴見区,人口増減,女,967
平成18,2006,鶴見区,社会増減,総数,1121
平成18,2006,鶴見区,社会増減,男,562
平成18,2006,鶴見区,社会増減,女,559
平成18,2006,鶴見区,市外移動_転入,総数,14360
平成18,2006,鶴見区,市外移動_転入,男,8245
平成18,2006,鶴見区,市外移動_転入,女,6115
平成18,2006,鶴見区,市外移動_転出,総数,12750
平成18,2006,鶴見区,市外移動_転出,男,7353
平成18,2006,鶴見区,市外移動_転出,女,5397
平成18,2006,鶴見区,市内移動_転入,総数,3790
平成18,2006,鶴見区,市内移動_転入,男,2009
平成18,2006,鶴見区,市内移動_転入,女,1781
平成18,2006,鶴見区,市内移動_転出,総数,4306
平成18,2006,鶴見区,市内移動_転出,男,2346
平成18,2006,鶴見区,市内移動_転出,女,1960
平成18,2006,鶴見区,その他増減,総数,27
平成18,2006,鶴見区,その他増減,男,7
平成18,2006,鶴見区,その他増減,女,20
平成18,2006,鶴見区,自然増減,総数,743
平成18,2006,鶴見区,自然増減,男,335
平成18,2006,鶴見区,自然増減,女,408
平成18,2006,鶴見区,出生,総数,2688
平成18,2006,鶴見区,出生,男,1439
平成18,2006,鶴見区,出生,女,1249
平成18,2006,鶴見区,死亡,総数,1945
平成18,2006,鶴見区,死亡,男,1104
平成18,2006,鶴見区,死亡,女,841
平成18,2006,鶴見区,人口増減率,,0.70431
平成18,2006,鶴見区,社会増減率,,0.42357
平成18,2006,鶴見区,自然増減率,,0.28074
平成18,2006,神奈川区,世帯数増減,,738
平成18,2006,神奈川区,人口増減,総数,107
平成18,2006,神奈川区,人口増減,男,33
平成18,2006,神奈川区,人口増減,女,74
平成18,2006,神奈川区,社会増減,総数,-257
平成18,2006,神奈川区,社会増減,男,-122
平成18,2006,神奈川区,社会増減,女,-135
平成18,2006,神奈川区,市外移動_転入,総数,10137
平成18,2006,神奈川区,市外移動_転入,男,5818
平成18,2006,神奈川区,市外移動_転入,女,4319
平成18,2006,神奈川区,市外移動_転出,総数,9655
平成18,2006,神奈川区,市外移動_転出,男,5560
平成18,2006,神奈川区,市外移動_転出,女,4095
平成18,2006,神奈川区,市内移動_転入,総数,5838
平成18,2006,神奈川区,市内移動_転入,男,3142
平成18,2006,神奈川区,市内移動_転入,女,2696
平成18,2006,神奈川区,市内移動_転出,総数,6589
平成18,2006,神奈川区,市内移動_転出,男,3508
平成18,2006,神奈川区,市内移動_転出,女,3081
平成18,2006,神奈川区,その他増減,総数,12
平成18,2006,神奈川区,その他増減,男,-14
平成18,2006,神奈川区,その他増減,女,26
平成18,2006,神奈川区,自然増減,総数,364
平成18,2006,神奈川区,自然増減,男,155
平成18,2006,神奈川区,自然増減,女,209
平成18,2006,神奈川区,出生,総数,1979
平成18,2006,神奈川区,出生,男,1045
平成18,2006,神奈川区,出生,女,934
平成18,2006,神奈川区,死亡,総数,1615
平成18,2006,神奈川区,死亡,男,890
平成18,2006,神奈川区,死亡,女,725
平成18,2006,神奈川区,人口増減率,,0.04823
平成18,2006,神奈川区,社会増減率,,-0.11584
平成18,2006,神奈川区,自然増減率,,0.16407
平成18,2006,西区,世帯数増減,,507
平成18,2006,西区,人口増減,総数,47
平成18,2006,西区,人口増減,男,36
平成18,2006,西区,人口増減,女,11
平成18,2006,西区,社会増減,総数,58
平成18,2006,西区,社会増減,男,99
平成18,2006,西区,社会増減,女,-41
平成18,2006,西区,市外移動_転入,総数,4619
平成18,2006,西区,市外移動_転入,男,2585
平成18,2006,西区,市外移動_転入,女,2034
平成18,2006,西区,市外移動_転出,総数,4031
平成18,2006,西区,市外移動_転出,男,2261
平成18,2006,西区,市外移動_転出,女,1770
平成18,2006,西区,市内移動_転入,総数,2754
平成18,2006,西区,市内移動_転入,男,1473
平成18,2006,西区,市内移動_転入,女,1281
平成18,2006,西区,市内移動_転出,総数,3306
平成18,2006,西区,市内移動_転出,男,1718
平成18,2006,西区,市内移動_転出,女,1588
平成18,2006,西区,その他増減,総数,22
平成18,2006,西区,その他増減,男,20
平成18,2006,西区,その他増減,女,2
平成18,2006,西区,自然増減,総数,-11
平成18,2006,西区,自然増減,男,-63
平成18,2006,西区,自然増減,女,52
平成18,2006,西区,出生,総数,745
平成18,2006,西区,出生,男,378
平成18,2006,西区,出生,女,367
平成18,2006,西区,死亡,総数,756
平成18,2006,西区,死亡,男,441
平成18,2006,西区,死亡,女,315
平成18,2006,西区,人口増減率,,0.05517
平成18,2006,西区,社会増減率,,0.06808
平成18,2006,西区,自然増減率,,-0.01291
平成18,2006,中区,世帯数増減,,1201
平成18,2006,中区,人口増減,総数,1420
平成18,2006,中区,人口増減,男,773
平成18,2006,中区,人口増減,女,647
平成18,2006,中区,社会増減,総数,1592
平成18,2006,中区,社会増減,男,1032
平成18,2006,中区,社会増減,女,560
平成18,2006,中区,市外移動_転入,総数,9181
平成18,2006,中区,市外移動_転入,男,5135
平成18,2006,中区,市外移動_転入,女,4046
平成18,2006,中区,市外移動_転出,総数,7633
平成18,2006,中区,市外移動_転出,男,4125
平成18,2006,中区,市外移動_転出,女,3508
平成18,2006,中区,市内移動_転入,総数,4680
平成18,2006,中区,市内移動_転入,男,2577
平成18,2006,中区,市内移動_転入,女,2103
平成18,2006,中区,市内移動_転出,総数,4559
平成18,2006,中区,市内移動_転出,男,2488
平成18,2006,中区,市内移動_転出,女,2071
平成18,2006,中区,その他増減,総数,-77
平成18,2006,中区,その他増減,男,-67
平成18,2006,中区,その他増減,女,-10
平成18,2006,中区,自然増減,総数,-172
平成18,2006,中区,自然増減,男,-259
平成18,2006,中区,自然増減,女,87
平成18,2006,中区,出生,総数,1145
平成18,2006,中区,出生,男,603
平成18,2006,中区,出生,女,542
平成18,2006,中区,死亡,総数,1317
平成18,2006,中区,死亡,男,862
平成18,2006,中区,死亡,女,455
平成18,2006,中区,人口増減率,,1.01285
平成18,2006,中区,社会増減率,,1.13553
平成18,2006,中区,自然増減率,,-0.12268
平成18,2006,南区,世帯数増減,,1051
平成18,2006,南区,人口増減,総数,-324
平成18,2006,南区,人口増減,男,-105
平成18,2006,南区,人口増減,女,-219
平成18,2006,南区,社会増減,総数,40
平成18,2006,南区,社会増減,男,202
平成18,2006,南区,社会増減,女,-162
平成18,2006,南区,市外移動_転入,総数,7323
平成18,2006,南区,市外移動_転入,男,3898
平成18,2006,南区,市外移動_転入,女,3425
平成18,2006,南区,市外移動_転出,総数,7030
平成18,2006,南区,市外移動_転出,男,3658
平成18,2006,南区,市外移動_転出,女,3372
平成18,2006,南区,市内移動_転入,総数,5715
平成18,2006,南区,市内移動_転入,男,3106
平成18,2006,南区,市内移動_転入,女,2609
平成18,2006,南区,市内移動_転出,総数,6016
平成18,2006,南区,市内移動_転出,男,3137
平成18,2006,南区,市内移動_転出,女,2879
平成18,2006,南区,その他増減,総数,48
平成18,2006,南区,その他増減,男,-7
平成18,2006,南区,その他増減,女,55
平成18,2006,南区,自然増減,総数,-364
平成18,2006,南区,自然増減,男,-307
平成18,2006,南区,自然増減,女,-57
平成18,2006,南区,出生,総数,1455
平成18,2006,南区,出生,男,738
平成18,2006,南区,出生,女,717
平成18,2006,南区,死亡,総数,1819
平成18,2006,南区,死亡,男,1045
平成18,2006,南区,死亡,女,774
平成18,2006,南区,人口増減率,,-0.16471
平成18,2006,南区,社会増減率,,0.02034
平成18,2006,南区,自然増減率,,-0.18505
平成18,2006,港南区,世帯数増減,,1016
平成18,2006,港南区,人口増減,総数,-507
平成18,2006,港南区,人口増減,男,-297
平成18,2006,港南区,人口増減,女,-210
平成18,2006,港南区,社会増減,総数,-1033
平成18,2006,港南区,社会増減,男,-543
平成18,2006,港南区,社会増減,女,-490
平成18,2006,港南区,市外移動_転入,総数,6465
平成18,2006,港南区,市外移動_転入,男,3586
平成18,2006,港南区,市外移動_転入,女,2879
平成18,2006,港南区,市外移動_転出,総数,6803
平成18,2006,港南区,市外移動_転出,男,3752
平成18,2006,港南区,市外移動_転出,女,3051
平成18,2006,港南区,市内移動_転入,総数,4750
平成18,2006,港南区,市内移動_転入,男,2413
平成18,2006,港南区,市内移動_転入,女,2337
平成18,2006,港南区,市内移動_転出,総数,5444
平成18,2006,港南区,市内移動_転出,男,2771
平成18,2006,港南区,市内移動_転出,女,2673
平成18,2006,港南区,その他増減,総数,-1
平成18,2006,港南区,その他増減,男,-19
平成18,2006,港南区,その他増減,女,18
平成18,2006,港南区,自然増減,総数,526
平成18,2006,港南区,自然増減,男,246
平成18,2006,港南区,自然増減,女,280
平成18,2006,港南区,出生,総数,1891
平成18,2006,港南区,出生,男,990
平成18,2006,港南区,出生,女,901
平成18,2006,港南区,死亡,総数,1365
平成18,2006,港南区,死亡,男,744
平成18,2006,港南区,死亡,女,621
平成18,2006,港南区,人口増減率,,-0.22843
平成18,2006,港南区,社会増減率,,-0.46543
平成18,2006,港南区,自然増減率,,0.23699
平成18,2006,保土ケ谷区,世帯数増減,,1214
平成18,2006,保土ケ谷区,人口増減,総数,80
平成18,2006,保土ケ谷区,人口増減,男,-127
平成18,2006,保土ケ谷区,人口増減,女,207
平成18,2006,保土ケ谷区,社会増減,総数,-9
平成18,2006,保土ケ谷区,社会増減,男,-156
平成18,2006,保土ケ谷区,社会増減,女,147
平成18,2006,保土ケ谷区,市外移動_転入,総数,7164
平成18,2006,保土ケ谷区,市外移動_転入,男,3943
平成18,2006,保土ケ谷区,市外移動_転入,女,3221
平成18,2006,保土ケ谷区,市外移動_転出,総数,6748
平成18,2006,保土ケ谷区,市外移動_転出,男,3802
平成18,2006,保土ケ谷区,市外移動_転出,女,2946
平成18,2006,保土ケ谷区,市内移動_転入,総数,5171
平成18,2006,保土ケ谷区,市内移動_転入,男,2664
平成18,2006,保土ケ谷区,市内移動_転入,女,2507
平成18,2006,保土ケ谷区,市内移動_転出,総数,5654
平成18,2006,保土ケ谷区,市内移動_転出,男,2980
平成18,2006,保土ケ谷区,市内移動_転出,女,2674
平成18,2006,保土ケ谷区,その他増減,総数,58
平成18,2006,保土ケ谷区,その他増減,男,19
平成18,2006,保土ケ谷区,その他増減,女,39
平成18,2006,保土ケ谷区,自然増減,総数,89
平成18,2006,保土ケ谷区,自然増減,男,29
平成18,2006,保土ケ谷区,自然増減,女,60
平成18,2006,保土ケ谷区,出生,総数,1510
平成18,2006,保土ケ谷区,出生,男,799
平成18,2006,保土ケ谷区,出生,女,711
平成18,2006,保土ケ谷区,死亡,総数,1421
平成18,2006,保土ケ谷区,死亡,男,770
平成18,2006,保土ケ谷区,死亡,女,651
平成18,2006,保土ケ谷区,人口増減率,,0.03916
平成18,2006,保土ケ谷区,社会増減率,,-0.00441
平成18,2006,保土ケ谷区,自然増減率,,0.04357
平成18,2006,旭区,世帯数増減,,957
平成18,2006,旭区,人口増減,総数,-688
平成18,2006,旭区,人口増減,男,-537
平成18,2006,旭区,人口増減,女,-151
平成18,2006,旭区,社会増減,総数,-850
平成18,2006,旭区,社会増減,男,-550
平成18,2006,旭区,社会増減,女,-300
平成18,2006,旭区,市外移動_転入,総数,6292
平成18,2006,旭区,市外移動_転入,男,3293
平成18,2006,旭区,市外移動_転入,女,2999
平成18,2006,旭区,市外移動_転出,総数,7053
平成18,2006,旭区,市外移動_転出,男,3798
平成18,2006,旭区,市外移動_転出,女,3255
平成18,2006,旭区,市内移動_転入,総数,5350
平成18,2006,旭区,市内移動_転入,男,2761
平成18,2006,旭区,市内移動_転入,女,2589
平成18,2006,旭区,市内移動_転出,総数,5414
平成18,2006,旭区,市内移動_転出,男,2774
平成18,2006,旭区,市内移動_転出,女,2640
平成18,2006,旭区,その他増減,総数,-25
平成18,2006,旭区,その他増減,男,-32
平成18,2006,旭区,その他増減,女,7
平成18,2006,旭区,自然増減,総数,162
平成18,2006,旭区,自然増減,男,13
平成18,2006,旭区,自然増減,女,149
平成18,2006,旭区,出生,総数,2026
平成18,2006,旭区,出生,男,1047
平成18,2006,旭区,出生,女,979
平成18,2006,旭区,死亡,総数,1864
平成18,2006,旭区,死亡,男,1034
平成18,2006,旭区,死亡,女,830
平成18,2006,旭区,人口増減率,,-0.27598
平成18,2006,旭区,社会増減率,,-0.34097
平成18,2006,旭区,自然増減率,,0.06498
平成18,2006,磯子区,世帯数増減,,913
平成18,2006,磯子区,人口増減,総数,-28
平成18,2006,磯子区,人口増減,男,32
平成18,2006,磯子区,人口増減,女,-60
平成18,2006,磯子区,社会増減,総数,-215
平成18,2006,磯子区,社会増減,男,-25
平成18,2006,磯子区,社会増減,女,-190
平成18,2006,磯子区,市外移動_転入,総数,5617
平成18,2006,磯子区,市外移動_転入,男,3095
平成18,2006,磯子区,市外移動_転入,女,2522
平成18,2006,磯子区,市外移動_転出,総数,5541
平成18,2006,磯子区,市外移動_転出,男,3022
平成18,2006,磯子区,市外移動_転出,女,2519
平成18,2006,磯子区,市内移動_転入,総数,4461
平成18,2006,磯子区,市内移動_転入,男,2327
平成18,2006,磯子区,市内移動_転入,女,2134
平成18,2006,磯子区,市内移動_転出,総数,4820
平成18,2006,磯子区,市内移動_転出,男,2466
平成18,2006,磯子区,市内移動_転出,女,2354
平成18,2006,磯子区,その他増減,総数,68
平成18,2006,磯子区,その他増減,男,41
平成18,2006,磯子区,その他増減,女,27
平成18,2006,磯子区,自然増減,総数,187
平成18,2006,磯子区,自然増減,男,57
平成18,2006,磯子区,自然増減,女,130
平成18,2006,磯子区,出生,総数,1399
平成18,2006,磯子区,出生,男,727
平成18,2006,磯子区,出生,女,672
平成18,2006,磯子区,死亡,総数,1212
平成18,2006,磯子区,死亡,男,670
平成18,2006,磯子区,死亡,女,542
平成18,2006,磯子区,人口増減率,,-0.01714
平成18,2006,磯子区,社会増減率,,-0.13159
平成18,2006,磯子区,自然増減率,,0.11445
平成18,2006,金沢区,世帯数増減,,1354
平成18,2006,金沢区,人口増減,総数,1064
平成18,2006,金沢区,人口増減,男,462
平成18,2006,金沢区,人口増減,女,602
平成18,2006,金沢区,社会増減,総数,708
平成18,2006,金沢区,社会増減,男,349
平成18,2006,金沢区,社会増減,女,359
平成18,2006,金沢区,市外移動_転入,総数,7721
平成18,2006,金沢区,市外移動_転入,男,4255
平成18,2006,金沢区,市外移動_転入,女,3466
平成18,2006,金沢区,市外移動_転出,総数,7586
平成18,2006,金沢区,市外移動_転出,男,4247
平成18,2006,金沢区,市外移動_転出,女,3339
平成18,2006,金沢区,市内移動_転入,総数,3708
平成18,2006,金沢区,市内移動_転入,男,1965
平成18,2006,金沢区,市内移動_転入,女,1743
平成18,2006,金沢区,市内移動_転出,総数,3182
平成18,2006,金沢区,市内移動_転出,男,1651
平成18,2006,金沢区,市内移動_転出,女,1531
平成18,2006,金沢区,その他増減,総数,47
平成18,2006,金沢区,その他増減,男,27
平成18,2006,金沢区,その他増減,女,20
平成18,2006,金沢区,自然増減,総数,356
平成18,2006,金沢区,自然増減,男,113
平成18,2006,金沢区,自然増減,女,243
平成18,2006,金沢区,出生,総数,1770
平成18,2006,金沢区,出生,男,900
平成18,2006,金沢区,出生,女,870
平成18,2006,金沢区,死亡,総数,1414
平成18,2006,金沢区,死亡,男,787
平成18,2006,金沢区,死亡,女,627
平成18,2006,金沢区,人口増減率,,0.50341
平成18,2006,金沢区,社会増減率,,0.33498
平成18,2006,金沢区,自然増減率,,0.16843
平成18,2006,港北区,世帯数増減,,3539
平成18,2006,港北区,人口増減,総数,5003
平成18,2006,港北区,人口増減,男,2351
平成18,2006,港北区,人口増減,女,2652
平成18,2006,港北区,社会増減,総数,3588
平成18,2006,港北区,社会増減,男,1722
平成18,2006,港北区,社会増減,女,1866
平成18,2006,港北区,市外移動_転入,総数,19841
平成18,2006,港北区,市外移動_転入,男,10771
平成18,2006,港北区,市外移動_転入,女,9070
平成18,2006,港北区,市外移動_転出,総数,16483
平成18,2006,港北区,市外移動_転出,男,9159
平成18,2006,港北区,市外移動_転出,女,7324
平成18,2006,港北区,市内移動_転入,総数,6337
平成18,2006,港北区,市内移動_転入,男,3295
平成18,2006,港北区,市内移動_転入,女,3042
平成18,2006,港北区,市内移動_転出,総数,6196
平成18,2006,港北区,市内移動_転出,男,3214
平成18,2006,港北区,市内移動_転出,女,2982
平成18,2006,港北区,その他増減,総数,89
平成18,2006,港北区,その他増減,男,29
平成18,2006,港北区,その他増減,女,60
平成18,2006,港北区,自然増減,総数,1415
平成18,2006,港北区,自然増減,男,629
平成18,2006,港北区,自然増減,女,786
平成18,2006,港北区,出生,総数,3210
平成18,2006,港北区,出生,男,1648
平成18,2006,港北区,出生,女,1562
平成18,2006,港北区,死亡,総数,1795
平成18,2006,港北区,死亡,男,1019
平成18,2006,港北区,死亡,女,776
平成18,2006,港北区,人口増減率,,1.60331
平成18,2006,港北区,社会増減率,,1.14985
平成18,2006,港北区,自然増減率,,0.45347
平成18,2006,緑区,世帯数増減,,1276
平成18,2006,緑区,人口増減,総数,1570
平成18,2006,緑区,人口増減,男,500
平成18,2006,緑区,人口増減,女,1070
平成18,2006,緑区,社会増減,総数,784
平成18,2006,緑区,社会増減,男,183
平成18,2006,緑区,社会増減,女,601
平成18,2006,緑区,市外移動_転入,総数,6923
平成18,2006,緑区,市外移動_転入,男,3634
平成18,2006,緑区,市外移動_転入,女,3289
平成18,2006,緑区,市外移動_転出,総数,6772
平成18,2006,緑区,市外移動_転出,男,3698
平成18,2006,緑区,市外移動_転出,女,3074
平成18,2006,緑区,市内移動_転入,総数,4196
平成18,2006,緑区,市内移動_転入,男,2107
平成18,2006,緑区,市内移動_転入,女,2089
平成18,2006,緑区,市内移動_転出,総数,3554
平成18,2006,緑区,市内移動_転出,男,1827
平成18,2006,緑区,市内移動_転出,女,1727
平成18,2006,緑区,その他増減,総数,-9
平成18,2006,緑区,その他増減,男,-33
平成18,2006,緑区,その他増減,女,24
平成18,2006,緑区,自然増減,総数,786
平成18,2006,緑区,自然増減,男,317
平成18,2006,緑区,自然増減,女,469
平成18,2006,緑区,出生,総数,1759
平成18,2006,緑区,出生,男,894
平成18,2006,緑区,出生,女,865
平成18,2006,緑区,死亡,総数,973
平成18,2006,緑区,死亡,男,577
平成18,2006,緑区,死亡,女,396
平成18,2006,緑区,人口増減率,,0.91875
平成18,2006,緑区,社会増減率,,0.45879
平成18,2006,緑区,自然増減率,,0.45996
平成18,2006,青葉区,世帯数増減,,1937
平成18,2006,青葉区,人口増減,総数,2256
平成18,2006,青葉区,人口増減,男,661
平成18,2006,青葉区,人口増減,女,1595
平成18,2006,青葉区,社会増減,総数,581
平成18,2006,青葉区,社会増減,男,-85
平成18,2006,青葉区,社会増減,女,666
平成18,2006,青葉区,市外移動_転入,総数,18540
平成18,2006,青葉区,市外移動_転入,男,9724
平成18,2006,青葉区,市外移動_転入,女,8816
平成18,2006,青葉区,市外移動_転出,総数,17616
平成18,2006,青葉区,市外移動_転出,男,9588
平成18,2006,青葉区,市外移動_転出,女,8028
平成18,2006,青葉区,市内移動_転入,総数,3349
平成18,2006,青葉区,市内移動_転入,男,1749
平成18,2006,青葉区,市内移動_転入,女,1600
平成18,2006,青葉区,市内移動_転出,総数,3919
平成18,2006,青葉区,市内移動_転出,男,2078
平成18,2006,青葉区,市内移動_転出,女,1841
平成18,2006,青葉区,その他増減,総数,227
平成18,2006,青葉区,その他増減,男,108
平成18,2006,青葉区,その他増減,女,119
平成18,2006,青葉区,自然増減,総数,1675
平成18,2006,青葉区,自然増減,男,746
平成18,2006,青葉区,自然増減,女,929
平成18,2006,青葉区,出生,総数,2963
平成18,2006,青葉区,出生,男,1491
平成18,2006,青葉区,出生,女,1472
平成18,2006,青葉区,死亡,総数,1288
平成18,2006,青葉区,死亡,男,745
平成18,2006,青葉区,死亡,女,543
平成18,2006,青葉区,人口増減率,,0.76091
平成18,2006,青葉区,社会増減率,,0.19596
平成18,2006,青葉区,自然増減率,,0.56495
平成18,2006,都筑区,世帯数増減,,1894
平成18,2006,都筑区,人口増減,総数,3747
平成18,2006,都筑区,人口増減,男,1756
平成18,2006,都筑区,人口増減,女,1991
平成18,2006,都筑区,社会増減,総数,2505
平成18,2006,都筑区,社会増減,男,1102
平成18,2006,都筑区,社会増減,女,1403
平成18,2006,都筑区,市外移動_転入,総数,10222
平成18,2006,都筑区,市外移動_転入,男,5398
平成18,2006,都筑区,市外移動_転入,女,4824
平成18,2006,都筑区,市外移動_転出,総数,8252
平成18,2006,都筑区,市外移動_転出,男,4567
平成18,2006,都筑区,市外移動_転出,女,3685
平成18,2006,都筑区,市内移動_転入,総数,4258
平成18,2006,都筑区,市内移動_転入,男,2216
平成18,2006,都筑区,市内移動_転入,女,2042
平成18,2006,都筑区,市内移動_転出,総数,3781
平成18,2006,都筑区,市内移動_転出,男,1973
平成18,2006,都筑区,市内移動_転出,女,1808
平成18,2006,都筑区,その他増減,総数,58
平成18,2006,都筑区,その他増減,男,28
平成18,2006,都筑区,その他増減,女,30
平成18,2006,都筑区,自然増減,総数,1242
平成18,2006,都筑区,自然増減,男,654
平成18,2006,都筑区,自然増減,女,588
平成18,2006,都筑区,出生,総数,1964
平成18,2006,都筑区,出生,男,1026
平成18,2006,都筑区,出生,女,938
平成18,2006,都筑区,死亡,総数,722
平成18,2006,都筑区,死亡,男,372
平成18,2006,都筑区,死亡,女,350
平成18,2006,都筑区,人口増減率,,2.08246
平成18,2006,都筑区,社会増減率,,1.3922
平成18,2006,都筑区,自然増減率,,0.69026
平成18,2006,戸塚区,世帯数増減,,3148
平成18,2006,戸塚区,人口増減,総数,5271
平成18,2006,戸塚区,人口増減,男,2504
平成18,2006,戸塚区,人口増減,女,2767
平成18,2006,戸塚区,社会増減,総数,4196
平成18,2006,戸塚区,社会増減,男,2042
平成18,2006,戸塚区,社会増減,女,2154
平成18,2006,戸塚区,市外移動_転入,総数,11400
平成18,2006,戸塚区,市外移動_転入,男,6154
平成18,2006,戸塚区,市外移動_転入,女,5246
平成18,2006,戸塚区,市外移動_転出,総数,9423
平成18,2006,戸塚区,市外移動_転出,男,5131
平成18,2006,戸塚区,市外移動_転出,女,4292
平成18,2006,戸塚区,市内移動_転入,総数,6921
平成18,2006,戸塚区,市内移動_転入,男,3513
平成18,2006,戸塚区,市内移動_転入,女,3408
平成18,2006,戸塚区,市内移動_転出,総数,4756
平成18,2006,戸塚区,市内移動_転出,男,2506
平成18,2006,戸塚区,市内移動_転出,女,2250
平成18,2006,戸塚区,その他増減,総数,54
平成18,2006,戸塚区,その他増減,男,12
平成18,2006,戸塚区,その他増減,女,42
平成18,2006,戸塚区,自然増減,総数,1075
平成18,2006,戸塚区,自然増減,男,462
平成18,2006,戸塚区,自然増減,女,613
平成18,2006,戸塚区,出生,総数,2720
平成18,2006,戸塚区,出生,男,1364
平成18,2006,戸塚区,出生,女,1356
平成18,2006,戸塚区,死亡,総数,1645
平成18,2006,戸塚区,死亡,男,902
平成18,2006,戸塚区,死亡,女,743
平成18,2006,戸塚区,人口増減率,,2.00508
平成18,2006,戸塚区,社会増減率,,1.59615
平成18,2006,戸塚区,自然増減率,,0.40893
平成18,2006,栄区,世帯数増減,,1032
平成18,2006,栄区,人口増減,総数,621
平成18,2006,栄区,人口増減,男,354
平成18,2006,栄区,人口増減,女,267
平成18,2006,栄区,社会増減,総数,263
平成18,2006,栄区,社会増減,男,192
平成18,2006,栄区,社会増減,女,71
平成18,2006,栄区,市外移動_転入,総数,4905
平成18,2006,栄区,市外移動_転入,男,2811
平成18,2006,栄区,市外移動_転入,女,2094
平成18,2006,栄区,市外移動_転出,総数,4837
平成18,2006,栄区,市外移動_転出,男,2735
平成18,2006,栄区,市外移動_転出,女,2102
平成18,2006,栄区,市内移動_転入,総数,2826
平成18,2006,栄区,市内移動_転入,男,1539
平成18,2006,栄区,市内移動_転入,女,1287
平成18,2006,栄区,市内移動_転出,総数,2622
平成18,2006,栄区,市内移動_転出,男,1413
平成18,2006,栄区,市内移動_転出,女,1209
平成18,2006,栄区,その他増減,総数,-9
平成18,2006,栄区,その他増減,男,-10
平成18,2006,栄区,その他増減,女,1
平成18,2006,栄区,自然増減,総数,358
平成18,2006,栄区,自然増減,男,162
平成18,2006,栄区,自然増減,女,196
平成18,2006,栄区,出生,総数,1113
平成18,2006,栄区,出生,男,580
平成18,2006,栄区,出生,女,533
平成18,2006,栄区,死亡,総数,755
平成18,2006,栄区,死亡,男,418
平成18,2006,栄区,死亡,女,337
平成18,2006,栄区,人口増減率,,0.5017
平成18,2006,栄区,社会増減率,,0.21248
平成18,2006,栄区,自然増減率,,0.28923
平成18,2006,泉区,世帯数増減,,1374
平成18,2006,泉区,人口増減,総数,822
平成18,2006,泉区,人口増減,男,331
平成18,2006,泉区,人口増減,女,491
平成18,2006,泉区,社会増減,総数,389
平成18,2006,泉区,社会増減,男,123
平成18,2006,泉区,社会増減,女,266
平成18,2006,泉区,市外移動_転入,総数,4542
平成18,2006,泉区,市外移動_転入,男,2358
平成18,2006,泉区,市外移動_転入,女,2184
平成18,2006,泉区,市外移動_転出,総数,4502
平成18,2006,泉区,市外移動_転出,男,2405
平成18,2006,泉区,市外移動_転出,女,2097
平成18,2006,泉区,市内移動_転入,総数,3238
平成18,2006,泉区,市内移動_転入,男,1622
平成18,2006,泉区,市内移動_転入,女,1616
平成18,2006,泉区,市内移動_転出,総数,2907
平成18,2006,泉区,市内移動_転出,男,1463
平成18,2006,泉区,市内移動_転出,女,1444
平成18,2006,泉区,その他増減,総数,18
平成18,2006,泉区,その他増減,男,11
平成18,2006,泉区,その他増減,女,7
平成18,2006,泉区,自然増減,総数,433
平成18,2006,泉区,自然増減,男,208
平成18,2006,泉区,自然増減,女,225
平成18,2006,泉区,出生,総数,1440
平成18,2006,泉区,出生,男,768
平成18,2006,泉区,出生,女,672
平成18,2006,泉区,死亡,総数,1007
平成18,2006,泉区,死亡,男,560
平成18,2006,泉区,死亡,女,447
平成18,2006,泉区,人口増減率,,0.53896
平成18,2006,泉区,社会増減率,,0.25506
平成18,2006,泉区,自然増減率,,0.2839
平成18,2006,瀬谷区,世帯数増減,,318
平成18,2006,瀬谷区,人口増減,総数,-451
平成18,2006,瀬谷区,人口増減,男,-297
平成18,2006,瀬谷区,人口増減,女,-154
平成18,2006,瀬谷区,社会増減,総数,-833
平成18,2006,瀬谷区,社会増減,男,-456
平成18,2006,瀬谷区,社会増減,女,-377
平成18,2006,瀬谷区,市外移動_転入,総数,3486
平成18,2006,瀬谷区,市外移動_転入,男,1835
平成18,2006,瀬谷区,市外移動_転入,女,1651
平成18,2006,瀬谷区,市外移動_転出,総数,4137
平成18,2006,瀬谷区,市外移動_転出,男,2220
平成18,2006,瀬谷区,市外移動_転出,女,1917
平成18,2006,瀬谷区,市内移動_転入,総数,2494
平成18,2006,瀬谷区,市内移動_転入,男,1258
平成18,2006,瀬谷区,市内移動_転入,女,1236
平成18,2006,瀬谷区,市内移動_転出,総数,2667
平成18,2006,瀬谷区,市内移動_転出,男,1317
平成18,2006,瀬谷区,市内移動_転出,女,1350
平成18,2006,瀬谷区,その他増減,総数,-9
平成18,2006,瀬谷区,その他増減,男,-12
平成18,2006,瀬谷区,その他増減,女,3
平成18,2006,瀬谷区,自然増減,総数,382
平成18,2006,瀬谷区,自然増減,男,159
平成18,2006,瀬谷区,自然増減,女,223
平成18,2006,瀬谷区,出生,総数,1246
平成18,2006,瀬谷区,出生,男,619
平成18,2006,瀬谷区,出生,女,627
平成18,2006,瀬谷区,死亡,総数,864
平成18,2006,瀬谷区,死亡,男,460
平成18,2006,瀬谷区,死亡,女,404
平成18,2006,瀬谷区,人口増減率,,-0.35359
平成18,2006,瀬谷区,社会増減率,,-0.65308
平成18,2006,瀬谷区,自然増減率,,0.29949
平成19,2007,鶴見区,世帯数増減,,1687
平成19,2007,鶴見区,人口増減,総数,1043
平成19,2007,鶴見区,人口増減,男,385
平成19,2007,鶴見区,人口増減,女,658
平成19,2007,鶴見区,社会増減,総数,295
平成19,2007,鶴見区,社会増減,男,178
平成19,2007,鶴見区,社会増減,女,117
平成19,2007,鶴見区,市外移動_転入,総数,14313
平成19,2007,鶴見区,市外移動_転入,男,8228
平成19,2007,鶴見区,市外移動_転入,女,6085
平成19,2007,鶴見区,市外移動_転出,総数,13222
平成19,2007,鶴見区,市外移動_転出,男,7549
平成19,2007,鶴見区,市外移動_転出,女,5673
平成19,2007,鶴見区,市内移動_転入,総数,3611
平成19,2007,鶴見区,市内移動_転入,男,1939
平成19,2007,鶴見区,市内移動_転入,女,1672
平成19,2007,鶴見区,市内移動_転出,総数,4445
平成19,2007,鶴見区,市内移動_転出,男,2441
平成19,2007,鶴見区,市内移動_転出,女,2004
平成19,2007,鶴見区,その他増減,総数,38
平成19,2007,鶴見区,その他増減,男,1
平成19,2007,鶴見区,その他増減,女,37
平成19,2007,鶴見区,自然増減,総数,748
平成19,2007,鶴見区,自然増減,男,207
平成19,2007,鶴見区,自然増減,女,541
平成19,2007,鶴見区,出生,総数,2686
平成19,2007,鶴見区,出生,男,1365
平成19,2007,鶴見区,出生,女,1321
平成19,2007,鶴見区,死亡,総数,1938
平成19,2007,鶴見区,死亡,男,1158
平成19,2007,鶴見区,死亡,女,780
平成19,2007,鶴見区,人口増減率,,0.39134
平成19,2007,鶴見区,社会増減率,,0.11069
平成19,2007,鶴見区,自然増減率,,0.28066
平成19,2007,神奈川区,世帯数増減,,2711
平成19,2007,神奈川区,人口増減,総数,3335
平成19,2007,神奈川区,人口増減,男,1629
平成19,2007,神奈川区,人口増減,女,1706
平成19,2007,神奈川区,社会増減,総数,2878
平成19,2007,神奈川区,社会増減,男,1485
平成19,2007,神奈川区,社会増減,女,1393
平成19,2007,神奈川区,市外移動_転入,総数,11715
平成19,2007,神奈川区,市外移動_転入,男,6642
平成19,2007,神奈川区,市外移動_転入,女,5073
平成19,2007,神奈川区,市外移動_転出,総数,9318
平成19,2007,神奈川区,市外移動_転出,男,5469
平成19,2007,神奈川区,市外移動_転出,女,3849
平成19,2007,神奈川区,市内移動_転入,総数,7020
平成19,2007,神奈川区,市内移動_転入,男,3799
平成19,2007,神奈川区,市内移動_転入,女,3221
平成19,2007,神奈川区,市内移動_転出,総数,6552
平成19,2007,神奈川区,市内移動_転出,男,3472
平成19,2007,神奈川区,市内移動_転出,女,3080
平成19,2007,神奈川区,その他増減,総数,13
平成19,2007,神奈川区,その他増減,男,-15
平成19,2007,神奈川区,その他増減,女,28
平成19,2007,神奈川区,自然増減,総数,457
平成19,2007,神奈川区,自然増減,男,144
平成19,2007,神奈川区,自然増減,女,313
平成19,2007,神奈川区,出生,総数,2079
平成19,2007,神奈川区,出生,男,1062
平成19,2007,神奈川区,出生,女,1017
平成19,2007,神奈川区,死亡,総数,1622
平成19,2007,神奈川区,死亡,男,918
平成19,2007,神奈川区,死亡,女,704
平成19,2007,神奈川区,人口増減率,,1.50254
平成19,2007,神奈川区,社会増減率,,1.29664
平成19,2007,神奈川区,自然増減率,,0.20589
平成19,2007,西区,世帯数増減,,2343
平成19,2007,西区,人口増減,総数,4107
平成19,2007,西区,人口増減,男,1947
平成19,2007,西区,人口増減,女,2160
平成19,2007,西区,社会増減,総数,4016
平成19,2007,西区,社会増減,男,1937
平成19,2007,西区,社会増減,女,2079
平成19,2007,西区,市外移動_転入,総数,6366
平成19,2007,西区,市外移動_転入,男,3388
平成19,2007,西区,市外移動_転入,女,2978
平成19,2007,西区,市外移動_転出,総数,3948
平成19,2007,西区,市外移動_転出,男,2236
平成19,2007,西区,市外移動_転出,女,1712
平成19,2007,西区,市内移動_転入,総数,4883
平成19,2007,西区,市内移動_転入,男,2534
平成19,2007,西区,市内移動_転入,女,2349
平成19,2007,西区,市内移動_転出,総数,3300
平成19,2007,西区,市内移動_転出,男,1756
平成19,2007,西区,市内移動_転出,女,1544
平成19,2007,西区,その他増減,総数,15
平成19,2007,西区,その他増減,男,7
平成19,2007,西区,その他増減,女,8
平成19,2007,西区,自然増減,総数,91
平成19,2007,西区,自然増減,男,10
平成19,2007,西区,自然増減,女,81
平成19,2007,西区,出生,総数,816
平成19,2007,西区,出生,男,396
平成19,2007,西区,出生,女,420
平成19,2007,西区,死亡,総数,725
平成19,2007,西区,死亡,男,386
平成19,2007,西区,死亡,女,339
平成19,2007,西区,人口増減率,,4.81805
平成19,2007,西区,社会増減率,,4.71129
平成19,2007,西区,自然増減率,,0.10675
平成19,2007,中区,世帯数増減,,1385
平成19,2007,中区,人口増減,総数,1451
平成19,2007,中区,人口増減,男,831
平成19,2007,中区,人口増減,女,620
平成19,2007,中区,社会増減,総数,1634
平成19,2007,中区,社会増減,男,1150
平成19,2007,中区,社会増減,女,484
平成19,2007,中区,市外移動_転入,総数,9601
平成19,2007,中区,市外移動_転入,男,5513
平成19,2007,中区,市外移動_転入,女,4088
平成19,2007,中区,市外移動_転出,総数,7440
平成19,2007,中区,市外移動_転出,男,4134
平成19,2007,中区,市外移動_転出,女,3306
平成19,2007,中区,市内移動_転入,総数,4725
平成19,2007,中区,市内移動_転入,男,2642
平成19,2007,中区,市内移動_転入,女,2083
平成19,2007,中区,市内移動_転出,総数,5164
平成19,2007,中区,市内移動_転出,男,2764
平成19,2007,中区,市内移動_転出,女,2400
平成19,2007,中区,その他増減,総数,-88
平成19,2007,中区,その他増減,男,-107
平成19,2007,中区,その他増減,女,19
平成19,2007,中区,自然増減,総数,-183
平成19,2007,中区,自然増減,男,-319
平成19,2007,中区,自然増減,女,136
平成19,2007,中区,出生,総数,1178
平成19,2007,中区,出生,男,582
平成19,2007,中区,出生,女,596
平成19,2007,中区,死亡,総数,1361
平成19,2007,中区,死亡,男,901
平成19,2007,中区,死亡,女,460
平成19,2007,中区,人口増減率,,1.02458
平成19,2007,中区,社会増減率,,1.1538
平成19,2007,中区,自然増減率,,-0.12922
平成19,2007,南区,世帯数増減,,533
平成19,2007,南区,人口増減,総数,-634
平成19,2007,南区,人口増減,男,-414
平成19,2007,南区,人口増減,女,-220
平成19,2007,南区,社会増減,総数,-284
平成19,2007,南区,社会増減,男,-127
平成19,2007,南区,社会増減,女,-157
平成19,2007,南区,市外移動_転入,総数,7430
平成19,2007,南区,市外移動_転入,男,3949
平成19,2007,南区,市外移動_転入,女,3481
平成19,2007,南区,市外移動_転出,総数,6815
平成19,2007,南区,市外移動_転出,男,3680
平成19,2007,南区,市外移動_転出,女,3135
平成19,2007,南区,市内移動_転入,総数,5372
平成19,2007,南区,市内移動_転入,男,2848
平成19,2007,南区,市内移動_転入,女,2524
平成19,2007,南区,市内移動_転出,総数,6320
平成19,2007,南区,市内移動_転出,男,3255
平成19,2007,南区,市内移動_転出,女,3065
平成19,2007,南区,その他増減,総数,49
平成19,2007,南区,その他増減,男,11
平成19,2007,南区,その他増減,女,38
平成19,2007,南区,自然増減,総数,-350
平成19,2007,南区,自然増減,男,-287
平成19,2007,南区,自然増減,女,-63
平成19,2007,南区,出生,総数,1498
平成19,2007,南区,出生,男,763
平成19,2007,南区,出生,女,735
平成19,2007,南区,死亡,総数,1848
平成19,2007,南区,死亡,男,1050
平成19,2007,南区,死亡,女,798
平成19,2007,南区,人口増減率,,-0.32284
平成19,2007,南区,社会増減率,,-0.14462
平成19,2007,南区,自然増減率,,-0.17822
平成19,2007,港南区,世帯数増減,,1070
平成19,2007,港南区,人口増減,総数,172
平成19,2007,港南区,人口増減,男,-62
平成19,2007,港南区,人口増減,女,234
平成19,2007,港南区,社会増減,総数,-189
平成19,2007,港南区,社会増減,男,-186
平成19,2007,港南区,社会増減,女,-3
平成19,2007,港南区,市外移動_転入,総数,6544
平成19,2007,港南区,市外移動_転入,男,3600
平成19,2007,港南区,市外移動_転入,女,2944
平成19,2007,港南区,市外移動_転出,総数,6683
平成19,2007,港南区,市外移動_転出,男,3709
平成19,2007,港南区,市外移動_転出,女,2974
平成19,2007,港南区,市内移動_転入,総数,5019
平成19,2007,港南区,市内移動_転入,男,2569
平成19,2007,港南区,市内移動_転入,女,2450
平成19,2007,港南区,市内移動_転出,総数,5114
平成19,2007,港南区,市内移動_転出,男,2661
平成19,2007,港南区,市内移動_転出,女,2453
平成19,2007,港南区,その他増減,総数,45
平成19,2007,港南区,その他増減,男,15
平成19,2007,港南区,その他増減,女,30
平成19,2007,港南区,自然増減,総数,361
平成19,2007,港南区,自然増減,男,124
平成19,2007,港南区,自然増減,女,237
平成19,2007,港南区,出生,総数,1789
平成19,2007,港南区,出生,男,937
平成19,2007,港南区,出生,女,852
平成19,2007,港南区,死亡,総数,1428
平成19,2007,港南区,死亡,男,813
平成19,2007,港南区,死亡,女,615
平成19,2007,港南区,人口増減率,,0.07767
平成19,2007,港南区,社会増減率,,-0.08535
平成19,2007,港南区,自然増減率,,0.16302
平成19,2007,保土ケ谷区,世帯数増減,,1455
平成19,2007,保土ケ谷区,人口増減,総数,1027
平成19,2007,保土ケ谷区,人口増減,男,342
平成19,2007,保土ケ谷区,人口増減,女,685
平成19,2007,保土ケ谷区,社会増減,総数,1002
平成19,2007,保土ケ谷区,社会増減,男,421
平成19,2007,保土ケ谷区,社会増減,女,581
平成19,2007,保土ケ谷区,市外移動_転入,総数,7741
平成19,2007,保土ケ谷区,市外移動_転入,男,4361
平成19,2007,保土ケ谷区,市外移動_転入,女,3380
平成19,2007,保土ケ谷区,市外移動_転出,総数,6842
平成19,2007,保土ケ谷区,市外移動_転出,男,3896
平成19,2007,保土ケ谷区,市外移動_転出,女,2946
平成19,2007,保土ケ谷区,市内移動_転入,総数,5562
平成19,2007,保土ケ谷区,市内移動_転入,男,2826
平成19,2007,保土ケ谷区,市内移動_転入,女,2736
平成19,2007,保土ケ谷区,市内移動_転出,総数,5489
平成19,2007,保土ケ谷区,市内移動_転出,男,2872
平成19,2007,保土ケ谷区,市内移動_転出,女,2617
平成19,2007,保土ケ谷区,その他増減,総数,30
平成19,2007,保土ケ谷区,その他増減,男,2
平成19,2007,保土ケ谷区,その他増減,女,28
平成19,2007,保土ケ谷区,自然増減,総数,25
平成19,2007,保土ケ谷区,自然増減,男,-79
平成19,2007,保土ケ谷区,自然増減,女,104
平成19,2007,保土ケ谷区,出生,総数,1594
平成19,2007,保土ケ谷区,出生,男,799
平成19,2007,保土ケ谷区,出生,女,795
平成19,2007,保土ケ谷区,死亡,総数,1569
平成19,2007,保土ケ谷区,死亡,男,878
平成19,2007,保土ケ谷区,死亡,女,691
平成19,2007,保土ケ谷区,人口増減率,,0.50258
平成19,2007,保土ケ谷区,社会増減率,,0.49034
平成19,2007,保土ケ谷区,自然増減率,,0.01223
平成19,2007,旭区,世帯数増減,,983
平成19,2007,旭区,人口増減,総数,-267
平成19,2007,旭区,人口増減,男,-286
平成19,2007,旭区,人口増減,女,19
平成19,2007,旭区,社会増減,総数,-295
平成19,2007,旭区,社会増減,男,-200
平成19,2007,旭区,社会増減,女,-95
平成19,2007,旭区,市外移動_転入,総数,6443
平成19,2007,旭区,市外移動_転入,男,3396
平成19,2007,旭区,市外移動_転入,女,3047
平成19,2007,旭区,市外移動_転出,総数,6885
平成19,2007,旭区,市外移動_転出,男,3683
平成19,2007,旭区,市外移動_転出,女,3202
平成19,2007,旭区,市内移動_転入,総数,5266
平成19,2007,旭区,市内移動_転入,男,2722
平成19,2007,旭区,市内移動_転入,女,2544
平成19,2007,旭区,市内移動_転出,総数,5051
平成19,2007,旭区,市内移動_転出,男,2578
平成19,2007,旭区,市内移動_転出,女,2473
平成19,2007,旭区,その他増減,総数,-68
平成19,2007,旭区,その他増減,男,-57
平成19,2007,旭区,その他増減,女,-11
平成19,2007,旭区,自然増減,総数,28
平成19,2007,旭区,自然増減,男,-86
平成19,2007,旭区,自然増減,女,114
平成19,2007,旭区,出生,総数,1965
平成19,2007,旭区,出生,男,1005
平成19,2007,旭区,出生,女,960
平成19,2007,旭区,死亡,総数,1937
平成19,2007,旭区,死亡,男,1091
平成19,2007,旭区,死亡,女,846
平成19,2007,旭区,人口増減率,,-0.1074
平成19,2007,旭区,社会増減率,,-0.11866
平成19,2007,旭区,自然増減率,,0.01126
平成19,2007,磯子区,世帯数増減,,1422
平成19,2007,磯子区,人口増減,総数,1134
平成19,2007,磯子区,人口増減,男,657
平成19,2007,磯子区,人口増減,女,477
平成19,2007,磯子区,社会増減,総数,1011
平成19,2007,磯子区,社会増減,男,631
平成19,2007,磯子区,社会増減,女,380
平成19,2007,磯子区,市外移動_転入,総数,6046
平成19,2007,磯子区,市外移動_転入,男,3349
平成19,2007,磯子区,市外移動_転入,女,2697
平成19,2007,磯子区,市外移動_転出,総数,5497
平成19,2007,磯子区,市外移動_転出,男,2995
平成19,2007,磯子区,市外移動_転出,女,2502
平成19,2007,磯子区,市内移動_転入,総数,5162
平成19,2007,磯子区,市内移動_転入,男,2680
平成19,2007,磯子区,市内移動_転入,女,2482
平成19,2007,磯子区,市内移動_転出,総数,4742
平成19,2007,磯子区,市内移動_転出,男,2429
平成19,2007,磯子区,市内移動_転出,女,2313
平成19,2007,磯子区,その他増減,総数,42
平成19,2007,磯子区,その他増減,男,26
平成19,2007,磯子区,その他増減,女,16
平成19,2007,磯子区,自然増減,総数,123
平成19,2007,磯子区,自然増減,男,26
平成19,2007,磯子区,自然増減,女,97
平成19,2007,磯子区,出生,総数,1483
平成19,2007,磯子区,出生,男,768
平成19,2007,磯子区,出生,女,715
平成19,2007,磯子区,死亡,総数,1360
平成19,2007,磯子区,死亡,男,742
平成19,2007,磯子区,死亡,女,618
平成19,2007,磯子区,人口増減率,,0.69419
平成19,2007,磯子区,社会増減率,,0.61889
平成19,2007,磯子区,自然増減率,,0.0753
平成19,2007,金沢区,世帯数増減,,344
平成19,2007,金沢区,人口増減,総数,-1340
平成19,2007,金沢区,人口増減,男,-737
平成19,2007,金沢区,人口増減,女,-603
平成19,2007,金沢区,社会増減,総数,-1553
平成19,2007,金沢区,社会増減,男,-828
平成19,2007,金沢区,社会増減,女,-725
平成19,2007,金沢区,市外移動_転入,総数,7056
平成19,2007,金沢区,市外移動_転入,男,3944
平成19,2007,金沢区,市外移動_転入,女,3112
平成19,2007,金沢区,市外移動_転出,総数,7748
平成19,2007,金沢区,市外移動_転出,男,4325
平成19,2007,金沢区,市外移動_転出,女,3423
平成19,2007,金沢区,市内移動_転入,総数,2674
平成19,2007,金沢区,市内移動_転入,男,1373
平成19,2007,金沢区,市内移動_転入,女,1301
平成19,2007,金沢区,市内移動_転出,総数,3568
平成19,2007,金沢区,市内移動_転出,男,1839
平成19,2007,金沢区,市内移動_転出,女,1729
平成19,2007,金沢区,その他増減,総数,33
平成19,2007,金沢区,その他増減,男,19
平成19,2007,金沢区,その他増減,女,14
平成19,2007,金沢区,自然増減,総数,213
平成19,2007,金沢区,自然増減,男,91
平成19,2007,金沢区,自然増減,女,122
平成19,2007,金沢区,出生,総数,1698
平成19,2007,金沢区,出生,男,877
平成19,2007,金沢区,出生,女,821
平成19,2007,金沢区,死亡,総数,1485
平成19,2007,金沢区,死亡,男,786
平成19,2007,金沢区,死亡,女,699
平成19,2007,金沢区,人口増減率,,-0.63082
平成19,2007,金沢区,社会増減率,,-0.73109
平成19,2007,金沢区,自然増減率,,0.10027
平成19,2007,港北区,世帯数増減,,3468
平成19,2007,港北区,人口増減,総数,4343
平成19,2007,港北区,人口増減,男,2082
平成19,2007,港北区,人口増減,女,2261
平成19,2007,港北区,社会増減,総数,2855
平成19,2007,港北区,社会増減,男,1391
平成19,2007,港北区,社会増減,女,1464
平成19,2007,港北区,市外移動_転入,総数,19852
平成19,2007,港北区,市外移動_転入,男,10921
平成19,2007,港北区,市外移動_転入,女,8931
平成19,2007,港北区,市外移動_転出,総数,16168
平成19,2007,港北区,市外移動_転出,男,9071
平成19,2007,港北区,市外移動_転出,女,7097
平成19,2007,港北区,市内移動_転入,総数,5903
平成19,2007,港北区,市内移動_転入,男,3107
平成19,2007,港北区,市内移動_転入,女,2796
平成19,2007,港北区,市内移動_転出,総数,6900
平成19,2007,港北区,市内移動_転出,男,3637
平成19,2007,港北区,市内移動_転出,女,3263
平成19,2007,港北区,その他増減,総数,168
平成19,2007,港北区,その他増減,男,71
平成19,2007,港北区,その他増減,女,97
平成19,2007,港北区,自然増減,総数,1488
平成19,2007,港北区,自然増減,男,691
平成19,2007,港北区,自然増減,女,797
平成19,2007,港北区,出生,総数,3310
平成19,2007,港北区,出生,男,1676
平成19,2007,港北区,出生,女,1634
平成19,2007,港北区,死亡,総数,1822
平成19,2007,港北区,死亡,男,985
平成19,2007,港北区,死亡,女,837
平成19,2007,港北区,人口増減率,,1.36984
平成19,2007,港北区,社会増減率,,0.90051
平成19,2007,港北区,自然増減率,,0.46934
平成19,2007,緑区,世帯数増減,,1274
平成19,2007,緑区,人口増減,総数,1081
平成19,2007,緑区,人口増減,男,555
平成19,2007,緑区,人口増減,女,526
平成19,2007,緑区,社会増減,総数,393
平成19,2007,緑区,社会増減,男,231
平成19,2007,緑区,社会増減,女,162
平成19,2007,緑区,市外移動_転入,総数,6798
平成19,2007,緑区,市外移動_転入,男,3641
平成19,2007,緑区,市外移動_転入,女,3157
平成19,2007,緑区,市外移動_転出,総数,6595
平成19,2007,緑区,市外移動_転出,男,3531
平成19,2007,緑区,市外移動_転出,女,3064
平成19,2007,緑区,市内移動_転入,総数,4056
平成19,2007,緑区,市内移動_転入,男,2153
平成19,2007,緑区,市内移動_転入,女,1903
平成19,2007,緑区,市内移動_転出,総数,3884
平成19,2007,緑区,市内移動_転出,男,2008
平成19,2007,緑区,市内移動_転出,女,1876
平成19,2007,緑区,その他増減,総数,18
平成19,2007,緑区,その他増減,男,-24
平成19,2007,緑区,その他増減,女,42
平成19,2007,緑区,自然増減,総数,688
平成19,2007,緑区,自然増減,男,324
平成19,2007,緑区,自然増減,女,364
平成19,2007,緑区,出生,総数,1709
平成19,2007,緑区,出生,男,894
平成19,2007,緑区,出生,女,815
平成19,2007,緑区,死亡,総数,1021
平成19,2007,緑区,死亡,男,570
平成19,2007,緑区,死亡,女,451
平成19,2007,緑区,人口増減率,,0.62683
平成19,2007,緑区,社会増減率,,0.22789
平成19,2007,緑区,自然増減率,,0.39894
平成19,2007,青葉区,世帯数増減,,1374
平成19,2007,青葉区,人口増減,総数,1305
平成19,2007,青葉区,人口増減,男,351
平成19,2007,青葉区,人口増減,女,954
平成19,2007,青葉区,社会増減,総数,-319
平成19,2007,青葉区,社会増減,男,-473
平成19,2007,青葉区,社会増減,女,154
平成19,2007,青葉区,市外移動_転入,総数,17816
平成19,2007,青葉区,市外移動_転入,男,9481
平成19,2007,青葉区,市外移動_転入,女,8335
平成19,2007,青葉区,市外移動_転出,総数,17940
平成19,2007,青葉区,市外移動_転出,男,9700
平成19,2007,青葉区,市外移動_転出,女,8240
平成19,2007,青葉区,市内移動_転入,総数,3340
平成19,2007,青葉区,市内移動_転入,男,1681
平成19,2007,青葉区,市内移動_転入,女,1659
平成19,2007,青葉区,市内移動_転出,総数,3653
平成19,2007,青葉区,市内移動_転出,男,1936
平成19,2007,青葉区,市内移動_転出,女,1717
平成19,2007,青葉区,その他増減,総数,118
平成19,2007,青葉区,その他増減,男,1
平成19,2007,青葉区,その他増減,女,117
平成19,2007,青葉区,自然増減,総数,1624
平成19,2007,青葉区,自然増減,男,824
平成19,2007,青葉区,自然増減,女,800
平成19,2007,青葉区,出生,総数,2908
平成19,2007,青葉区,出生,男,1510
平成19,2007,青葉区,出生,女,1398
平成19,2007,青葉区,死亡,総数,1284
平成19,2007,青葉区,死亡,男,686
平成19,2007,青葉区,死亡,女,598
平成19,2007,青葉区,人口増減率,,0.43683
平成19,2007,青葉区,社会増減率,,-0.10678
平成19,2007,青葉区,自然増減率,,0.54361
平成19,2007,都筑区,世帯数増減,,2458
平成19,2007,都筑区,人口増減,総数,4841
平成19,2007,都筑区,人口増減,男,2400
平成19,2007,都筑区,人口増減,女,2441
平成19,2007,都筑区,社会増減,総数,3506
平成19,2007,都筑区,社会増減,男,1712
平成19,2007,都筑区,社会増減,女,1794
平成19,2007,都筑区,市外移動_転入,総数,10239
平成19,2007,都筑区,市外移動_転入,男,5476
平成19,2007,都筑区,市外移動_転入,女,4763
平成19,2007,都筑区,市外移動_転出,総数,7934
平成19,2007,都筑区,市外移動_転出,男,4406
平成19,2007,都筑区,市外移動_転出,女,3528
平成19,2007,都筑区,市内移動_転入,総数,4680
平成19,2007,都筑区,市内移動_転入,男,2449
平成19,2007,都筑区,市内移動_転入,女,2231
平成19,2007,都筑区,市内移動_転出,総数,3552
平成19,2007,都筑区,市内移動_転出,男,1834
平成19,2007,都筑区,市内移動_転出,女,1718
平成19,2007,都筑区,その他増減,総数,73
平成19,2007,都筑区,その他増減,男,27
平成19,2007,都筑区,その他増減,女,46
平成19,2007,都筑区,自然増減,総数,1335
平成19,2007,都筑区,自然増減,男,688
平成19,2007,都筑区,自然増減,女,647
平成19,2007,都筑区,出生,総数,2065
平成19,2007,都筑区,出生,男,1099
平成19,2007,都筑区,出生,女,966
平成19,2007,都筑区,死亡,総数,730
平成19,2007,都筑区,死亡,男,411
平成19,2007,都筑区,死亡,女,319
平成19,2007,都筑区,人口増減率,,2.63559
平成19,2007,都筑区,社会増減率,,1.90878
平成19,2007,都筑区,自然増減率,,0.72682
平成19,2007,戸塚区,世帯数増減,,1539
平成19,2007,戸塚区,人口増減,総数,1775
平成19,2007,戸塚区,人口増減,男,653
平成19,2007,戸塚区,人口増減,女,1122
平成19,2007,戸塚区,社会増減,総数,816
平成19,2007,戸塚区,社会増減,男,207
平成19,2007,戸塚区,社会増減,女,609
平成19,2007,戸塚区,市外移動_転入,総数,10341
平成19,2007,戸塚区,市外移動_転入,男,5695
平成19,2007,戸塚区,市外移動_転入,女,4646
平成19,2007,戸塚区,市外移動_転出,総数,9577
平成19,2007,戸塚区,市外移動_転出,男,5400
平成19,2007,戸塚区,市外移動_転出,女,4177
平成19,2007,戸塚区,市内移動_転入,総数,5174
平成19,2007,戸塚区,市内移動_転入,男,2662
平成19,2007,戸塚区,市内移動_転入,女,2512
平成19,2007,戸塚区,市内移動_転出,総数,5151
平成19,2007,戸塚区,市内移動_転出,男,2753
平成19,2007,戸塚区,市内移動_転出,女,2398
平成19,2007,戸塚区,その他増減,総数,29
平成19,2007,戸塚区,その他増減,男,3
平成19,2007,戸塚区,その他増減,女,26
平成19,2007,戸塚区,自然増減,総数,959
平成19,2007,戸塚区,自然増減,男,446
平成19,2007,戸塚区,自然増減,女,513
平成19,2007,戸塚区,出生,総数,2628
平成19,2007,戸塚区,出生,男,1369
平成19,2007,戸塚区,出生,女,1259
平成19,2007,戸塚区,死亡,総数,1669
平成19,2007,戸塚区,死亡,男,923
平成19,2007,戸塚区,死亡,女,746
平成19,2007,戸塚区,人口増減率,,0.66194
平成19,2007,戸塚区,社会増減率,,0.3043
平成19,2007,戸塚区,自然増減率,,0.35763
平成19,2007,栄区,世帯数増減,,597
平成19,2007,栄区,人口増減,総数,67
平成19,2007,栄区,人口増減,男,-69
平成19,2007,栄区,人口増減,女,136
平成19,2007,栄区,社会増減,総数,-135
平成19,2007,栄区,社会増減,男,-127
平成19,2007,栄区,社会増減,女,-8
平成19,2007,栄区,市外移動_転入,総数,4753
平成19,2007,栄区,市外移動_転入,男,2691
平成19,2007,栄区,市外移動_転入,女,2062
平成19,2007,栄区,市外移動_転出,総数,4668
平成19,2007,栄区,市外移動_転出,男,2666
平成19,2007,栄区,市外移動_転出,女,2002
平成19,2007,栄区,市内移動_転入,総数,2412
平成19,2007,栄区,市内移動_転入,男,1303
平成19,2007,栄区,市内移動_転入,女,1109
平成19,2007,栄区,市内移動_転出,総数,2637
平成19,2007,栄区,市内移動_転出,男,1458
平成19,2007,栄区,市内移動_転出,女,1179
平成19,2007,栄区,その他増減,総数,5
平成19,2007,栄区,その他増減,男,3
平成19,2007,栄区,その他増減,女,2
平成19,2007,栄区,自然増減,総数,202
平成19,2007,栄区,自然増減,男,58
平成19,2007,栄区,自然増減,女,144
平成19,2007,栄区,出生,総数,1048
平成19,2007,栄区,出生,男,535
平成19,2007,栄区,出生,女,513
平成19,2007,栄区,死亡,総数,846
平成19,2007,栄区,死亡,男,477
平成19,2007,栄区,死亡,女,369
平成19,2007,栄区,人口増減率,,0.05386
平成19,2007,栄区,社会増減率,,-0.10852
平成19,2007,栄区,自然増減率,,0.16238
平成19,2007,泉区,世帯数増減,,1394
平成19,2007,泉区,人口増減,総数,1030
平成19,2007,泉区,人口増減,男,589
平成19,2007,泉区,人口増減,女,441
平成19,2007,泉区,社会増減,総数,638
平成19,2007,泉区,社会増減,男,402
平成19,2007,泉区,社会増減,女,236
平成19,2007,泉区,市外移動_転入,総数,4298
平成19,2007,泉区,市外移動_転入,男,2272
平成19,2007,泉区,市外移動_転入,女,2026
平成19,2007,泉区,市外移動_転出,総数,4455
平成19,2007,泉区,市外移動_転出,男,2372
平成19,2007,泉区,市外移動_転出,女,2083
平成19,2007,泉区,市内移動_転入,総数,3545
平成19,2007,泉区,市内移動_転入,男,1891
平成19,2007,泉区,市内移動_転入,女,1654
平成19,2007,泉区,市内移動_転出,総数,2748
平成19,2007,泉区,市内移動_転出,男,1389
平成19,2007,泉区,市内移動_転出,女,1359
平成19,2007,泉区,その他増減,総数,-2
平成19,2007,泉区,その他増減,男,0
平成19,2007,泉区,その他増減,女,-2
平成19,2007,泉区,自然増減,総数,392
平成19,2007,泉区,自然増減,男,187
平成19,2007,泉区,自然増減,女,205
平成19,2007,泉区,出生,総数,1444
平成19,2007,泉区,出生,男,735
平成19,2007,泉区,出生,女,709
平成19,2007,泉区,死亡,総数,1052
平成19,2007,泉区,死亡,男,548
平成19,2007,泉区,死亡,女,504
平成19,2007,泉区,人口増減率,,0.67172
平成19,2007,泉区,社会増減率,,0.41607
平成19,2007,泉区,自然増減率,,0.25564
平成19,2007,瀬谷区,世帯数増減,,508
平成19,2007,瀬谷区,人口増減,総数,-31
平成19,2007,瀬谷区,人口増減,男,-51
平成19,2007,瀬谷区,人口増減,女,20
平成19,2007,瀬谷区,社会増減,総数,-318
平成19,2007,瀬谷区,社会増減,男,-159
平成19,2007,瀬谷区,社会増減,女,-159
平成19,2007,瀬谷区,市外移動_転入,総数,3713
平成19,2007,瀬谷区,市外移動_転入,男,1945
平成19,2007,瀬谷区,市外移動_転入,女,1768
平成19,2007,瀬谷区,市外移動_転出,総数,4037
平成19,2007,瀬谷区,市外移動_転出,男,2084
平成19,2007,瀬谷区,市外移動_転出,女,1953
平成19,2007,瀬谷区,市内移動_転入,総数,2542
平成19,2007,瀬谷区,市内移動_転入,男,1305
平成19,2007,瀬谷区,市内移動_転入,女,1237
平成19,2007,瀬谷区,市内移動_転出,総数,2521
平成19,2007,瀬谷区,市内移動_転出,男,1292
平成19,2007,瀬谷区,市内移動_転出,女,1229
平成19,2007,瀬谷区,その他増減,総数,-15
平成19,2007,瀬谷区,その他増減,男,-33
平成19,2007,瀬谷区,その他増減,女,18
平成19,2007,瀬谷区,自然増減,総数,287
平成19,2007,瀬谷区,自然増減,男,108
平成19,2007,瀬谷区,自然増減,女,179
平成19,2007,瀬谷区,出生,総数,1224
平成19,2007,瀬谷区,出生,男,639
平成19,2007,瀬谷区,出生,女,585
平成19,2007,瀬谷区,死亡,総数,937
平成19,2007,瀬谷区,死亡,男,531
平成19,2007,瀬谷区,死亡,女,406
平成19,2007,瀬谷区,人口増減率,,-0.02439
平成19,2007,瀬谷区,社会増減率,,-0.2502
平成19,2007,瀬谷区,自然増減率,,0.22581
平成20,2008,鶴見区,世帯数増減,,1848
平成20,2008,鶴見区,人口増減,総数,2055
平成20,2008,鶴見区,人口増減,男,946
平成20,2008,鶴見区,人口増減,女,1109
平成20,2008,鶴見区,社会増減,総数,1401
平成20,2008,鶴見区,社会増減,男,724
平成20,2008,鶴見区,社会増減,女,677
平成20,2008,鶴見区,市外移動_転入,総数,14356
平成20,2008,鶴見区,市外移動_転入,男,8275
平成20,2008,鶴見区,市外移動_転入,女,6081
平成20,2008,鶴見区,市外移動_転出,総数,12243
平成20,2008,鶴見区,市外移動_転出,男,7093
平成20,2008,鶴見区,市外移動_転出,女,5150
平成20,2008,鶴見区,市内移動_転入,総数,3238
平成20,2008,鶴見区,市内移動_転入,男,1737
平成20,2008,鶴見区,市内移動_転入,女,1501
平成20,2008,鶴見区,市内移動_転出,総数,3946
平成20,2008,鶴見区,市内移動_転出,男,2171
平成20,2008,鶴見区,市内移動_転出,女,1775
平成20,2008,鶴見区,その他増減,総数,-4
平成20,2008,鶴見区,その他増減,男,-24
平成20,2008,鶴見区,その他増減,女,20
平成20,2008,鶴見区,自然増減,総数,654
平成20,2008,鶴見区,自然増減,男,222
平成20,2008,鶴見区,自然増減,女,432
平成20,2008,鶴見区,出生,総数,2661
平成20,2008,鶴見区,出生,男,1353
平成20,2008,鶴見区,出生,女,1308
平成20,2008,鶴見区,死亡,総数,2007
平成20,2008,鶴見区,死亡,男,1131
平成20,2008,鶴見区,死亡,女,876
平成20,2008,鶴見区,人口増減率,,0.76805
平成20,2008,鶴見区,社会増減率,,0.52362
平成20,2008,鶴見区,自然増減率,,0.24443
平成20,2008,神奈川区,世帯数増減,,2111
平成20,2008,神奈川区,人口増減,総数,2733
平成20,2008,神奈川区,人口増減,男,1168
平成20,2008,神奈川区,人口増減,女,1565
平成20,2008,神奈川区,社会増減,総数,2287
平成20,2008,神奈川区,社会増減,男,997
平成20,2008,神奈川区,社会増減,女,1290
平成20,2008,神奈川区,市外移動_転入,総数,11540
平成20,2008,神奈川区,市外移動_転入,男,6485
平成20,2008,神奈川区,市外移動_転入,女,5055
平成20,2008,神奈川区,市外移動_転出,総数,9241
平成20,2008,神奈川区,市外移動_転出,男,5373
平成20,2008,神奈川区,市外移動_転出,女,3868
平成20,2008,神奈川区,市内移動_転入,総数,6262
平成20,2008,神奈川区,市内移動_転入,男,3247
平成20,2008,神奈川区,市内移動_転入,女,3015
平成20,2008,神奈川区,市内移動_転出,総数,6278
平成20,2008,神奈川区,市内移動_転出,男,3338
平成20,2008,神奈川区,市内移動_転出,女,2940
平成20,2008,神奈川区,その他増減,総数,4
平成20,2008,神奈川区,その他増減,男,-24
平成20,2008,神奈川区,その他増減,女,28
平成20,2008,神奈川区,自然増減,総数,446
平成20,2008,神奈川区,自然増減,男,171
平成20,2008,神奈川区,自然増減,女,275
平成20,2008,神奈川区,出生,総数,2132
平成20,2008,神奈川区,出生,男,1106
平成20,2008,神奈川区,出生,女,1026
平成20,2008,神奈川区,死亡,総数,1686
平成20,2008,神奈川区,死亡,男,935
平成20,2008,神奈川区,死亡,女,751
平成20,2008,神奈川区,人口増減率,,1.21309
平成20,2008,神奈川区,社会増減率,,1.01512
平成20,2008,神奈川区,自然増減率,,0.19796
平成20,2008,西区,世帯数増減,,2064
平成20,2008,西区,人口増減,総数,2923
平成20,2008,西区,人口増減,男,1432
平成20,2008,西区,人口増減,女,1491
平成20,2008,西区,社会増減,総数,2889
平成20,2008,西区,社会増減,男,1446
平成20,2008,西区,社会増減,女,1443
平成20,2008,西区,市外移動_転入,総数,6340
平成20,2008,西区,市外移動_転入,男,3412
平成20,2008,西区,市外移動_転入,女,2928
平成20,2008,西区,市外移動_転出,総数,4296
平成20,2008,西区,市外移動_転出,男,2380
平成20,2008,西区,市外移動_転出,女,1916
平成20,2008,西区,市内移動_転入,総数,4179
平成20,2008,西区,市内移動_転入,男,2158
平成20,2008,西区,市内移動_転入,女,2021
平成20,2008,西区,市内移動_転出,総数,3334
平成20,2008,西区,市内移動_転出,男,1748
平成20,2008,西区,市内移動_転出,女,1586
平成20,2008,西区,その他増減,総数,0
平成20,2008,西区,その他増減,男,4
平成20,2008,西区,その他増減,女,-4
平成20,2008,西区,自然増減,総数,34
平成20,2008,西区,自然増減,男,-14
平成20,2008,西区,自然増減,女,48
平成20,2008,西区,出生,総数,837
平成20,2008,西区,出生,男,430
平成20,2008,西区,出生,女,407
平成20,2008,西区,死亡,総数,803
平成20,2008,西区,死亡,男,444
平成20,2008,西区,死亡,女,359
平成20,2008,西区,人口増減率,,3.27144
平成20,2008,西区,社会増減率,,3.23339
平成20,2008,西区,自然増減率,,0.03805
平成20,2008,中区,世帯数増減,,1266
平成20,2008,中区,人口増減,総数,1070
平成20,2008,中区,人口増減,男,653
平成20,2008,中区,人口増減,女,417
平成20,2008,中区,社会増減,総数,1432
平成20,2008,中区,社会増減,男,977
平成20,2008,中区,社会増減,女,455
平成20,2008,中区,市外移動_転入,総数,9568
平成20,2008,中区,市外移動_転入,男,5457
平成20,2008,中区,市外移動_転入,女,4111
平成20,2008,中区,市外移動_転出,総数,7970
平成20,2008,中区,市外移動_転出,男,4475
平成20,2008,中区,市外移動_転出,女,3495
平成20,2008,中区,市内移動_転入,総数,4647
平成20,2008,中区,市内移動_転入,男,2635
平成20,2008,中区,市内移動_転入,女,2012
平成20,2008,中区,市内移動_転出,総数,4828
平成20,2008,中区,市内移動_転出,男,2629
平成20,2008,中区,市内移動_転出,女,2199
平成20,2008,中区,その他増減,総数,15
平成20,2008,中区,その他増減,男,-11
平成20,2008,中区,その他増減,女,26
平成20,2008,中区,自然増減,総数,-362
平成20,2008,中区,自然増減,男,-324
平成20,2008,中区,自然増減,女,-38
平成20,2008,中区,出生,総数,1118
平成20,2008,中区,出生,男,587
平成20,2008,中区,出生,女,531
平成20,2008,中区,死亡,総数,1480
平成20,2008,中区,死亡,男,911
平成20,2008,中区,死亡,女,569
平成20,2008,中区,人口増減率,,0.74789
平成20,2008,中区,社会増減率,,1.00091
平成20,2008,中区,自然増減率,,-0.25302
平成20,2008,南区,世帯数増減,,1234
平成20,2008,南区,人口増減,総数,607
平成20,2008,南区,人口増減,男,294
平成20,2008,南区,人口増減,女,313
平成20,2008,南区,社会増減,総数,983
平成20,2008,南区,社会増減,男,601
平成20,2008,南区,社会増減,女,382
平成20,2008,南区,市外移動_転入,総数,7469
平成20,2008,南区,市外移動_転入,男,4042
平成20,2008,南区,市外移動_転入,女,3427
平成20,2008,南区,市外移動_転出,総数,6574
平成20,2008,南区,市外移動_転出,男,3563
平成20,2008,南区,市外移動_転出,女,3011
平成20,2008,南区,市内移動_転入,総数,5809
平成20,2008,南区,市内移動_転入,男,3058
平成20,2008,南区,市内移動_転入,女,2751
平成20,2008,南区,市内移動_転出,総数,5771
平成20,2008,南区,市内移動_転出,男,2960
平成20,2008,南区,市内移動_転出,女,2811
平成20,2008,南区,その他増減,総数,50
平成20,2008,南区,その他増減,男,24
平成20,2008,南区,その他増減,女,26
平成20,2008,南区,自然増減,総数,-376
平成20,2008,南区,自然増減,男,-307
平成20,2008,南区,自然増減,女,-69
平成20,2008,南区,出生,総数,1465
平成20,2008,南区,出生,男,742
平成20,2008,南区,出生,女,723
平成20,2008,南区,死亡,総数,1841
平成20,2008,南区,死亡,男,1049
平成20,2008,南区,死亡,女,792
平成20,2008,南区,人口増減率,,0.31009
平成20,2008,南区,社会増減率,,0.50218
平成20,2008,南区,自然増減率,,-0.19208
平成20,2008,港南区,世帯数増減,,1059
平成20,2008,港南区,人口増減,総数,60
平成20,2008,港南区,人口増減,男,9
平成20,2008,港南区,人口増減,女,51
平成20,2008,港南区,社会増減,総数,-201
平成20,2008,港南区,社会増減,男,-92
平成20,2008,港南区,社会増減,女,-109
平成20,2008,港南区,市外移動_転入,総数,6449
平成20,2008,港南区,市外移動_転入,男,3526
平成20,2008,港南区,市外移動_転入,女,2923
平成20,2008,港南区,市外移動_転出,総数,6519
平成20,2008,港南区,市外移動_転出,男,3588
平成20,2008,港南区,市外移動_転出,女,2931
平成20,2008,港南区,市内移動_転入,総数,4719
平成20,2008,港南区,市内移動_転入,男,2423
平成20,2008,港南区,市内移動_転入,女,2296
平成20,2008,港南区,市内移動_転出,総数,4875
平成20,2008,港南区,市内移動_転出,男,2464
平成20,2008,港南区,市内移動_転出,女,2411
平成20,2008,港南区,その他増減,総数,25
平成20,2008,港南区,その他増減,男,11
平成20,2008,港南区,その他増減,女,14
平成20,2008,港南区,自然増減,総数,261
平成20,2008,港南区,自然増減,男,101
平成20,2008,港南区,自然増減,女,160
平成20,2008,港南区,出生,総数,1801
平成20,2008,港南区,出生,男,957
平成20,2008,港南区,出生,女,844
平成20,2008,港南区,死亡,総数,1540
平成20,2008,港南区,死亡,男,856
平成20,2008,港南区,死亡,女,684
平成20,2008,港南区,人口増減率,,0.02707
平成20,2008,港南区,社会増減率,,-0.0907
平成20,2008,港南区,自然増減率,,0.11777
平成20,2008,保土ケ谷区,世帯数増減,,1245
平成20,2008,保土ケ谷区,人口増減,総数,239
平成20,2008,保土ケ谷区,人口増減,男,87
平成20,2008,保土ケ谷区,人口増減,女,152
平成20,2008,保土ケ谷区,社会増減,総数,377
平成20,2008,保土ケ谷区,社会増減,男,172
平成20,2008,保土ケ谷区,社会増減,女,205
平成20,2008,保土ケ谷区,市外移動_転入,総数,7172
平成20,2008,保土ケ谷区,市外移動_転入,男,4028
平成20,2008,保土ケ谷区,市外移動_転入,女,3144
平成20,2008,保土ケ谷区,市外移動_転出,総数,6528
平成20,2008,保土ケ谷区,市外移動_転出,男,3676
平成20,2008,保土ケ谷区,市外移動_転出,女,2852
平成20,2008,保土ケ谷区,市内移動_転入,総数,4914
平成20,2008,保土ケ谷区,市内移動_転入,男,2546
平成20,2008,保土ケ谷区,市内移動_転入,女,2368
平成20,2008,保土ケ谷区,市内移動_転出,総数,5224
平成20,2008,保土ケ谷区,市内移動_転出,男,2723
平成20,2008,保土ケ谷区,市内移動_転出,女,2501
平成20,2008,保土ケ谷区,その他増減,総数,43
平成20,2008,保土ケ谷区,その他増減,男,-3
平成20,2008,保土ケ谷区,その他増減,女,46
平成20,2008,保土ケ谷区,自然増減,総数,-138
平成20,2008,保土ケ谷区,自然増減,男,-85
平成20,2008,保土ケ谷区,自然増減,女,-53
平成20,2008,保土ケ谷区,出生,総数,1485
平成20,2008,保土ケ谷区,出生,男,802
平成20,2008,保土ケ谷区,出生,女,683
平成20,2008,保土ケ谷区,死亡,総数,1623
平成20,2008,保土ケ谷区,死亡,男,887
平成20,2008,保土ケ谷区,死亡,女,736
平成20,2008,保土ケ谷区,人口増減率,,0.11637
平成20,2008,保土ケ谷区,社会増減率,,0.18357
平成20,2008,保土ケ谷区,自然増減率,,-0.06719
平成20,2008,旭区,世帯数増減,,984
平成20,2008,旭区,人口増減,総数,42
平成20,2008,旭区,人口増減,男,-194
平成20,2008,旭区,人口増減,女,236
平成20,2008,旭区,社会増減,総数,114
平成20,2008,旭区,社会増減,男,-68
平成20,2008,旭区,社会増減,女,182
平成20,2008,旭区,市外移動_転入,総数,6458
平成20,2008,旭区,市外移動_転入,男,3396
平成20,2008,旭区,市外移動_転入,女,3062
平成20,2008,旭区,市外移動_転出,総数,6769
平成20,2008,旭区,市外移動_転出,男,3637
平成20,2008,旭区,市外移動_転出,女,3132
平成20,2008,旭区,市内移動_転入,総数,5256
平成20,2008,旭区,市内移動_転入,男,2709
平成20,2008,旭区,市内移動_転入,女,2547
平成20,2008,旭区,市内移動_転出,総数,4778
平成20,2008,旭区,市内移動_転出,男,2482
平成20,2008,旭区,市内移動_転出,女,2296
平成20,2008,旭区,その他増減,総数,-53
平成20,2008,旭区,その他増減,男,-54
平成20,2008,旭区,その他増減,女,1
平成20,2008,旭区,自然増減,総数,-72
平成20,2008,旭区,自然増減,男,-126
平成20,2008,旭区,自然増減,女,54
平成20,2008,旭区,出生,総数,1861
平成20,2008,旭区,出生,男,962
平成20,2008,旭区,出生,女,899
平成20,2008,旭区,死亡,総数,1933
平成20,2008,旭区,死亡,男,1088
平成20,2008,旭区,死亡,女,845
平成20,2008,旭区,人口増減率,,0.01691
平成20,2008,旭区,社会増減率,,0.04591
平成20,2008,旭区,自然増減率,,-0.02899
平成20,2008,磯子区,世帯数増減,,481
平成20,2008,磯子区,人口増減,総数,-578
平成20,2008,磯子区,人口増減,男,-304
平成20,2008,磯子区,人口増減,女,-274
平成20,2008,磯子区,社会増減,総数,-794
平成20,2008,磯子区,社会増減,男,-335
平成20,2008,磯子区,社会増減,女,-459
平成20,2008,磯子区,市外移動_転入,総数,5613
平成20,2008,磯子区,市外移動_転入,男,3138
平成20,2008,磯子区,市外移動_転入,女,2475
平成20,2008,磯子区,市外移動_転出,総数,5609
平成20,2008,磯子区,市外移動_転出,男,3106
平成20,2008,磯子区,市外移動_転出,女,2503
平成20,2008,磯子区,市内移動_転入,総数,3832
平成20,2008,磯子区,市内移動_転入,男,2018
平成20,2008,磯子区,市内移動_転入,女,1814
平成20,2008,磯子区,市内移動_転出,総数,4711
平成20,2008,磯子区,市内移動_転出,男,2432
平成20,2008,磯子区,市内移動_転出,女,2279
平成20,2008,磯子区,その他増減,総数,81
平成20,2008,磯子区,その他増減,男,47
平成20,2008,磯子区,その他増減,女,34
平成20,2008,磯子区,自然増減,総数,216
平成20,2008,磯子区,自然増減,男,31
平成20,2008,磯子区,自然増減,女,185
平成20,2008,磯子区,出生,総数,1503
平成20,2008,磯子区,出生,男,756
平成20,2008,磯子区,出生,女,747
平成20,2008,磯子区,死亡,総数,1287
平成20,2008,磯子区,死亡,男,725
平成20,2008,磯子区,死亡,女,562
平成20,2008,磯子区,人口増減率,,-0.35139
平成20,2008,磯子区,社会増減率,,-0.4827
平成20,2008,磯子区,自然増減率,,0.13131
平成20,2008,金沢区,世帯数増減,,653
平成20,2008,金沢区,人口増減,総数,-439
平成20,2008,金沢区,人口増減,男,-421
平成20,2008,金沢区,人口増減,女,-18
平成20,2008,金沢区,社会増減,総数,-634
平成20,2008,金沢区,社会増減,男,-454
平成20,2008,金沢区,社会増減,女,-180
平成20,2008,金沢区,市外移動_転入,総数,7022
平成20,2008,金沢区,市外移動_転入,男,3892
平成20,2008,金沢区,市外移動_転入,女,3130
平成20,2008,金沢区,市外移動_転出,総数,7319
平成20,2008,金沢区,市外移動_転出,男,4137
平成20,2008,金沢区,市外移動_転出,女,3182
平成20,2008,金沢区,市内移動_転入,総数,2887
平成20,2008,金沢区,市内移動_転入,男,1512
平成20,2008,金沢区,市内移動_転入,女,1375
平成20,2008,金沢区,市内移動_転出,総数,3268
平成20,2008,金沢区,市内移動_転出,男,1741
平成20,2008,金沢区,市内移動_転出,女,1527
平成20,2008,金沢区,その他増減,総数,44
平成20,2008,金沢区,その他増減,男,20
平成20,2008,金沢区,その他増減,女,24
平成20,2008,金沢区,自然増減,総数,195
平成20,2008,金沢区,自然増減,男,33
平成20,2008,金沢区,自然増減,女,162
平成20,2008,金沢区,出生,総数,1705
平成20,2008,金沢区,出生,男,860
平成20,2008,金沢区,出生,女,845
平成20,2008,金沢区,死亡,総数,1510
平成20,2008,金沢区,死亡,男,827
平成20,2008,金沢区,死亡,女,683
平成20,2008,金沢区,人口増減率,,-0.20798
平成20,2008,金沢区,社会増減率,,-0.30036
平成20,2008,金沢区,自然増減率,,0.09238
平成20,2008,港北区,世帯数増減,,2302
平成20,2008,港北区,人口増減,総数,2346
平成20,2008,港北区,人口増減,男,1048
平成20,2008,港北区,人口増減,女,1298
平成20,2008,港北区,社会増減,総数,885
平成20,2008,港北区,社会増減,男,378
平成20,2008,港北区,社会増減,女,507
平成20,2008,港北区,市外移動_転入,総数,18581
平成20,2008,港北区,市外移動_転入,男,10079
平成20,2008,港北区,市外移動_転入,女,8502
平成20,2008,港北区,市外移動_転出,総数,16269
平成20,2008,港北区,市外移動_転出,男,9031
平成20,2008,港北区,市外移動_転出,女,7238
平成20,2008,港北区,市内移動_転入,総数,5130
平成20,2008,港北区,市内移動_転入,男,2745
平成20,2008,港北区,市内移動_転入,女,2385
平成20,2008,港北区,市内移動_転出,総数,6716
平成20,2008,港北区,市内移動_転出,男,3487
平成20,2008,港北区,市内移動_転出,女,3229
平成20,2008,港北区,その他増減,総数,159
平成20,2008,港北区,その他増減,男,72
平成20,2008,港北区,その他増減,女,87
平成20,2008,港北区,自然増減,総数,1461
平成20,2008,港北区,自然増減,男,670
平成20,2008,港北区,自然増減,女,791
平成20,2008,港北区,出生,総数,3320
平成20,2008,港北区,出生,男,1699
平成20,2008,港北区,出生,女,1621
平成20,2008,港北区,死亡,総数,1859
平成20,2008,港北区,死亡,男,1029
平成20,2008,港北区,死亡,女,830
平成20,2008,港北区,人口増減率,,0.72996
平成20,2008,港北区,社会増減率,,0.27537
平成20,2008,港北区,自然増減率,,0.45459
平成20,2008,緑区,世帯数増減,,1417
平成20,2008,緑区,人口増減,総数,1656
平成20,2008,緑区,人口増減,男,731
平成20,2008,緑区,人口増減,女,925
平成20,2008,緑区,社会増減,総数,1034
平成20,2008,緑区,社会増減,男,471
平成20,2008,緑区,社会増減,女,563
平成20,2008,緑区,市外移動_転入,総数,7017
平成20,2008,緑区,市外移動_転入,男,3697
平成20,2008,緑区,市外移動_転入,女,3320
平成20,2008,緑区,市外移動_転出,総数,6736
平成20,2008,緑区,市外移動_転出,男,3638
平成20,2008,緑区,市外移動_転出,女,3098
平成20,2008,緑区,市内移動_転入,総数,4093
平成20,2008,緑区,市内移動_転入,男,2103
平成20,2008,緑区,市内移動_転入,女,1990
平成20,2008,緑区,市内移動_転出,総数,3411
平成20,2008,緑区,市内移動_転出,男,1718
平成20,2008,緑区,市内移動_転出,女,1693
平成20,2008,緑区,その他増減,総数,71
平成20,2008,緑区,その他増減,男,27
平成20,2008,緑区,その他増減,女,44
平成20,2008,緑区,自然増減,総数,622
平成20,2008,緑区,自然増減,男,260
平成20,2008,緑区,自然増減,女,362
平成20,2008,緑区,出生,総数,1716
平成20,2008,緑区,出生,男,901
平成20,2008,緑区,出生,女,815
平成20,2008,緑区,死亡,総数,1094
平成20,2008,緑区,死亡,男,641
平成20,2008,緑区,死亡,女,453
平成20,2008,緑区,人口増減率,,0.95427
平成20,2008,緑区,社会増減率,,0.59584
平成20,2008,緑区,自然増減率,,0.35843
平成20,2008,青葉区,世帯数増減,,1367
平成20,2008,青葉区,人口増減,総数,690
平成20,2008,青葉区,人口増減,男,-62
平成20,2008,青葉区,人口増減,女,752
平成20,2008,青葉区,社会増減,総数,-702
平成20,2008,青葉区,社会増減,男,-691
平成20,2008,青葉区,社会増減,女,-11
平成20,2008,青葉区,市外移動_転入,総数,16849
平成20,2008,青葉区,市外移動_転入,男,8831
平成20,2008,青葉区,市外移動_転入,女,8018
平成20,2008,青葉区,市外移動_転出,総数,17307
平成20,2008,青葉区,市外移動_転出,男,9373
平成20,2008,青葉区,市外移動_転出,女,7934
平成20,2008,青葉区,市内移動_転入,総数,3159
平成20,2008,青葉区,市内移動_転入,男,1599
平成20,2008,青葉区,市内移動_転入,女,1560
平成20,2008,青葉区,市内移動_転出,総数,3690
平成20,2008,青葉区,市内移動_転出,男,1900
平成20,2008,青葉区,市内移動_転出,女,1790
平成20,2008,青葉区,その他増減,総数,287
平成20,2008,青葉区,その他増減,男,152
平成20,2008,青葉区,その他増減,女,135
平成20,2008,青葉区,自然増減,総数,1392
平成20,2008,青葉区,自然増減,男,629
平成20,2008,青葉区,自然増減,女,763
平成20,2008,青葉区,出生,総数,2833
平成20,2008,青葉区,出生,男,1443
平成20,2008,青葉区,出生,女,1390
平成20,2008,青葉区,死亡,総数,1441
平成20,2008,青葉区,死亡,男,814
平成20,2008,青葉区,死亡,女,627
平成20,2008,青葉区,人口増減率,,0.22996
平成20,2008,青葉区,社会増減率,,-0.23396
平成20,2008,青葉区,自然増減率,,0.46392
平成20,2008,都筑区,世帯数増減,,3162
平成20,2008,都筑区,人口増減,総数,6502
平成20,2008,都筑区,人口増減,男,3169
平成20,2008,都筑区,人口増減,女,3333
平成20,2008,都筑区,社会増減,総数,5287
平成20,2008,都筑区,社会増減,男,2595
平成20,2008,都筑区,社会増減,女,2692
平成20,2008,都筑区,市外移動_転入,総数,11156
平成20,2008,都筑区,市外移動_転入,男,5861
平成20,2008,都筑区,市外移動_転入,女,5295
平成20,2008,都筑区,市外移動_転出,総数,7573
平成20,2008,都筑区,市外移動_転出,男,4143
平成20,2008,都筑区,市外移動_転出,女,3430
平成20,2008,都筑区,市内移動_転入,総数,5022
平成20,2008,都筑区,市内移動_転入,男,2601
平成20,2008,都筑区,市内移動_転入,女,2421
平成20,2008,都筑区,市内移動_転出,総数,3373
平成20,2008,都筑区,市内移動_転出,男,1752
平成20,2008,都筑区,市内移動_転出,女,1621
平成20,2008,都筑区,その他増減,総数,55
平成20,2008,都筑区,その他増減,男,28
平成20,2008,都筑区,その他増減,女,27
平成20,2008,都筑区,自然増減,総数,1215
平成20,2008,都筑区,自然増減,男,574
平成20,2008,都筑区,自然増減,女,641
平成20,2008,都筑区,出生,総数,1985
平成20,2008,都筑区,出生,男,974
平成20,2008,都筑区,出生,女,1011
平成20,2008,都筑区,死亡,総数,770
平成20,2008,都筑区,死亡,男,400
平成20,2008,都筑区,死亡,女,370
平成20,2008,都筑区,人口増減率,,3.44899
平成20,2008,都筑区,社会増減率,,2.80449
平成20,2008,都筑区,自然増減率,,0.6445
平成20,2008,戸塚区,世帯数増減,,1741
平成20,2008,戸塚区,人口増減,総数,2271
平成20,2008,戸塚区,人口増減,男,970
平成20,2008,戸塚区,人口増減,女,1301
平成20,2008,戸塚区,社会増減,総数,1275
平成20,2008,戸塚区,社会増減,男,479
平成20,2008,戸塚区,社会増減,女,796
平成20,2008,戸塚区,市外移動_転入,総数,10177
平成20,2008,戸塚区,市外移動_転入,男,5590
平成20,2008,戸塚区,市外移動_転入,女,4587
平成20,2008,戸塚区,市外移動_転出,総数,9434
平成20,2008,戸塚区,市外移動_転出,男,5281
平成20,2008,戸塚区,市外移動_転出,女,4153
平成20,2008,戸塚区,市内移動_転入,総数,5207
平成20,2008,戸塚区,市内移動_転入,男,2654
平成20,2008,戸塚区,市内移動_転入,女,2553
平成20,2008,戸塚区,市内移動_転出,総数,4715
平成20,2008,戸塚区,市内移動_転出,男,2502
平成20,2008,戸塚区,市内移動_転出,女,2213
平成20,2008,戸塚区,その他増減,総数,40
平成20,2008,戸塚区,その他増減,男,18
平成20,2008,戸塚区,その他増減,女,22
平成20,2008,戸塚区,自然増減,総数,996
平成20,2008,戸塚区,自然増減,男,491
平成20,2008,戸塚区,自然増減,女,505
平成20,2008,戸塚区,出生,総数,2672
平成20,2008,戸塚区,出生,男,1400
平成20,2008,戸塚区,出生,女,1272
平成20,2008,戸塚区,死亡,総数,1676
平成20,2008,戸塚区,死亡,男,909
平成20,2008,戸塚区,死亡,女,767
平成20,2008,戸塚区,人口増減率,,0.84134
平成20,2008,戸塚区,社会増減率,,0.47235
平成20,2008,戸塚区,自然増減率,,0.36899
平成20,2008,栄区,世帯数増減,,683
平成20,2008,栄区,人口増減,総数,424
平成20,2008,栄区,人口増減,男,161
平成20,2008,栄区,人口増減,女,263
平成20,2008,栄区,社会増減,総数,213
平成20,2008,栄区,社会増減,男,100
平成20,2008,栄区,社会増減,女,113
平成20,2008,栄区,市外移動_転入,総数,4685
平成20,2008,栄区,市外移動_転入,男,2637
平成20,2008,栄区,市外移動_転入,女,2048
平成20,2008,栄区,市外移動_転出,総数,4547
平成20,2008,栄区,市外移動_転出,男,2598
平成20,2008,栄区,市外移動_転出,女,1949
平成20,2008,栄区,市内移動_転入,総数,2739
平成20,2008,栄区,市内移動_転入,男,1481
平成20,2008,栄区,市内移動_転入,女,1258
平成20,2008,栄区,市内移動_転出,総数,2657
平成20,2008,栄区,市内移動_転出,男,1410
平成20,2008,栄区,市内移動_転出,女,1247
平成20,2008,栄区,その他増減,総数,-7
平成20,2008,栄区,その他増減,男,-10
平成20,2008,栄区,その他増減,女,3
平成20,2008,栄区,自然増減,総数,211
平成20,2008,栄区,自然増減,男,61
平成20,2008,栄区,自然増減,女,150
平成20,2008,栄区,出生,総数,1060
平成20,2008,栄区,出生,男,546
平成20,2008,栄区,出生,女,514
平成20,2008,栄区,死亡,総数,849
平成20,2008,栄区,死亡,男,485
平成20,2008,栄区,死亡,女,364
平成20,2008,栄区,人口増減率,,0.34066
平成20,2008,栄区,社会増減率,,0.17113
平成20,2008,栄区,自然増減率,,0.16952
平成20,2008,泉区,世帯数増減,,944
平成20,2008,泉区,人口増減,総数,909
平成20,2008,泉区,人口増減,男,301
平成20,2008,泉区,人口増減,女,608
平成20,2008,泉区,社会増減,総数,614
平成20,2008,泉区,社会増減,男,181
平成20,2008,泉区,社会増減,女,433
平成20,2008,泉区,市外移動_転入,総数,4396
平成20,2008,泉区,市外移動_転入,男,2280
平成20,2008,泉区,市外移動_転入,女,2116
平成20,2008,泉区,市外移動_転出,総数,4388
平成20,2008,泉区,市外移動_転出,男,2451
平成20,2008,泉区,市外移動_転出,女,1937
平成20,2008,泉区,市内移動_転入,総数,3321
平成20,2008,泉区,市内移動_転入,男,1725
平成20,2008,泉区,市内移動_転入,女,1596
平成20,2008,泉区,市内移動_転出,総数,2753
平成20,2008,泉区,市内移動_転出,男,1390
平成20,2008,泉区,市内移動_転出,女,1363
平成20,2008,泉区,その他増減,総数,38
平成20,2008,泉区,その他増減,男,17
平成20,2008,泉区,その他増減,女,21
平成20,2008,泉区,自然増減,総数,295
平成20,2008,泉区,自然増減,男,120
平成20,2008,泉区,自然増減,女,175
平成20,2008,泉区,出生,総数,1409
平成20,2008,泉区,出生,男,711
平成20,2008,泉区,出生,女,698
平成20,2008,泉区,死亡,総数,1114
平成20,2008,泉区,死亡,男,591
平成20,2008,泉区,死亡,女,523
平成20,2008,泉区,人口増減率,,0.58885
平成20,2008,泉区,社会増減率,,0.39775
平成20,2008,泉区,自然増減率,,0.1911
平成20,2008,瀬谷区,世帯数増減,,427
平成20,2008,瀬谷区,人口増減,総数,-319
平成20,2008,瀬谷区,人口増減,男,-240
平成20,2008,瀬谷区,人口増減,女,-79
平成20,2008,瀬谷区,社会増減,総数,-411
平成20,2008,瀬谷区,社会増減,男,-258
平成20,2008,瀬谷区,社会増減,女,-153
平成20,2008,瀬谷区,市外移動_転入,総数,3463
平成20,2008,瀬谷区,市外移動_転入,男,1855
平成20,2008,瀬谷区,市外移動_転入,女,1608
平成20,2008,瀬谷区,市外移動_転出,総数,3926
平成20,2008,瀬谷区,市外移動_転出,男,2112
平成20,2008,瀬谷区,市外移動_転出,女,1814
平成20,2008,瀬谷区,市内移動_転入,総数,2380
平成20,2008,瀬谷区,市内移動_転入,男,1201
平成20,2008,瀬谷区,市内移動_転入,女,1179
平成20,2008,瀬谷区,市内移動_転出,総数,2364
平成20,2008,瀬谷区,市内移動_転出,男,1220
平成20,2008,瀬谷区,市内移動_転出,女,1144
平成20,2008,瀬谷区,その他増減,総数,36
平成20,2008,瀬谷区,その他増減,男,18
平成20,2008,瀬谷区,その他増減,女,18
平成20,2008,瀬谷区,自然増減,総数,92
平成20,2008,瀬谷区,自然増減,男,18
平成20,2008,瀬谷区,自然増減,女,74
平成20,2008,瀬谷区,出生,総数,1131
平成20,2008,瀬谷区,出生,男,575
平成20,2008,瀬谷区,出生,女,556
平成20,2008,瀬谷区,死亡,総数,1039
平成20,2008,瀬谷区,死亡,男,557
平成20,2008,瀬谷区,死亡,女,482
平成20,2008,瀬谷区,人口増減率,,-0.25105
平成20,2008,瀬谷区,社会増減率,,-0.32345
平成20,2008,瀬谷区,自然増減率,,0.0724
平成21,2009,鶴見区,世帯数増減,,977
平成21,2009,鶴見区,人口増減,総数,990
平成21,2009,鶴見区,人口増減,男,402
平成21,2009,鶴見区,人口増減,女,588
平成21,2009,鶴見区,社会増減,総数,537
平成21,2009,鶴見区,社会増減,男,285
平成21,2009,鶴見区,社会増減,女,252
平成21,2009,鶴見区,市外移動_転入,総数,13549
平成21,2009,鶴見区,市外移動_転入,男,7815
平成21,2009,鶴見区,市外移動_転入,女,5734
平成21,2009,鶴見区,市外移動_転出,総数,12403
平成21,2009,鶴見区,市外移動_転出,男,7199
平成21,2009,鶴見区,市外移動_転出,女,5204
平成21,2009,鶴見区,市内移動_転入,総数,3577
平成21,2009,鶴見区,市内移動_転入,男,1933
平成21,2009,鶴見区,市内移動_転入,女,1644
平成21,2009,鶴見区,市内移動_転出,総数,4175
平成21,2009,鶴見区,市内移動_転出,男,2241
平成21,2009,鶴見区,市内移動_転出,女,1934
平成21,2009,鶴見区,その他増減,総数,-11
平成21,2009,鶴見区,その他増減,男,-23
平成21,2009,鶴見区,その他増減,女,12
平成21,2009,鶴見区,自然増減,総数,453
平成21,2009,鶴見区,自然増減,男,117
平成21,2009,鶴見区,自然増減,女,336
平成21,2009,鶴見区,出生,総数,2595
平成21,2009,鶴見区,出生,男,1315
平成21,2009,鶴見区,出生,女,1280
平成21,2009,鶴見区,死亡,総数,2142
平成21,2009,鶴見区,死亡,男,1198
平成21,2009,鶴見区,死亡,女,944
平成21,2009,鶴見区,人口増減率,,0.36719
平成21,2009,鶴見区,社会増減率,,0.19917
平成21,2009,鶴見区,自然増減率,,0.16802
平成21,2009,神奈川区,世帯数増減,,1634
平成21,2009,神奈川区,人口増減,総数,2374
平成21,2009,神奈川区,人口増減,男,877
平成21,2009,神奈川区,人口増減,女,1497
平成21,2009,神奈川区,社会増減,総数,1991
平成21,2009,神奈川区,社会増減,男,799
平成21,2009,神奈川区,社会増減,女,1192
平成21,2009,神奈川区,市外移動_転入,総数,11423
平成21,2009,神奈川区,市外移動_転入,男,6397
平成21,2009,神奈川区,市外移動_転入,女,5026
平成21,2009,神奈川区,市外移動_転出,総数,9728
平成21,2009,神奈川区,市外移動_転出,男,5632
平成21,2009,神奈川区,市外移動_転出,女,4096
平成21,2009,神奈川区,市内移動_転入,総数,6580
平成21,2009,神奈川区,市内移動_転入,男,3420
平成21,2009,神奈川区,市内移動_転入,女,3160
平成21,2009,神奈川区,市内移動_転出,総数,6305
平成21,2009,神奈川区,市内移動_転出,男,3387
平成21,2009,神奈川区,市内移動_転出,女,2918
平成21,2009,神奈川区,その他増減,総数,21
平成21,2009,神奈川区,その他増減,男,1
平成21,2009,神奈川区,その他増減,女,20
平成21,2009,神奈川区,自然増減,総数,383
平成21,2009,神奈川区,自然増減,男,78
平成21,2009,神奈川区,自然増減,女,305
平成21,2009,神奈川区,出生,総数,2056
平成21,2009,神奈川区,出生,男,1048
平成21,2009,神奈川区,出生,女,1008
平成21,2009,神奈川区,死亡,総数,1673
平成21,2009,神奈川区,死亡,男,970
平成21,2009,神奈川区,死亡,女,703
平成21,2009,神奈川区,人口増減率,,1.04111
平成21,2009,神奈川区,社会増減率,,0.87315
平成21,2009,神奈川区,自然増減率,,0.16796
平成21,2009,西区,世帯数増減,,821
平成21,2009,西区,人口増減,総数,750
平成21,2009,西区,人口増減,男,428
平成21,2009,西区,人口増減,女,322
平成21,2009,西区,社会増減,総数,604
平成21,2009,西区,社会増減,男,361
平成21,2009,西区,社会増減,女,243
平成21,2009,西区,市外移動_転入,総数,5334
平成21,2009,西区,市外移動_転入,男,2923
平成21,2009,西区,市外移動_転入,女,2411
平成21,2009,西区,市外移動_転出,総数,4429
平成21,2009,西区,市外移動_転出,男,2435
平成21,2009,西区,市外移動_転出,女,1994
平成21,2009,西区,市内移動_転入,総数,3231
平成21,2009,西区,市内移動_転入,男,1678
平成21,2009,西区,市内移動_転入,女,1553
平成21,2009,西区,市内移動_転出,総数,3536
平成21,2009,西区,市内移動_転出,男,1802
平成21,2009,西区,市内移動_転出,女,1734
平成21,2009,西区,その他増減,総数,4
平成21,2009,西区,その他増減,男,-3
平成21,2009,西区,その他増減,女,7
平成21,2009,西区,自然増減,総数,146
平成21,2009,西区,自然増減,男,67
平成21,2009,西区,自然増減,女,79
平成21,2009,西区,出生,総数,910
平成21,2009,西区,出生,男,489
平成21,2009,西区,出生,女,421
平成21,2009,西区,死亡,総数,764
平成21,2009,西区,死亡,男,422
平成21,2009,西区,死亡,女,342
平成21,2009,西区,人口増減率,,0.81281
平成21,2009,西区,社会増減率,,0.65459
平成21,2009,西区,自然増減率,,0.15823
平成21,2009,中区,世帯数増減,,2062
平成21,2009,中区,人口増減,総数,2544
平成21,2009,中区,人口増減,男,1487
平成21,2009,中区,人口増減,女,1057
平成21,2009,中区,社会増減,総数,2738
平成21,2009,中区,社会増減,男,1746
平成21,2009,中区,社会増減,女,992
平成21,2009,中区,市外移動_転入,総数,9751
平成21,2009,中区,市外移動_転入,男,5540
平成21,2009,中区,市外移動_転入,女,4211
平成21,2009,中区,市外移動_転出,総数,7557
平成21,2009,中区,市外移動_転出,男,4238
平成21,2009,中区,市外移動_転出,女,3319
平成21,2009,中区,市内移動_転入,総数,5523
平成21,2009,中区,市内移動_転入,男,3139
平成21,2009,中区,市内移動_転入,女,2384
平成21,2009,中区,市内移動_転出,総数,4991
平成21,2009,中区,市内移動_転出,男,2700
平成21,2009,中区,市内移動_転出,女,2291
平成21,2009,中区,その他増減,総数,12
平成21,2009,中区,その他増減,男,5
平成21,2009,中区,その他増減,女,7
平成21,2009,中区,自然増減,総数,-194
平成21,2009,中区,自然増減,男,-259
平成21,2009,中区,自然増減,女,65
平成21,2009,中区,出生,総数,1166
平成21,2009,中区,出生,男,594
平成21,2009,中区,出生,女,572
平成21,2009,中区,死亡,総数,1360
平成21,2009,中区,死亡,男,853
平成21,2009,中区,死亡,女,507
平成21,2009,中区,人口増減率,,1.76495
平成21,2009,中区,社会増減率,,1.89954
平成21,2009,中区,自然増減率,,-0.13459
平成21,2009,南区,世帯数増減,,1145
平成21,2009,南区,人口増減,総数,929
平成21,2009,南区,人口増減,男,367
平成21,2009,南区,人口増減,女,562
平成21,2009,南区,社会増減,総数,1298
平成21,2009,南区,社会増減,男,685
平成21,2009,南区,社会増減,女,613
平成21,2009,南区,市外移動_転入,総数,7587
平成21,2009,南区,市外移動_転入,男,3998
平成21,2009,南区,市外移動_転入,女,3589
平成21,2009,南区,市外移動_転出,総数,6635
平成21,2009,南区,市外移動_転出,男,3526
平成21,2009,南区,市外移動_転出,女,3109
平成21,2009,南区,市内移動_転入,総数,6268
平成21,2009,南区,市内移動_転入,男,3309
平成21,2009,南区,市内移動_転入,女,2959
平成21,2009,南区,市内移動_転出,総数,5961
平成21,2009,南区,市内移動_転出,男,3106
平成21,2009,南区,市内移動_転出,女,2855
平成21,2009,南区,その他増減,総数,39
平成21,2009,南区,その他増減,男,10
平成21,2009,南区,その他増減,女,29
平成21,2009,南区,自然増減,総数,-369
平成21,2009,南区,自然増減,男,-318
平成21,2009,南区,自然増減,女,-51
平成21,2009,南区,出生,総数,1465
平成21,2009,南区,出生,男,744
平成21,2009,南区,出生,女,721
平成21,2009,南区,死亡,総数,1834
平成21,2009,南区,死亡,男,1062
平成21,2009,南区,死亡,女,772
平成21,2009,南区,人口増減率,,0.47313
平成21,2009,南区,社会増減率,,0.66105
平成21,2009,南区,自然増減率,,-0.18793
平成21,2009,港南区,世帯数増減,,781
平成21,2009,港南区,人口増減,総数,-112
平成21,2009,港南区,人口増減,男,-143
平成21,2009,港南区,人口増減,女,31
平成21,2009,港南区,社会増減,総数,-414
平成21,2009,港南区,社会増減,男,-214
平成21,2009,港南区,社会増減,女,-200
平成21,2009,港南区,市外移動_転入,総数,6121
平成21,2009,港南区,市外移動_転入,男,3430
平成21,2009,港南区,市外移動_転入,女,2691
平成21,2009,港南区,市外移動_転出,総数,6267
平成21,2009,港南区,市外移動_転出,男,3481
平成21,2009,港南区,市外移動_転出,女,2786
平成21,2009,港南区,市内移動_転入,総数,4741
平成21,2009,港南区,市内移動_転入,男,2408
平成21,2009,港南区,市内移動_転入,女,2333
平成21,2009,港南区,市内移動_転出,総数,5094
平成21,2009,港南区,市内移動_転出,男,2630
平成21,2009,港南区,市内移動_転出,女,2464
平成21,2009,港南区,その他増減,総数,85
平成21,2009,港南区,その他増減,男,59
平成21,2009,港南区,その他増減,女,26
平成21,2009,港南区,自然増減,総数,302
平成21,2009,港南区,自然増減,男,71
平成21,2009,港南区,自然増減,女,231
平成21,2009,港南区,出生,総数,1870
平成21,2009,港南区,出生,男,960
平成21,2009,港南区,出生,女,910
平成21,2009,港南区,死亡,総数,1568
平成21,2009,港南区,死亡,男,889
平成21,2009,港南区,死亡,女,679
平成21,2009,港南区,人口増減率,,-0.05053
平成21,2009,港南区,社会増減率,,-0.18676
平成21,2009,港南区,自然増減率,,0.13624
平成21,2009,保土ケ谷区,世帯数増減,,987
平成21,2009,保土ケ谷区,人口増減,総数,475
平成21,2009,保土ケ谷区,人口増減,男,102
平成21,2009,保土ケ谷区,人口増減,女,373
平成21,2009,保土ケ谷区,社会増減,総数,678
平成21,2009,保土ケ谷区,社会増減,男,279
平成21,2009,保土ケ谷区,社会増減,女,399
平成21,2009,保土ケ谷区,市外移動_転入,総数,7239
平成21,2009,保土ケ谷区,市外移動_転入,男,4073
平成21,2009,保土ケ谷区,市外移動_転入,女,3166
平成21,2009,保土ケ谷区,市外移動_転出,総数,6709
平成21,2009,保土ケ谷区,市外移動_転出,男,3887
平成21,2009,保土ケ谷区,市外移動_転出,女,2822
平成21,2009,保土ケ谷区,市内移動_転入,総数,5296
平成21,2009,保土ケ谷区,市内移動_転入,男,2738
平成21,2009,保土ケ谷区,市内移動_転入,女,2558
平成21,2009,保土ケ谷区,市内移動_転出,総数,5244
平成21,2009,保土ケ谷区,市内移動_転出,男,2703
平成21,2009,保土ケ谷区,市内移動_転出,女,2541
平成21,2009,保土ケ谷区,その他増減,総数,96
平成21,2009,保土ケ谷区,その他増減,男,58
平成21,2009,保土ケ谷区,その他増減,女,38
平成21,2009,保土ケ谷区,自然増減,総数,-203
平成21,2009,保土ケ谷区,自然増減,男,-177
平成21,2009,保土ケ谷区,自然増減,女,-26
平成21,2009,保土ケ谷区,出生,総数,1496
平成21,2009,保土ケ谷区,出生,男,744
平成21,2009,保土ケ谷区,出生,女,752
平成21,2009,保土ケ谷区,死亡,総数,1699
平成21,2009,保土ケ谷区,死亡,男,921
平成21,2009,保土ケ谷区,死亡,女,778
平成21,2009,保土ケ谷区,人口増減率,,0.23102
平成21,2009,保土ケ谷区,社会増減率,,0.32975
平成21,2009,保土ケ谷区,自然増減率,,-0.09873
平成21,2009,旭区,世帯数増減,,1111
平成21,2009,旭区,人口増減,総数,641
平成21,2009,旭区,人口増減,男,37
平成21,2009,旭区,人口増減,女,604
平成21,2009,旭区,社会増減,総数,678
平成21,2009,旭区,社会増減,男,139
平成21,2009,旭区,社会増減,女,539
平成21,2009,旭区,市外移動_転入,総数,6463
平成21,2009,旭区,市外移動_転入,男,3361
平成21,2009,旭区,市外移動_転入,女,3102
平成21,2009,旭区,市外移動_転出,総数,6716
平成21,2009,旭区,市外移動_転出,男,3665
平成21,2009,旭区,市外移動_転出,女,3051
平成21,2009,旭区,市内移動_転入,総数,5475
平成21,2009,旭区,市内移動_転入,男,2821
平成21,2009,旭区,市内移動_転入,女,2654
平成21,2009,旭区,市内移動_転出,総数,4570
平成21,2009,旭区,市内移動_転出,男,2386
平成21,2009,旭区,市内移動_転出,女,2184
平成21,2009,旭区,その他増減,総数,26
平成21,2009,旭区,その他増減,男,8
平成21,2009,旭区,その他増減,女,18
平成21,2009,旭区,自然増減,総数,-37
平成21,2009,旭区,自然増減,男,-102
平成21,2009,旭区,自然増減,女,65
平成21,2009,旭区,出生,総数,2025
平成21,2009,旭区,出生,男,1040
平成21,2009,旭区,出生,女,985
平成21,2009,旭区,死亡,総数,2062
平成21,2009,旭区,死亡,男,1142
平成21,2009,旭区,死亡,女,920
平成21,2009,旭区,人口増減率,,0.25808
平成21,2009,旭区,社会増減率,,0.27297
平成21,2009,旭区,自然増減率,,-0.0149
平成21,2009,磯子区,世帯数増減,,437
平成21,2009,磯子区,人口増減,総数,-451
平成21,2009,磯子区,人口増減,男,-178
平成21,2009,磯子区,人口増減,女,-273
平成21,2009,磯子区,社会増減,総数,-548
平成21,2009,磯子区,社会増減,男,-167
平成21,2009,磯子区,社会増減,女,-381
平成21,2009,磯子区,市外移動_転入,総数,5503
平成21,2009,磯子区,市外移動_転入,男,3072
平成21,2009,磯子区,市外移動_転入,女,2431
平成21,2009,磯子区,市外移動_転出,総数,5393
平成21,2009,磯子区,市外移動_転出,男,2976
平成21,2009,磯子区,市外移動_転出,女,2417
平成21,2009,磯子区,市内移動_転入,総数,4112
平成21,2009,磯子区,市内移動_転入,男,2159
平成21,2009,磯子区,市内移動_転入,女,1953
平成21,2009,磯子区,市内移動_転出,総数,4823
平成21,2009,磯子区,市内移動_転出,男,2438
平成21,2009,磯子区,市内移動_転出,女,2385
平成21,2009,磯子区,その他増減,総数,53
平成21,2009,磯子区,その他増減,男,16
平成21,2009,磯子区,その他増減,女,37
平成21,2009,磯子区,自然増減,総数,97
平成21,2009,磯子区,自然増減,男,-11
平成21,2009,磯子区,自然増減,女,108
平成21,2009,磯子区,出生,総数,1417
平成21,2009,磯子区,出生,男,726
平成21,2009,磯子区,出生,女,691
平成21,2009,磯子区,死亡,総数,1320
平成21,2009,磯子区,死亡,男,737
平成21,2009,磯子区,死亡,女,583
平成21,2009,磯子区,人口増減率,,-0.27515
平成21,2009,磯子区,社会増減率,,-0.33432
平成21,2009,磯子区,自然増減率,,0.05918
平成21,2009,金沢区,世帯数増減,,382
平成21,2009,金沢区,人口増減,総数,-663
平成21,2009,金沢区,人口増減,男,-528
平成21,2009,金沢区,人口増減,女,-135
平成21,2009,金沢区,社会増減,総数,-756
平成21,2009,金沢区,社会増減,男,-527
平成21,2009,金沢区,社会増減,女,-229
平成21,2009,金沢区,市外移動_転入,総数,6956
平成21,2009,金沢区,市外移動_転入,男,3825
平成21,2009,金沢区,市外移動_転入,女,3131
平成21,2009,金沢区,市外移動_転出,総数,7115
平成21,2009,金沢区,市外移動_転出,男,4000
平成21,2009,金沢区,市外移動_転出,女,3115
平成21,2009,金沢区,市内移動_転入,総数,2724
平成21,2009,金沢区,市内移動_転入,男,1372
平成21,2009,金沢区,市内移動_転入,女,1352
平成21,2009,金沢区,市内移動_転出,総数,3363
平成21,2009,金沢区,市内移動_転出,男,1743
平成21,2009,金沢区,市内移動_転出,女,1620
平成21,2009,金沢区,その他増減,総数,42
平成21,2009,金沢区,その他増減,男,19
平成21,2009,金沢区,その他増減,女,23
平成21,2009,金沢区,自然増減,総数,93
平成21,2009,金沢区,自然増減,男,-1
平成21,2009,金沢区,自然増減,女,94
平成21,2009,金沢区,出生,総数,1637
平成21,2009,金沢区,出生,男,838
平成21,2009,金沢区,出生,女,799
平成21,2009,金沢区,死亡,総数,1544
平成21,2009,金沢区,死亡,男,839
平成21,2009,金沢区,死亡,女,705
平成21,2009,金沢区,人口増減率,,-0.31475
平成21,2009,金沢区,社会増減率,,-0.3589
平成21,2009,金沢区,自然増減率,,0.04415
平成21,2009,港北区,世帯数増減,,1630
平成21,2009,港北区,人口増減,総数,1926
平成21,2009,港北区,人口増減,男,574
平成21,2009,港北区,人口増減,女,1352
平成21,2009,港北区,社会増減,総数,452
平成21,2009,港北区,社会増減,男,-24
平成21,2009,港北区,社会増減,女,476
平成21,2009,港北区,市外移動_転入,総数,18672
平成21,2009,港北区,市外移動_転入,男,10109
平成21,2009,港北区,市外移動_転入,女,8563
平成21,2009,港北区,市外移動_転出,総数,16779
平成21,2009,港北区,市外移動_転出,男,9347
平成21,2009,港北区,市外移動_転出,女,7432
平成21,2009,港北区,市内移動_転入,総数,5576
平成21,2009,港北区,市内移動_転入,男,2894
平成21,2009,港北区,市内移動_転入,女,2682
平成21,2009,港北区,市内移動_転出,総数,6972
平成21,2009,港北区,市内移動_転出,男,3623
平成21,2009,港北区,市内移動_転出,女,3349
平成21,2009,港北区,その他増減,総数,-45
平成21,2009,港北区,その他増減,男,-57
平成21,2009,港北区,その他増減,女,12
平成21,2009,港北区,自然増減,総数,1474
平成21,2009,港北区,自然増減,男,598
平成21,2009,港北区,自然増減,女,876
平成21,2009,港北区,出生,総数,3353
平成21,2009,港北区,出生,男,1682
平成21,2009,港北区,出生,女,1671
平成21,2009,港北区,死亡,総数,1879
平成21,2009,港北区,死亡,男,1084
平成21,2009,港北区,死亡,女,795
平成21,2009,港北区,人口増減率,,0.59493
平成21,2009,港北区,社会増減率,,0.13962
平成21,2009,港北区,自然増減率,,0.45531
平成21,2009,緑区,世帯数増減,,774
平成21,2009,緑区,人口増減,総数,984
平成21,2009,緑区,人口増減,男,321
平成21,2009,緑区,人口増減,女,663
平成21,2009,緑区,社会増減,総数,330
平成21,2009,緑区,社会増減,男,53
平成21,2009,緑区,社会増減,女,277
平成21,2009,緑区,市外移動_転入,総数,6547
平成21,2009,緑区,市外移動_転入,男,3450
平成21,2009,緑区,市外移動_転入,女,3097
平成21,2009,緑区,市外移動_転出,総数,6728
平成21,2009,緑区,市外移動_転出,男,3645
平成21,2009,緑区,市外移動_転出,女,3083
平成21,2009,緑区,市内移動_転入,総数,3794
平成21,2009,緑区,市内移動_転入,男,1958
平成21,2009,緑区,市内移動_転入,女,1836
平成21,2009,緑区,市内移動_転出,総数,3348
平成21,2009,緑区,市内移動_転出,男,1745
平成21,2009,緑区,市内移動_転出,女,1603
平成21,2009,緑区,その他増減,総数,65
平成21,2009,緑区,その他増減,男,35
平成21,2009,緑区,その他増減,女,30
平成21,2009,緑区,自然増減,総数,654
平成21,2009,緑区,自然増減,男,268
平成21,2009,緑区,自然増減,女,386
平成21,2009,緑区,出生,総数,1719
平成21,2009,緑区,出生,男,866
平成21,2009,緑区,出生,女,853
平成21,2009,緑区,死亡,総数,1065
平成21,2009,緑区,死亡,男,598
平成21,2009,緑区,死亡,女,467
平成21,2009,緑区,人口増減率,,0.56167
平成21,2009,緑区,社会増減率,,0.18836
平成21,2009,緑区,自然増減率,,0.3733
平成21,2009,青葉区,世帯数増減,,1853
平成21,2009,青葉区,人口増減,総数,2029
平成21,2009,青葉区,人口増減,男,917
平成21,2009,青葉区,人口増減,女,1112
平成21,2009,青葉区,社会増減,総数,624
平成21,2009,青葉区,社会増減,男,204
平成21,2009,青葉区,社会増減,女,420
平成21,2009,青葉区,市外移動_転入,総数,16925
平成21,2009,青葉区,市外移動_転入,男,9004
平成21,2009,青葉区,市外移動_転入,女,7921
平成21,2009,青葉区,市外移動_転出,総数,16517
平成21,2009,青葉区,市外移動_転出,男,8858
平成21,2009,青葉区,市外移動_転出,女,7659
平成21,2009,青葉区,市内移動_転入,総数,3233
平成21,2009,青葉区,市内移動_転入,男,1651
平成21,2009,青葉区,市内移動_転入,女,1582
平成21,2009,青葉区,市内移動_転出,総数,3224
平成21,2009,青葉区,市内移動_転出,男,1672
平成21,2009,青葉区,市内移動_転出,女,1552
平成21,2009,青葉区,その他増減,総数,207
平成21,2009,青葉区,その他増減,男,79
平成21,2009,青葉区,その他増減,女,128
平成21,2009,青葉区,自然増減,総数,1405
平成21,2009,青葉区,自然増減,男,713
平成21,2009,青葉区,自然増減,女,692
平成21,2009,青葉区,出生,総数,2804
平成21,2009,青葉区,出生,男,1434
平成21,2009,青葉区,出生,女,1370
平成21,2009,青葉区,死亡,総数,1399
平成21,2009,青葉区,死亡,男,721
平成21,2009,青葉区,死亡,女,678
平成21,2009,青葉区,人口増減率,,0.67467
平成21,2009,青葉区,社会増減率,,0.20749
平成21,2009,青葉区,自然増減率,,0.46718
平成21,2009,都筑区,世帯数増減,,1913
平成21,2009,都筑区,人口増減,総数,4075
平成21,2009,都筑区,人口増減,男,1880
平成21,2009,都筑区,人口増減,女,2195
平成21,2009,都筑区,社会増減,総数,2686
平成21,2009,都筑区,社会増減,男,1173
平成21,2009,都筑区,社会増減,女,1513
平成21,2009,都筑区,市外移動_転入,総数,9908
平成21,2009,都筑区,市外移動_転入,男,5190
平成21,2009,都筑区,市外移動_転入,女,4718
平成21,2009,都筑区,市外移動_転出,総数,8298
平成21,2009,都筑区,市外移動_転出,男,4554
平成21,2009,都筑区,市外移動_転出,女,3744
平成21,2009,都筑区,市内移動_転入,総数,4357
平成21,2009,都筑区,市内移動_転入,男,2229
平成21,2009,都筑区,市内移動_転入,女,2128
平成21,2009,都筑区,市内移動_転出,総数,3354
平成21,2009,都筑区,市内移動_転出,男,1725
平成21,2009,都筑区,市内移動_転出,女,1629
平成21,2009,都筑区,その他増減,総数,73
平成21,2009,都筑区,その他増減,男,33
平成21,2009,都筑区,その他増減,女,40
平成21,2009,都筑区,自然増減,総数,1389
平成21,2009,都筑区,自然増減,男,707
平成21,2009,都筑区,自然増減,女,682
平成21,2009,都筑区,出生,総数,2191
平成21,2009,都筑区,出生,男,1146
平成21,2009,都筑区,出生,女,1045
平成21,2009,都筑区,死亡,総数,802
平成21,2009,都筑区,死亡,男,439
平成21,2009,都筑区,死亡,女,363
平成21,2009,都筑区,人口増減率,,2.08952
平成21,2009,都筑区,社会増減率,,1.37729
平成21,2009,都筑区,自然増減率,,0.71223
平成21,2009,戸塚区,世帯数増減,,1076
平成21,2009,戸塚区,人口増減,総数,1235
平成21,2009,戸塚区,人口増減,男,357
平成21,2009,戸塚区,人口増減,女,878
平成21,2009,戸塚区,社会増減,総数,460
平成21,2009,戸塚区,社会増減,男,54
平成21,2009,戸塚区,社会増減,女,406
平成21,2009,戸塚区,市外移動_転入,総数,9708
平成21,2009,戸塚区,市外移動_転入,男,5294
平成21,2009,戸塚区,市外移動_転入,女,4414
平成21,2009,戸塚区,市外移動_転出,総数,9451
平成21,2009,戸塚区,市外移動_転出,男,5296
平成21,2009,戸塚区,市外移動_転出,女,4155
平成21,2009,戸塚区,市内移動_転入,総数,5053
平成21,2009,戸塚区,市内移動_転入,男,2549
平成21,2009,戸塚区,市内移動_転入,女,2504
平成21,2009,戸塚区,市内移動_転出,総数,4907
平成21,2009,戸塚区,市内移動_転出,男,2512
平成21,2009,戸塚区,市内移動_転出,女,2395
平成21,2009,戸塚区,その他増減,総数,57
平成21,2009,戸塚区,その他増減,男,19
平成21,2009,戸塚区,その他増減,女,38
平成21,2009,戸塚区,自然増減,総数,775
平成21,2009,戸塚区,自然増減,男,303
平成21,2009,戸塚区,自然増減,女,472
平成21,2009,戸塚区,出生,総数,2587
平成21,2009,戸塚区,出生,男,1313
平成21,2009,戸塚区,出生,女,1274
平成21,2009,戸塚区,死亡,総数,1812
平成21,2009,戸塚区,死亡,男,1010
平成21,2009,戸塚区,死亡,女,802
平成21,2009,戸塚区,人口増減率,,0.45371
平成21,2009,戸塚区,社会増減率,,0.16899
平成21,2009,戸塚区,自然増減率,,0.28472
平成21,2009,栄区,世帯数増減,,372
平成21,2009,栄区,人口増減,総数,9
平成21,2009,栄区,人口増減,男,-4
平成21,2009,栄区,人口増減,女,13
平成21,2009,栄区,社会増減,総数,-224
平成21,2009,栄区,社会増減,男,-122
平成21,2009,栄区,社会増減,女,-102
平成21,2009,栄区,市外移動_転入,総数,4431
平成21,2009,栄区,市外移動_転入,男,2484
平成21,2009,栄区,市外移動_転入,女,1947
平成21,2009,栄区,市外移動_転出,総数,4497
平成21,2009,栄区,市外移動_転出,男,2523
平成21,2009,栄区,市外移動_転出,女,1974
平成21,2009,栄区,市内移動_転入,総数,2343
平成21,2009,栄区,市内移動_転入,男,1266
平成21,2009,栄区,市内移動_転入,女,1077
平成21,2009,栄区,市内移動_転出,総数,2504
平成21,2009,栄区,市内移動_転出,男,1346
平成21,2009,栄区,市内移動_転出,女,1158
平成21,2009,栄区,その他増減,総数,3
平成21,2009,栄区,その他増減,男,-3
平成21,2009,栄区,その他増減,女,6
平成21,2009,栄区,自然増減,総数,233
平成21,2009,栄区,自然増減,男,118
平成21,2009,栄区,自然増減,女,115
平成21,2009,栄区,出生,総数,1063
平成21,2009,栄区,出生,男,539
平成21,2009,栄区,出生,女,524
平成21,2009,栄区,死亡,総数,830
平成21,2009,栄区,死亡,男,421
平成21,2009,栄区,死亡,女,409
平成21,2009,栄区,人口増減率,,0.00721
平成21,2009,栄区,社会増減率,,-0.17936
平成21,2009,栄区,自然増減率,,0.18656
平成21,2009,泉区,世帯数増減,,743
平成21,2009,泉区,人口増減,総数,423
平成21,2009,泉区,人口増減,男,131
平成21,2009,泉区,人口増減,女,292
平成21,2009,泉区,社会増減,総数,177
平成21,2009,泉区,社会増減,男,25
平成21,2009,泉区,社会増減,女,152
平成21,2009,泉区,市外移動_転入,総数,4287
平成21,2009,泉区,市外移動_転入,男,2272
平成21,2009,泉区,市外移動_転入,女,2015
平成21,2009,泉区,市外移動_転出,総数,4372
平成21,2009,泉区,市外移動_転出,男,2362
平成21,2009,泉区,市外移動_転出,女,2010
平成21,2009,泉区,市内移動_転入,総数,3018
平成21,2009,泉区,市内移動_転入,男,1527
平成21,2009,泉区,市内移動_転入,女,1491
平成21,2009,泉区,市内移動_転出,総数,2782
平成21,2009,泉区,市内移動_転出,男,1425
平成21,2009,泉区,市内移動_転出,女,1357
平成21,2009,泉区,その他増減,総数,26
平成21,2009,泉区,その他増減,男,13
平成21,2009,泉区,その他増減,女,13
平成21,2009,泉区,自然増減,総数,246
平成21,2009,泉区,自然増減,男,106
平成21,2009,泉区,自然増減,女,140
平成21,2009,泉区,出生,総数,1389
平成21,2009,泉区,出生,男,714
平成21,2009,泉区,出生,女,675
平成21,2009,泉区,死亡,総数,1143
平成21,2009,泉区,死亡,男,608
平成21,2009,泉区,死亡,女,535
平成21,2009,泉区,人口増減率,,0.27242
平成21,2009,泉区,社会増減率,,0.11399
平成21,2009,泉区,自然増減率,,0.15843
平成21,2009,瀬谷区,世帯数増減,,520
平成21,2009,瀬谷区,人口増減,総数,204
平成21,2009,瀬谷区,人口増減,男,64
平成21,2009,瀬谷区,人口増減,女,140
平成21,2009,瀬谷区,社会増減,総数,129
平成21,2009,瀬谷区,社会増減,男,83
平成21,2009,瀬谷区,社会増減,女,46
平成21,2009,瀬谷区,市外移動_転入,総数,3541
平成21,2009,瀬谷区,市外移動_転入,男,1917
平成21,2009,瀬谷区,市外移動_転入,女,1624
平成21,2009,瀬谷区,市外移動_転出,総数,3775
平成21,2009,瀬谷区,市外移動_転出,男,2068
平成21,2009,瀬谷区,市外移動_転出,女,1707
平成21,2009,瀬谷区,市内移動_転入,総数,2518
平成21,2009,瀬谷区,市内移動_転入,男,1272
平成21,2009,瀬谷区,市内移動_転入,女,1246
平成21,2009,瀬谷区,市内移動_転出,総数,2155
平成21,2009,瀬谷区,市内移動_転出,男,1046
平成21,2009,瀬谷区,市内移動_転出,女,1109
平成21,2009,瀬谷区,その他増減,総数,0
平成21,2009,瀬谷区,その他増減,男,8
平成21,2009,瀬谷区,その他増減,女,-8
平成21,2009,瀬谷区,自然増減,総数,75
平成21,2009,瀬谷区,自然増減,男,-19
平成21,2009,瀬谷区,自然増減,女,94
平成21,2009,瀬谷区,出生,総数,1073
平成21,2009,瀬谷区,出生,男,540
平成21,2009,瀬谷区,出生,女,533
平成21,2009,瀬谷区,死亡,総数,998
平成21,2009,瀬谷区,死亡,男,559
平成21,2009,瀬谷区,死亡,女,439
平成21,2009,瀬谷区,人口増減率,,0.16095
平成21,2009,瀬谷区,社会増減率,,0.10178
平成21,2009,瀬谷区,自然増減率,,0.05917
平成22,2010,鶴見区,世帯数増減,,1320
平成22,2010,鶴見区,人口増減,総数,1877
平成22,2010,鶴見区,人口増減,男,803
平成22,2010,鶴見区,人口増減,女,1074
平成22,2010,鶴見区,社会増減,総数,1438
平成22,2010,鶴見区,社会増減,男,727
平成22,2010,鶴見区,社会増減,女,711
平成22,2010,鶴見区,市外移動_転入,総数,13982
平成22,2010,鶴見区,市外移動_転入,男,7904
平成22,2010,鶴見区,市外移動_転入,女,6078
平成22,2010,鶴見区,市外移動_転出,総数,12656
平成22,2010,鶴見区,市外移動_転出,男,7192
平成22,2010,鶴見区,市外移動_転出,女,5464
平成22,2010,鶴見区,市内移動_転入,総数,4014
平成22,2010,鶴見区,市内移動_転入,男,2100
平成22,2010,鶴見区,市内移動_転入,女,1914
平成22,2010,鶴見区,市内移動_転出,総数,3923
平成22,2010,鶴見区,市内移動_転出,男,2085
平成22,2010,鶴見区,市内移動_転出,女,1838
平成22,2010,鶴見区,その他増減,総数,21
平成22,2010,鶴見区,その他増減,男,0
平成22,2010,鶴見区,その他増減,女,21
平成22,2010,鶴見区,自然増減,総数,439
平成22,2010,鶴見区,自然増減,男,76
平成22,2010,鶴見区,自然増減,女,363
平成22,2010,鶴見区,出生,総数,2671
平成22,2010,鶴見区,出生,男,1341
平成22,2010,鶴見区,出生,女,1330
平成22,2010,鶴見区,死亡,総数,2232
平成22,2010,鶴見区,死亡,男,1265
平成22,2010,鶴見区,死亡,女,967
平成22,2010,鶴見区,人口増減率,,0.69363
平成22,2010,鶴見区,社会増減率,,0.5314
平成22,2010,鶴見区,自然増減率,,0.16223
平成22,2010,神奈川区,世帯数増減,,846
平成22,2010,神奈川区,人口増減,総数,1121
平成22,2010,神奈川区,人口増減,男,201
平成22,2010,神奈川区,人口増減,女,920
平成22,2010,神奈川区,社会増減,総数,716
平成22,2010,神奈川区,社会増減,男,72
平成22,2010,神奈川区,社会増減,女,644
平成22,2010,神奈川区,市外移動_転入,総数,10374
平成22,2010,神奈川区,市外移動_転入,男,5631
平成22,2010,神奈川区,市外移動_転入,女,4743
平成22,2010,神奈川区,市外移動_転出,総数,9426
平成22,2010,神奈川区,市外移動_転出,男,5407
平成22,2010,神奈川区,市外移動_転出,女,4019
平成22,2010,神奈川区,市内移動_転入,総数,5965
平成22,2010,神奈川区,市内移動_転入,男,3149
平成22,2010,神奈川区,市内移動_転入,女,2816
平成22,2010,神奈川区,市内移動_転出,総数,6250
平成22,2010,神奈川区,市内移動_転出,男,3330
平成22,2010,神奈川区,市内移動_転出,女,2920
平成22,2010,神奈川区,その他増減,総数,53
平成22,2010,神奈川区,その他増減,男,29
平成22,2010,神奈川区,その他増減,女,24
平成22,2010,神奈川区,自然増減,総数,405
平成22,2010,神奈川区,自然増減,男,129
平成22,2010,神奈川区,自然増減,女,276
平成22,2010,神奈川区,出生,総数,2174
平成22,2010,神奈川区,出生,男,1103
平成22,2010,神奈川区,出生,女,1071
平成22,2010,神奈川区,死亡,総数,1769
平成22,2010,神奈川区,死亡,男,974
平成22,2010,神奈川区,死亡,女,795
平成22,2010,神奈川区,人口増減率,,0.48655
平成22,2010,神奈川区,社会増減率,,0.31076
平成22,2010,神奈川区,自然増減率,,0.17578
平成22,2010,西区,世帯数増減,,925
平成22,2010,西区,人口増減,総数,1034
平成22,2010,西区,人口増減,男,496
平成22,2010,西区,人口増減,女,538
平成22,2010,西区,社会増減,総数,936
平成22,2010,西区,社会増減,男,473
平成22,2010,西区,社会増減,女,463
平成22,2010,西区,市外移動_転入,総数,5566
平成22,2010,西区,市外移動_転入,男,3006
平成22,2010,西区,市外移動_転入,女,2560
平成22,2010,西区,市外移動_転出,総数,4607
平成22,2010,西区,市外移動_転出,男,2540
平成22,2010,西区,市外移動_転出,女,2067
平成22,2010,西区,市内移動_転入,総数,3423
平成22,2010,西区,市内移動_転入,男,1808
平成22,2010,西区,市内移動_転入,女,1615
平成22,2010,西区,市内移動_転出,総数,3433
平成22,2010,西区,市内移動_転出,男,1781
平成22,2010,西区,市内移動_転出,女,1652
平成22,2010,西区,その他増減,総数,-13
平成22,2010,西区,その他増減,男,-20
平成22,2010,西区,その他増減,女,7
平成22,2010,西区,自然増減,総数,98
平成22,2010,西区,自然増減,男,23
平成22,2010,西区,自然増減,女,75
平成22,2010,西区,出生,総数,895
平成22,2010,西区,出生,男,450
平成22,2010,西区,出生,女,445
平成22,2010,西区,死亡,総数,797
平成22,2010,西区,死亡,男,427
平成22,2010,西区,死亡,女,370
平成22,2010,西区,人口増減率,,1.11157
平成22,2010,西区,社会増減率,,1.00621
平成22,2010,西区,自然増減率,,0.10535
平成22,2010,中区,世帯数増減,,-464
平成22,2010,中区,人口増減,総数,-725
平成22,2010,中区,人口増減,男,-283
平成22,2010,中区,人口増減,女,-442
平成22,2010,中区,社会増減,総数,-385
平成22,2010,中区,社会増減,男,45
平成22,2010,中区,社会増減,女,-430
平成22,2010,中区,市外移動_転入,総数,8599
平成22,2010,中区,市外移動_転入,男,4871
平成22,2010,中区,市外移動_転入,女,3728
平成22,2010,中区,市外移動_転出,総数,8675
平成22,2010,中区,市外移動_転出,男,4741
平成22,2010,中区,市外移動_転出,女,3934
平成22,2010,中区,市内移動_転入,総数,4639
平成22,2010,中区,市内移動_転入,男,2572
平成22,2010,中区,市内移動_転入,女,2067
平成22,2010,中区,市内移動_転出,総数,4988
平成22,2010,中区,市内移動_転出,男,2682
平成22,2010,中区,市内移動_転出,女,2306
平成22,2010,中区,その他増減,総数,40
平成22,2010,中区,その他増減,男,25
平成22,2010,中区,その他増減,女,15
平成22,2010,中区,自然増減,総数,-340
平成22,2010,中区,自然増減,男,-328
平成22,2010,中区,自然増減,女,-12
平成22,2010,中区,出生,総数,1191
平成22,2010,中区,出生,男,634
平成22,2010,中区,出生,女,557
平成22,2010,中区,死亡,総数,1531
平成22,2010,中区,死亡,男,962
平成22,2010,中区,死亡,女,569
平成22,2010,中区,人口増減率,,-0.49426
平成22,2010,中区,社会増減率,,-0.26247
平成22,2010,中区,自然増減率,,-0.23179
平成22,2010,南区,世帯数増減,,564
平成22,2010,南区,人口増減,総数,-142
平成22,2010,南区,人口増減,男,-158
平成22,2010,南区,人口増減,女,16
平成22,2010,南区,社会増減,総数,349
平成22,2010,南区,社会増減,男,217
平成22,2010,南区,社会増減,女,132
平成22,2010,南区,市外移動_転入,総数,6936
平成22,2010,南区,市外移動_転入,男,3591
平成22,2010,南区,市外移動_転入,女,3345
平成22,2010,南区,市外移動_転出,総数,6790
平成22,2010,南区,市外移動_転出,男,3596
平成22,2010,南区,市外移動_転出,女,3194
平成22,2010,南区,市内移動_転入,総数,6031
平成22,2010,南区,市内移動_転入,男,3217
平成22,2010,南区,市内移動_転入,女,2814
平成22,2010,南区,市内移動_転出,総数,5792
平成22,2010,南区,市内移動_転出,男,2959
平成22,2010,南区,市内移動_転出,女,2833
平成22,2010,南区,その他増減,総数,-36
平成22,2010,南区,その他増減,男,-36
平成22,2010,南区,その他増減,女,0
平成22,2010,南区,自然増減,総数,-491
平成22,2010,南区,自然増減,男,-375
平成22,2010,南区,自然増減,女,-116
平成22,2010,南区,出生,総数,1486
平成22,2010,南区,出生,男,741
平成22,2010,南区,出生,女,745
平成22,2010,南区,死亡,総数,1977
平成22,2010,南区,死亡,男,1116
平成22,2010,南区,死亡,女,861
平成22,2010,南区,人口増減率,,-0.07198
平成22,2010,南区,社会増減率,,0.1769
平成22,2010,南区,自然増減率,,-0.24888
平成22,2010,港南区,世帯数増減,,626
平成22,2010,港南区,人口増減,総数,-130
平成22,2010,港南区,人口増減,男,-347
平成22,2010,港南区,人口増減,女,217
平成22,2010,港南区,社会増減,総数,-378
平成22,2010,港南区,社会増減,男,-387
平成22,2010,港南区,社会増減,女,9
平成22,2010,港南区,市外移動_転入,総数,5874
平成22,2010,港南区,市外移動_転入,男,3164
平成22,2010,港南区,市外移動_転入,女,2710
平成22,2010,港南区,市外移動_転出,総数,6251
平成22,2010,港南区,市外移動_転出,男,3485
平成22,2010,港南区,市外移動_転出,女,2766
平成22,2010,港南区,市内移動_転入,総数,4669
平成22,2010,港南区,市内移動_転入,男,2309
平成22,2010,港南区,市内移動_転入,女,2360
平成22,2010,港南区,市内移動_転出,総数,4718
平成22,2010,港南区,市内移動_転出,男,2397
平成22,2010,港南区,市内移動_転出,女,2321
平成22,2010,港南区,その他増減,総数,48
平成22,2010,港南区,その他増減,男,22
平成22,2010,港南区,その他増減,女,26
平成22,2010,港南区,自然増減,総数,248
平成22,2010,港南区,自然増減,男,40
平成22,2010,港南区,自然増減,女,208
平成22,2010,港南区,出生,総数,1823
平成22,2010,港南区,出生,男,916
平成22,2010,港南区,出生,女,907
平成22,2010,港南区,死亡,総数,1575
平成22,2010,港南区,死亡,男,876
平成22,2010,港南区,死亡,女,699
平成22,2010,港南区,人口増減率,,-0.05868
平成22,2010,港南区,社会増減率,,-0.17061
平成22,2010,港南区,自然増減率,,0.11193
平成22,2010,保土ケ谷区,世帯数増減,,208
平成22,2010,保土ケ谷区,人口増減,総数,-556
平成22,2010,保土ケ谷区,人口増減,男,-490
平成22,2010,保土ケ谷区,人口増減,女,-66
平成22,2010,保土ケ谷区,社会増減,総数,-423
平成22,2010,保土ケ谷区,社会増減,男,-375
平成22,2010,保土ケ谷区,社会増減,女,-48
平成22,2010,保土ケ谷区,市外移動_転入,総数,6433
平成22,2010,保土ケ谷区,市外移動_転入,男,3581
平成22,2010,保土ケ谷区,市外移動_転入,女,2852
平成22,2010,保土ケ谷区,市外移動_転出,総数,6532
平成22,2010,保土ケ谷区,市外移動_転出,男,3769
平成22,2010,保土ケ谷区,市外移動_転出,女,2763
平成22,2010,保土ケ谷区,市内移動_転入,総数,4711
平成22,2010,保土ケ谷区,市内移動_転入,男,2428
平成22,2010,保土ケ谷区,市内移動_転入,女,2283
平成22,2010,保土ケ谷区,市内移動_転出,総数,5104
平成22,2010,保土ケ谷区,市内移動_転出,男,2643
平成22,2010,保土ケ谷区,市内移動_転出,女,2461
平成22,2010,保土ケ谷区,その他増減,総数,69
平成22,2010,保土ケ谷区,その他増減,男,28
平成22,2010,保土ケ谷区,その他増減,女,41
平成22,2010,保土ケ谷区,自然増減,総数,-133
平成22,2010,保土ケ谷区,自然増減,男,-115
平成22,2010,保土ケ谷区,自然増減,女,-18
平成22,2010,保土ケ谷区,出生,総数,1614
平成22,2010,保土ケ谷区,出生,男,815
平成22,2010,保土ケ谷区,出生,女,799
平成22,2010,保土ケ谷区,死亡,総数,1747
平成22,2010,保土ケ谷区,死亡,男,930
平成22,2010,保土ケ谷区,死亡,女,817
平成22,2010,保土ケ谷区,人口増減率,,-0.26979
平成22,2010,保土ケ谷区,社会増減率,,-0.20525
平成22,2010,保土ケ谷区,自然増減率,,-0.06454
平成22,2010,旭区,世帯数増減,,885
平成22,2010,旭区,人口増減,総数,209
平成22,2010,旭区,人口増減,男,-32
平成22,2010,旭区,人口増減,女,241
平成22,2010,旭区,社会増減,総数,321
平成22,2010,旭区,社会増減,男,173
平成22,2010,旭区,社会増減,女,148
平成22,2010,旭区,市外移動_転入,総数,6115
平成22,2010,旭区,市外移動_転入,男,3162
平成22,2010,旭区,市外移動_転入,女,2953
平成22,2010,旭区,市外移動_転出,総数,6443
平成22,2010,旭区,市外移動_転出,男,3367
平成22,2010,旭区,市外移動_転出,女,3076
平成22,2010,旭区,市内移動_転入,総数,4998
平成22,2010,旭区,市内移動_転入,男,2564
平成22,2010,旭区,市内移動_転入,女,2434
平成22,2010,旭区,市内移動_転出,総数,4311
平成22,2010,旭区,市内移動_転出,男,2141
平成22,2010,旭区,市内移動_転出,女,2170
平成22,2010,旭区,その他増減,総数,-38
平成22,2010,旭区,その他増減,男,-45
平成22,2010,旭区,その他増減,女,7
平成22,2010,旭区,自然増減,総数,-112
平成22,2010,旭区,自然増減,男,-205
平成22,2010,旭区,自然増減,女,93
平成22,2010,旭区,出生,総数,1948
平成22,2010,旭区,出生,男,943
平成22,2010,旭区,出生,女,1005
平成22,2010,旭区,死亡,総数,2060
平成22,2010,旭区,死亡,男,1148
平成22,2010,旭区,死亡,女,912
平成22,2010,旭区,人口増減率,,0.08393
平成22,2010,旭区,社会増減率,,0.12891
平成22,2010,旭区,自然増減率,,-0.04498
平成22,2010,磯子区,世帯数増減,,-8
平成22,2010,磯子区,人口増減,総数,-808
平成22,2010,磯子区,人口増減,男,-553
平成22,2010,磯子区,人口増減,女,-255
平成22,2010,磯子区,社会増減,総数,-776
平成22,2010,磯子区,社会増減,男,-487
平成22,2010,磯子区,社会増減,女,-289
平成22,2010,磯子区,市外移動_転入,総数,5068
平成22,2010,磯子区,市外移動_転入,男,2813
平成22,2010,磯子区,市外移動_転入,女,2255
平成22,2010,磯子区,市外移動_転出,総数,5261
平成22,2010,磯子区,市外移動_転出,男,3000
平成22,2010,磯子区,市外移動_転出,女,2261
平成22,2010,磯子区,市内移動_転入,総数,3867
平成22,2010,磯子区,市内移動_転入,男,1970
平成22,2010,磯子区,市内移動_転入,女,1897
平成22,2010,磯子区,市内移動_転出,総数,4506
平成22,2010,磯子区,市内移動_転出,男,2312
平成22,2010,磯子区,市内移動_転出,女,2194
平成22,2010,磯子区,その他増減,総数,56
平成22,2010,磯子区,その他増減,男,42
平成22,2010,磯子区,その他増減,女,14
平成22,2010,磯子区,自然増減,総数,-32
平成22,2010,磯子区,自然増減,男,-66
平成22,2010,磯子区,自然増減,女,34
平成22,2010,磯子区,出生,総数,1343
平成22,2010,磯子区,出生,男,689
平成22,2010,磯子区,出生,女,654
平成22,2010,磯子区,死亡,総数,1375
平成22,2010,磯子区,死亡,男,755
平成22,2010,磯子区,死亡,女,620
平成22,2010,磯子区,人口増減率,,-0.4943
平成22,2010,磯子区,社会増減率,,-0.47473
平成22,2010,磯子区,自然増減率,,-0.01958
平成22,2010,金沢区,世帯数増減,,353
平成22,2010,金沢区,人口増減,総数,-950
平成22,2010,金沢区,人口増減,男,-608
平成22,2010,金沢区,人口増減,女,-342
平成22,2010,金沢区,社会増減,総数,-892
平成22,2010,金沢区,社会増減,男,-510
平成22,2010,金沢区,社会増減,女,-382
平成22,2010,金沢区,市外移動_転入,総数,6247
平成22,2010,金沢区,市外移動_転入,男,3360
平成22,2010,金沢区,市外移動_転入,女,2887
平成22,2010,金沢区,市外移動_転出,総数,6931
平成22,2010,金沢区,市外移動_転出,男,3822
平成22,2010,金沢区,市外移動_転出,女,3109
平成22,2010,金沢区,市内移動_転入,総数,2710
平成22,2010,金沢区,市内移動_転入,男,1423
平成22,2010,金沢区,市内移動_転入,女,1287
平成22,2010,金沢区,市内移動_転出,総数,2957
平成22,2010,金沢区,市内移動_転出,男,1489
平成22,2010,金沢区,市内移動_転出,女,1468
平成22,2010,金沢区,その他増減,総数,39
平成22,2010,金沢区,その他増減,男,18
平成22,2010,金沢区,その他増減,女,21
平成22,2010,金沢区,自然増減,総数,-58
平成22,2010,金沢区,自然増減,男,-98
平成22,2010,金沢区,自然増減,女,40
平成22,2010,金沢区,出生,総数,1584
平成22,2010,金沢区,出生,男,805
平成22,2010,金沢区,出生,女,779
平成22,2010,金沢区,死亡,総数,1642
平成22,2010,金沢区,死亡,男,903
平成22,2010,金沢区,死亡,女,739
平成22,2010,金沢区,人口増減率,,-0.45242
平成22,2010,金沢区,社会増減率,,-0.4248
平成22,2010,金沢区,自然増減率,,-0.02762
平成22,2010,港北区,世帯数増減,,851
平成22,2010,港北区,人口増減,総数,1401
平成22,2010,港北区,人口増減,男,282
平成22,2010,港北区,人口増減,女,1119
平成22,2010,港北区,社会増減,総数,167
平成22,2010,港北区,社会増減,男,-238
平成22,2010,港北区,社会増減,女,405
平成22,2010,港北区,市外移動_転入,総数,18065
平成22,2010,港北区,市外移動_転入,男,9618
平成22,2010,港北区,市外移動_転入,女,8447
平成22,2010,港北区,市外移動_転出,総数,16862
平成22,2010,港北区,市外移動_転出,男,9249
平成22,2010,港北区,市外移動_転出,女,7613
平成22,2010,港北区,市内移動_転入,総数,5708
平成22,2010,港北区,市内移動_転入,男,2930
平成22,2010,港北区,市内移動_転入,女,2778
平成22,2010,港北区,市内移動_転出,総数,6825
平成22,2010,港北区,市内移動_転出,男,3563
平成22,2010,港北区,市内移動_転出,女,3262
平成22,2010,港北区,その他増減,総数,81
平成22,2010,港北区,その他増減,男,26
平成22,2010,港北区,その他増減,女,55
平成22,2010,港北区,自然増減,総数,1234
平成22,2010,港北区,自然増減,男,520
平成22,2010,港北区,自然増減,女,714
平成22,2010,港北区,出生,総数,3298
平成22,2010,港北区,出生,男,1678
平成22,2010,港北区,出生,女,1620
平成22,2010,港北区,死亡,総数,2064
平成22,2010,港北区,死亡,男,1158
平成22,2010,港北区,死亡,女,906
平成22,2010,港北区,人口増減率,,0.4302
平成22,2010,港北区,社会増減率,,0.05128
平成22,2010,港北区,自然増減率,,0.37892
平成22,2010,緑区,世帯数増減,,637
平成22,2010,緑区,人口増減,総数,264
平成22,2010,緑区,人口増減,男,-79
平成22,2010,緑区,人口増減,女,343
平成22,2010,緑区,社会増減,総数,-186
平成22,2010,緑区,社会増減,男,-241
平成22,2010,緑区,社会増減,女,55
平成22,2010,緑区,市外移動_転入,総数,6104
平成22,2010,緑区,市外移動_転入,男,3190
平成22,2010,緑区,市外移動_転入,女,2914
平成22,2010,緑区,市外移動_転出,総数,6657
平成22,2010,緑区,市外移動_転出,男,3599
平成22,2010,緑区,市外移動_転出,女,3058
平成22,2010,緑区,市内移動_転入,総数,3747
平成22,2010,緑区,市内移動_転入,男,1900
平成22,2010,緑区,市内移動_転入,女,1847
平成22,2010,緑区,市内移動_転出,総数,3458
平成22,2010,緑区,市内移動_転出,男,1770
平成22,2010,緑区,市内移動_転出,女,1688
平成22,2010,緑区,その他増減,総数,78
平成22,2010,緑区,その他増減,男,38
平成22,2010,緑区,その他増減,女,40
平成22,2010,緑区,自然増減,総数,450
平成22,2010,緑区,自然増減,男,162
平成22,2010,緑区,自然増減,女,288
平成22,2010,緑区,出生,総数,1664
平成22,2010,緑区,出生,男,838
平成22,2010,緑区,出生,女,826
平成22,2010,緑区,死亡,総数,1214
平成22,2010,緑区,死亡,男,676
平成22,2010,緑区,死亡,女,538
平成22,2010,緑区,人口増減率,,0.14985
平成22,2010,緑区,社会増減率,,-0.10558
平成22,2010,緑区,自然増減率,,0.25543
平成22,2010,青葉区,世帯数増減,,1132
平成22,2010,青葉区,人口増減,総数,1585
平成22,2010,青葉区,人口増減,男,436
平成22,2010,青葉区,人口増減,女,1149
平成22,2010,青葉区,社会増減,総数,346
平成22,2010,青葉区,社会増減,男,-140
平成22,2010,青葉区,社会増減,女,486
平成22,2010,青葉区,市外移動_転入,総数,16148
平成22,2010,青葉区,市外移動_転入,男,8433
平成22,2010,青葉区,市外移動_転入,女,7715
平成22,2010,青葉区,市外移動_転出,総数,16594
平成22,2010,青葉区,市外移動_転出,男,8924
平成22,2010,青葉区,市外移動_転出,女,7670
平成22,2010,青葉区,市内移動_転入,総数,3500
平成22,2010,青葉区,市内移動_転入,男,1780
平成22,2010,青葉区,市内移動_転入,女,1720
平成22,2010,青葉区,市内移動_転出,総数,3000
平成22,2010,青葉区,市内移動_転出,男,1567
平成22,2010,青葉区,市内移動_転出,女,1433
平成22,2010,青葉区,その他増減,総数,292
平成22,2010,青葉区,その他増減,男,138
平成22,2010,青葉区,その他増減,女,154
平成22,2010,青葉区,自然増減,総数,1239
平成22,2010,青葉区,自然増減,男,576
平成22,2010,青葉区,自然増減,女,663
平成22,2010,青葉区,出生,総数,2823
平成22,2010,青葉区,出生,男,1447
平成22,2010,青葉区,出生,女,1376
平成22,2010,青葉区,死亡,総数,1584
平成22,2010,青葉区,死亡,男,871
平成22,2010,青葉区,死亡,女,713
平成22,2010,青葉区,人口増減率,,0.5235
平成22,2010,青葉区,社会増減率,,0.11428
平成22,2010,青葉区,自然増減率,,0.40922
平成22,2010,都筑区,世帯数増減,,1549
平成22,2010,都筑区,人口増減,総数,2933
平成22,2010,都筑区,人口増減,男,1372
平成22,2010,都筑区,人口増減,女,1561
平成22,2010,都筑区,社会増減,総数,1710
平成22,2010,都筑区,社会増減,男,731
平成22,2010,都筑区,社会増減,女,979
平成22,2010,都筑区,市外移動_転入,総数,9345
平成22,2010,都筑区,市外移動_転入,男,4898
平成22,2010,都筑区,市外移動_転入,女,4447
平成22,2010,都筑区,市外移動_転出,総数,8080
平成22,2010,都筑区,市外移動_転出,男,4384
平成22,2010,都筑区,市外移動_転出,女,3696
平成22,2010,都筑区,市内移動_転入,総数,4080
平成22,2010,都筑区,市内移動_転入,男,2089
平成22,2010,都筑区,市内移動_転入,女,1991
平成22,2010,都筑区,市内移動_転出,総数,3700
平成22,2010,都筑区,市内移動_転出,男,1915
平成22,2010,都筑区,市内移動_転出,女,1785
平成22,2010,都筑区,その他増減,総数,65
平成22,2010,都筑区,その他増減,男,43
平成22,2010,都筑区,その他増減,女,22
平成22,2010,都筑区,自然増減,総数,1223
平成22,2010,都筑区,自然増減,男,641
平成22,2010,都筑区,自然増減,女,582
平成22,2010,都筑区,出生,総数,2151
平成22,2010,都筑区,出生,男,1147
平成22,2010,都筑区,出生,女,1004
平成22,2010,都筑区,死亡,総数,928
平成22,2010,都筑区,死亡,男,506
平成22,2010,都筑区,死亡,女,422
平成22,2010,都筑区,人口増減率,,1.47316
平成22,2010,都筑区,社会増減率,,0.85888
平成22,2010,都筑区,自然増減率,,0.61428
平成22,2010,戸塚区,世帯数増減,,1171
平成22,2010,戸塚区,人口増減,総数,1125
平成22,2010,戸塚区,人口増減,男,256
平成22,2010,戸塚区,人口増減,女,869
平成22,2010,戸塚区,社会増減,総数,394
平成22,2010,戸塚区,社会増減,男,-22
平成22,2010,戸塚区,社会増減,女,416
平成22,2010,戸塚区,市外移動_転入,総数,9242
平成22,2010,戸塚区,市外移動_転入,男,4966
平成22,2010,戸塚区,市外移動_転入,女,4276
平成22,2010,戸塚区,市外移動_転出,総数,9152
平成22,2010,戸塚区,市外移動_転出,男,5127
平成22,2010,戸塚区,市外移動_転出,女,4025
平成22,2010,戸塚区,市内移動_転入,総数,4749
平成22,2010,戸塚区,市内移動_転入,男,2421
平成22,2010,戸塚区,市内移動_転入,女,2328
平成22,2010,戸塚区,市内移動_転出,総数,4533
平成22,2010,戸塚区,市内移動_転出,男,2326
平成22,2010,戸塚区,市内移動_転出,女,2207
平成22,2010,戸塚区,その他増減,総数,88
平成22,2010,戸塚区,その他増減,男,44
平成22,2010,戸塚区,その他増減,女,44
平成22,2010,戸塚区,自然増減,総数,731
平成22,2010,戸塚区,自然増減,男,278
平成22,2010,戸塚区,自然増減,女,453
平成22,2010,戸塚区,出生,総数,2608
平成22,2010,戸塚区,出生,男,1344
平成22,2010,戸塚区,出生,女,1264
平成22,2010,戸塚区,死亡,総数,1877
平成22,2010,戸塚区,死亡,男,1066
平成22,2010,戸塚区,死亡,女,811
平成22,2010,戸塚区,人口増減率,,0.41143
平成22,2010,戸塚区,社会増減率,,0.14409
平成22,2010,戸塚区,自然増減率,,0.26734
平成22,2010,栄区,世帯数増減,,795
平成22,2010,栄区,人口増減,総数,244
平成22,2010,栄区,人口増減,男,127
平成22,2010,栄区,人口増減,女,117
平成22,2010,栄区,社会増減,総数,181
平成22,2010,栄区,社会増減,男,120
平成22,2010,栄区,社会増減,女,61
平成22,2010,栄区,市外移動_転入,総数,4392
平成22,2010,栄区,市外移動_転入,男,2491
平成22,2010,栄区,市外移動_転入,女,1901
平成22,2010,栄区,市外移動_転出,総数,4393
平成22,2010,栄区,市外移動_転出,男,2458
平成22,2010,栄区,市外移動_転出,女,1935
平成22,2010,栄区,市内移動_転入,総数,2380
平成22,2010,栄区,市内移動_転入,男,1263
平成22,2010,栄区,市内移動_転入,女,1117
平成22,2010,栄区,市内移動_転出,総数,2206
平成22,2010,栄区,市内移動_転出,男,1183
平成22,2010,栄区,市内移動_転出,女,1023
平成22,2010,栄区,その他増減,総数,8
平成22,2010,栄区,その他増減,男,7
平成22,2010,栄区,その他増減,女,1
平成22,2010,栄区,自然増減,総数,63
平成22,2010,栄区,自然増減,男,7
平成22,2010,栄区,自然増減,女,56
平成22,2010,栄区,出生,総数,1022
平成22,2010,栄区,出生,男,539
平成22,2010,栄区,出生,女,483
平成22,2010,栄区,死亡,総数,959
平成22,2010,栄区,死亡,男,532
平成22,2010,栄区,死亡,女,427
平成22,2010,栄区,人口増減率,,0.19536
平成22,2010,栄区,社会増減率,,0.14492
平成22,2010,栄区,自然増減率,,0.05044
平成22,2010,泉区,世帯数増減,,786
平成22,2010,泉区,人口増減,総数,139
平成22,2010,泉区,人口増減,男,-65
平成22,2010,泉区,人口増減,女,204
平成22,2010,泉区,社会増減,総数,-72
平成22,2010,泉区,社会増減,男,-106
平成22,2010,泉区,社会増減,女,34
平成22,2010,泉区,市外移動_転入,総数,3982
平成22,2010,泉区,市外移動_転入,男,2006
平成22,2010,泉区,市外移動_転入,女,1976
平成22,2010,泉区,市外移動_転出,総数,4320
平成22,2010,泉区,市外移動_転出,男,2263
平成22,2010,泉区,市外移動_転出,女,2057
平成22,2010,泉区,市内移動_転入,総数,2809
平成22,2010,泉区,市内移動_転入,男,1439
平成22,2010,泉区,市内移動_転入,女,1370
平成22,2010,泉区,市内移動_転出,総数,2563
平成22,2010,泉区,市内移動_転出,男,1292
平成22,2010,泉区,市内移動_転出,女,1271
平成22,2010,泉区,その他増減,総数,20
平成22,2010,泉区,その他増減,男,4
平成22,2010,泉区,その他増減,女,16
平成22,2010,泉区,自然増減,総数,211
平成22,2010,泉区,自然増減,男,41
平成22,2010,泉区,自然増減,女,170
平成22,2010,泉区,出生,総数,1360
平成22,2010,泉区,出生,男,687
平成22,2010,泉区,出生,女,673
平成22,2010,泉区,死亡,総数,1149
平成22,2010,泉区,死亡,男,646
平成22,2010,泉区,死亡,女,503
平成22,2010,泉区,人口増減率,,0.08927
平成22,2010,泉区,社会増減率,,-0.04624
平成22,2010,泉区,自然増減率,,0.13552
平成22,2010,瀬谷区,世帯数増減,,316
平成22,2010,瀬谷区,人口増減,総数,-232
平成22,2010,瀬谷区,人口増減,男,-262
平成22,2010,瀬谷区,人口増減,女,30
平成22,2010,瀬谷区,社会増減,総数,-231
平成22,2010,瀬谷区,社会増減,男,-233
平成22,2010,瀬谷区,社会増減,女,2
平成22,2010,瀬谷区,市外移動_転入,総数,3229
平成22,2010,瀬谷区,市外移動_転入,男,1692
平成22,2010,瀬谷区,市外移動_転入,女,1537
平成22,2010,瀬谷区,市外移動_転出,総数,3830
平成22,2010,瀬谷区,市外移動_転出,男,2066
平成22,2010,瀬谷区,市外移動_転出,女,1764
平成22,2010,瀬谷区,市内移動_転入,総数,2416
平成22,2010,瀬谷区,市内移動_転入,男,1191
平成22,2010,瀬谷区,市内移動_転入,女,1225
平成22,2010,瀬谷区,市内移動_転出,総数,2061
平成22,2010,瀬谷区,市内移動_転出,男,1052
平成22,2010,瀬谷区,市内移動_転出,女,1009
平成22,2010,瀬谷区,その他増減,総数,15
平成22,2010,瀬谷区,その他増減,男,2
平成22,2010,瀬谷区,その他増減,女,13
平成22,2010,瀬谷区,自然増減,総数,-1
平成22,2010,瀬谷区,自然増減,男,-29
平成22,2010,瀬谷区,自然増減,女,28
平成22,2010,瀬谷区,出生,総数,1092
平成22,2010,瀬谷区,出生,男,571
平成22,2010,瀬谷区,出生,女,521
平成22,2010,瀬谷区,死亡,総数,1093
平成22,2010,瀬谷区,死亡,男,600
平成22,2010,瀬谷区,死亡,女,493
平成22,2010,瀬谷区,人口増減率,,-0.18275
平成22,2010,瀬谷区,社会増減率,,-0.18196
平成22,2010,瀬谷区,自然増減率,,-0.00079
平成23,2011,鶴見区,世帯数増減,,1434
平成23,2011,鶴見区,人口増減,総数,1971
平成23,2011,鶴見区,人口増減,男,874
平成23,2011,鶴見区,人口増減,女,1097
平成23,2011,鶴見区,社会増減,総数,1483
平成23,2011,鶴見区,社会増減,男,704
平成23,2011,鶴見区,社会増減,女,779
平成23,2011,鶴見区,市外移動_転入,総数,13353
平成23,2011,鶴見区,市外移動_転入,男,7460
平成23,2011,鶴見区,市外移動_転入,女,5893
平成23,2011,鶴見区,市外移動_転出,総数,11817
平成23,2011,鶴見区,市外移動_転出,男,6702
平成23,2011,鶴見区,市外移動_転出,女,5115
平成23,2011,鶴見区,市内移動_転入,総数,3674
平成23,2011,鶴見区,市内移動_転入,男,1948
平成23,2011,鶴見区,市内移動_転入,女,1726
平成23,2011,鶴見区,市内移動_転出,総数,3726
平成23,2011,鶴見区,市内移動_転出,男,1981
平成23,2011,鶴見区,市内移動_転出,女,1745
平成23,2011,鶴見区,その他増減,総数,-1
平成23,2011,鶴見区,その他増減,男,-21
平成23,2011,鶴見区,その他増減,女,20
平成23,2011,鶴見区,自然増減,総数,488
平成23,2011,鶴見区,自然増減,男,170
平成23,2011,鶴見区,自然増減,女,318
平成23,2011,鶴見区,出生,総数,2689
平成23,2011,鶴見区,出生,男,1393
平成23,2011,鶴見区,出生,女,1296
平成23,2011,鶴見区,死亡,総数,2201
平成23,2011,鶴見区,死亡,男,1223
平成23,2011,鶴見区,死亡,女,978
平成23,2011,鶴見区,人口増減率,,0.71826
平成23,2011,鶴見区,社会増減率,,0.54042
平成23,2011,鶴見区,自然増減率,,0.17783
平成23,2011,神奈川区,世帯数増減,,297
平成23,2011,神奈川区,人口増減,総数,-394
平成23,2011,神奈川区,人口増減,男,-354
平成23,2011,神奈川区,人口増減,女,-40
平成23,2011,神奈川区,社会増減,総数,-650
平成23,2011,神奈川区,社会増減,男,-416
平成23,2011,神奈川区,社会増減,女,-234
平成23,2011,神奈川区,市外移動_転入,総数,9621
平成23,2011,神奈川区,市外移動_転入,男,5374
平成23,2011,神奈川区,市外移動_転入,女,4247
平成23,2011,神奈川区,市外移動_転出,総数,9655
平成23,2011,神奈川区,市外移動_転出,男,5371
平成23,2011,神奈川区,市外移動_転出,女,4284
平成23,2011,神奈川区,市内移動_転入,総数,5512
平成23,2011,神奈川区,市内移動_転入,男,2827
平成23,2011,神奈川区,市内移動_転入,女,2685
平成23,2011,神奈川区,市内移動_転出,総数,6134
平成23,2011,神奈川区,市内移動_転出,男,3210
平成23,2011,神奈川区,市内移動_転出,女,2924
平成23,2011,神奈川区,その他増減,総数,6
平成23,2011,神奈川区,その他増減,男,-36
平成23,2011,神奈川区,その他増減,女,42
平成23,2011,神奈川区,自然増減,総数,256
平成23,2011,神奈川区,自然増減,男,62
平成23,2011,神奈川区,自然増減,女,194
平成23,2011,神奈川区,出生,総数,2113
平成23,2011,神奈川区,出生,男,1080
平成23,2011,神奈川区,出生,女,1033
平成23,2011,神奈川区,死亡,総数,1857
平成23,2011,神奈川区,死亡,男,1018
平成23,2011,神奈川区,死亡,女,839
平成23,2011,神奈川区,人口増減率,,-0.16914
平成23,2011,神奈川区,社会増減率,,-0.27904
平成23,2011,神奈川区,自然増減率,,0.1099
平成23,2011,西区,世帯数増減,,733
平成23,2011,西区,人口増減,総数,1126
平成23,2011,西区,人口増減,男,596
平成23,2011,西区,人口増減,女,530
平成23,2011,西区,社会増減,総数,1084
平成23,2011,西区,社会増減,男,584
平成23,2011,西区,社会増減,女,500
平成23,2011,西区,市外移動_転入,総数,5400
平成23,2011,西区,市外移動_転入,男,2966
平成23,2011,西区,市外移動_転入,女,2434
平成23,2011,西区,市外移動_転出,総数,4535
平成23,2011,西区,市外移動_転出,男,2503
平成23,2011,西区,市外移動_転出,女,2032
平成23,2011,西区,市内移動_転入,総数,3635
平成23,2011,西区,市内移動_転入,男,1865
平成23,2011,西区,市内移動_転入,女,1770
平成23,2011,西区,市内移動_転出,総数,3423
平成23,2011,西区,市内移動_転出,男,1742
平成23,2011,西区,市内移動_転出,女,1681
平成23,2011,西区,その他増減,総数,7
平成23,2011,西区,その他増減,男,-2
平成23,2011,西区,その他増減,女,9
平成23,2011,西区,自然増減,総数,42
平成23,2011,西区,自然増減,男,12
平成23,2011,西区,自然増減,女,30
平成23,2011,西区,出生,総数,860
平成23,2011,西区,出生,男,425
平成23,2011,西区,出生,女,435
平成23,2011,西区,死亡,総数,818
平成23,2011,西区,死亡,男,413
平成23,2011,西区,死亡,女,405
平成23,2011,西区,人口増減率,,1.17309
平成23,2011,西区,社会増減率,,1.12933
平成23,2011,西区,自然増減率,,0.04376
平成23,2011,中区,世帯数増減,,120
平成23,2011,中区,人口増減,総数,-101
平成23,2011,中区,人口増減,男,-131
平成23,2011,中区,人口増減,女,30
平成23,2011,中区,社会増減,総数,405
平成23,2011,中区,社会増減,男,287
平成23,2011,中区,社会増減,女,118
平成23,2011,中区,市外移動_転入,総数,8273
平成23,2011,中区,市外移動_転入,男,4673
平成23,2011,中区,市外移動_転入,女,3600
平成23,2011,中区,市外移動_転出,総数,7644
平成23,2011,中区,市外移動_転出,男,4324
平成23,2011,中区,市外移動_転出,女,3320
平成23,2011,中区,市内移動_転入,総数,4855
平成23,2011,中区,市内移動_転入,男,2668
平成23,2011,中区,市内移動_転入,女,2187
平成23,2011,中区,市内移動_転出,総数,4893
平成23,2011,中区,市内移動_転出,男,2592
平成23,2011,中区,市内移動_転出,女,2301
平成23,2011,中区,その他増減,総数,-186
平成23,2011,中区,その他増減,男,-138
平成23,2011,中区,その他増減,女,-48
平成23,2011,中区,自然増減,総数,-506
平成23,2011,中区,自然増減,男,-418
平成23,2011,中区,自然増減,女,-88
平成23,2011,中区,出生,総数,1053
平成23,2011,中区,出生,男,545
平成23,2011,中区,出生,女,508
平成23,2011,中区,死亡,総数,1559
平成23,2011,中区,死亡,男,963
平成23,2011,中区,死亡,女,596
平成23,2011,中区,人口増減率,,-0.06924
平成23,2011,中区,社会増減率,,0.27766
平成23,2011,中区,自然増減率,,-0.3469
平成23,2011,南区,世帯数増減,,298
平成23,2011,南区,人口増減,総数,-1034
平成23,2011,南区,人口増減,男,-631
平成23,2011,南区,人口増減,女,-403
平成23,2011,南区,社会増減,総数,-342
平成23,2011,南区,社会増減,男,-211
平成23,2011,南区,社会増減,女,-131
平成23,2011,南区,市外移動_転入,総数,6697
平成23,2011,南区,市外移動_転入,男,3539
平成23,2011,南区,市外移動_転入,女,3158
平成23,2011,南区,市外移動_転出,総数,6537
平成23,2011,南区,市外移動_転出,男,3524
平成23,2011,南区,市外移動_転出,女,3013
平成23,2011,南区,市内移動_転入,総数,5423
平成23,2011,南区,市内移動_転入,男,2867
平成23,2011,南区,市内移動_転入,女,2556
平成23,2011,南区,市内移動_転出,総数,5689
平成23,2011,南区,市内移動_転出,男,2907
平成23,2011,南区,市内移動_転出,女,2782
平成23,2011,南区,その他増減,総数,-236
平成23,2011,南区,その他増減,男,-186
平成23,2011,南区,その他増減,女,-50
平成23,2011,南区,自然増減,総数,-692
平成23,2011,南区,自然増減,男,-420
平成23,2011,南区,自然増減,女,-272
平成23,2011,南区,出生,総数,1380
平成23,2011,南区,出生,男,703
平成23,2011,南区,出生,女,677
平成23,2011,南区,死亡,総数,2072
平成23,2011,南区,死亡,男,1123
平成23,2011,南区,死亡,女,949
平成23,2011,南区,人口増減率,,-0.52973
平成23,2011,南区,社会増減率,,-0.17521
平成23,2011,南区,自然増減率,,-0.35452
平成23,2011,港南区,世帯数増減,,103
平成23,2011,港南区,人口増減,総数,-1059
平成23,2011,港南区,人口増減,男,-835
平成23,2011,港南区,人口増減,女,-224
平成23,2011,港南区,社会増減,総数,-1024
平成23,2011,港南区,社会増減,男,-696
平成23,2011,港南区,社会増減,女,-328
平成23,2011,港南区,市外移動_転入,総数,5207
平成23,2011,港南区,市外移動_転入,男,2794
平成23,2011,港南区,市外移動_転入,女,2413
平成23,2011,港南区,市外移動_転出,総数,6043
平成23,2011,港南区,市外移動_転出,男,3328
平成23,2011,港南区,市外移動_転出,女,2715
平成23,2011,港南区,市内移動_転入,総数,4238
平成23,2011,港南区,市内移動_転入,男,2112
平成23,2011,港南区,市内移動_転入,女,2126
平成23,2011,港南区,市内移動_転出,総数,4388
平成23,2011,港南区,市内移動_転出,男,2224
平成23,2011,港南区,市内移動_転出,女,2164
平成23,2011,港南区,その他増減,総数,-38
平成23,2011,港南区,その他増減,男,-50
平成23,2011,港南区,その他増減,女,12
平成23,2011,港南区,自然増減,総数,-35
平成23,2011,港南区,自然増減,男,-139
平成23,2011,港南区,自然増減,女,104
平成23,2011,港南区,出生,総数,1660
平成23,2011,港南区,出生,男,833
平成23,2011,港南区,出生,女,827
平成23,2011,港南区,死亡,総数,1695
平成23,2011,港南区,死亡,男,972
平成23,2011,港南区,死亡,女,723
平成23,2011,港南区,人口増減率,,-0.48108
平成23,2011,港南区,社会増減率,,-0.46518
平成23,2011,港南区,自然増減率,,-0.0159
平成23,2011,保土ケ谷区,世帯数増減,,303
平成23,2011,保土ケ谷区,人口増減,総数,-797
平成23,2011,保土ケ谷区,人口増減,男,-497
平成23,2011,保土ケ谷区,人口増減,女,-300
平成23,2011,保土ケ谷区,社会増減,総数,-438
平成23,2011,保土ケ谷区,社会増減,男,-241
平成23,2011,保土ケ谷区,社会増減,女,-197
平成23,2011,保土ケ谷区,市外移動_転入,総数,6358
平成23,2011,保土ケ谷区,市外移動_転入,男,3567
平成23,2011,保土ケ谷区,市外移動_転入,女,2791
平成23,2011,保土ケ谷区,市外移動_転出,総数,6623
平成23,2011,保土ケ谷区,市外移動_転出,男,3788
平成23,2011,保土ケ谷区,市外移動_転出,女,2835
平成23,2011,保土ケ谷区,市内移動_転入,総数,4578
平成23,2011,保土ケ谷区,市内移動_転入,男,2396
平成23,2011,保土ケ谷区,市内移動_転入,女,2182
平成23,2011,保土ケ谷区,市内移動_転出,総数,4806
平成23,2011,保土ケ谷区,市内移動_転出,男,2445
平成23,2011,保土ケ谷区,市内移動_転出,女,2361
平成23,2011,保土ケ谷区,その他増減,総数,55
平成23,2011,保土ケ谷区,その他増減,男,29
平成23,2011,保土ケ谷区,その他増減,女,26
平成23,2011,保土ケ谷区,自然増減,総数,-359
平成23,2011,保土ケ谷区,自然増減,男,-256
平成23,2011,保土ケ谷区,自然増減,女,-103
平成23,2011,保土ケ谷区,出生,総数,1443
平成23,2011,保土ケ谷区,出生,男,758
平成23,2011,保土ケ谷区,出生,女,685
平成23,2011,保土ケ谷区,死亡,総数,1802
平成23,2011,保土ケ谷区,死亡,男,1014
平成23,2011,保土ケ谷区,死亡,女,788
平成23,2011,保土ケ谷区,人口増減率,,-0.38763
平成23,2011,保土ケ谷区,社会増減率,,-0.21302
平成23,2011,保土ケ谷区,自然増減率,,-0.1746
平成23,2011,旭区,世帯数増減,,607
平成23,2011,旭区,人口増減,総数,-703
平成23,2011,旭区,人口増減,男,-464
平成23,2011,旭区,人口増減,女,-239
平成23,2011,旭区,社会増減,総数,-319
平成23,2011,旭区,社会増減,男,-204
平成23,2011,旭区,社会増減,女,-115
平成23,2011,旭区,市外移動_転入,総数,5684
平成23,2011,旭区,市外移動_転入,男,2930
平成23,2011,旭区,市外移動_転入,女,2754
平成23,2011,旭区,市外移動_転出,総数,6474
平成23,2011,旭区,市外移動_転出,男,3421
平成23,2011,旭区,市外移動_転出,女,3053
平成23,2011,旭区,市内移動_転入,総数,4793
平成23,2011,旭区,市内移動_転入,男,2456
平成23,2011,旭区,市内移動_転入,女,2337
平成23,2011,旭区,市内移動_転出,総数,4357
平成23,2011,旭区,市内移動_転出,男,2182
平成23,2011,旭区,市内移動_転出,女,2175
平成23,2011,旭区,その他増減,総数,35
平成23,2011,旭区,その他増減,男,13
平成23,2011,旭区,その他増減,女,22
平成23,2011,旭区,自然増減,総数,-384
平成23,2011,旭区,自然増減,男,-260
平成23,2011,旭区,自然増減,女,-124
平成23,2011,旭区,出生,総数,1879
平成23,2011,旭区,出生,男,963
平成23,2011,旭区,出生,女,916
平成23,2011,旭区,死亡,総数,2263
平成23,2011,旭区,死亡,男,1223
平成23,2011,旭区,死亡,女,1040
平成23,2011,旭区,人口増減率,,-0.28085
平成23,2011,旭区,社会増減率,,-0.12744
平成23,2011,旭区,自然増減率,,-0.15341
平成23,2011,磯子区,世帯数増減,,144
平成23,2011,磯子区,人口増減,総数,-664
平成23,2011,磯子区,人口増減,男,-328
平成23,2011,磯子区,人口増減,女,-336
平成23,2011,磯子区,社会増減,総数,-453
平成23,2011,磯子区,社会増減,男,-201
平成23,2011,磯子区,社会増減,女,-252
平成23,2011,磯子区,市外移動_転入,総数,4553
平成23,2011,磯子区,市外移動_転入,男,2584
平成23,2011,磯子区,市外移動_転入,女,1969
平成23,2011,磯子区,市外移動_転出,総数,5163
平成23,2011,磯子区,市外移動_転出,男,2885
平成23,2011,磯子区,市外移動_転出,女,2278
平成23,2011,磯子区,市内移動_転入,総数,4143
平成23,2011,磯子区,市内移動_転入,男,2165
平成23,2011,磯子区,市内移動_転入,女,1978
平成23,2011,磯子区,市内移動_転出,総数,3989
平成23,2011,磯子区,市内移動_転出,男,2061
平成23,2011,磯子区,市内移動_転出,女,1928
平成23,2011,磯子区,その他増減,総数,3
平成23,2011,磯子区,その他増減,男,-4
平成23,2011,磯子区,その他増減,女,7
平成23,2011,磯子区,自然増減,総数,-211
平成23,2011,磯子区,自然増減,男,-127
平成23,2011,磯子区,自然増減,女,-84
平成23,2011,磯子区,出生,総数,1267
平成23,2011,磯子区,出生,男,693
平成23,2011,磯子区,出生,女,574
平成23,2011,磯子区,死亡,総数,1478
平成23,2011,磯子区,死亡,男,820
平成23,2011,磯子区,死亡,女,658
平成23,2011,磯子区,人口増減率,,-0.40953
平成23,2011,磯子区,社会増減率,,-0.27939
平成23,2011,磯子区,自然増減率,,-0.13014
平成23,2011,金沢区,世帯数増減,,302
平成23,2011,金沢区,人口増減,総数,-1174
平成23,2011,金沢区,人口増減,男,-758
平成23,2011,金沢区,人口増減,女,-416
平成23,2011,金沢区,社会増減,総数,-1000
平成23,2011,金沢区,社会増減,男,-647
平成23,2011,金沢区,社会増減,女,-353
平成23,2011,金沢区,市外移動_転入,総数,6096
平成23,2011,金沢区,市外移動_転入,男,3246
平成23,2011,金沢区,市外移動_転入,女,2850
平成23,2011,金沢区,市外移動_転出,総数,6505
平成23,2011,金沢区,市外移動_転出,男,3592
平成23,2011,金沢区,市外移動_転出,女,2913
平成23,2011,金沢区,市内移動_転入,総数,2376
平成23,2011,金沢区,市内移動_転入,男,1211
平成23,2011,金沢区,市内移動_転入,女,1165
平成23,2011,金沢区,市内移動_転出,総数,2971
平成23,2011,金沢区,市内移動_転出,男,1491
平成23,2011,金沢区,市内移動_転出,女,1480
平成23,2011,金沢区,その他増減,総数,4
平成23,2011,金沢区,その他増減,男,-21
平成23,2011,金沢区,その他増減,女,25
平成23,2011,金沢区,自然増減,総数,-174
平成23,2011,金沢区,自然増減,男,-111
平成23,2011,金沢区,自然増減,女,-63
平成23,2011,金沢区,出生,総数,1521
平成23,2011,金沢区,出生,男,794
平成23,2011,金沢区,出生,女,727
平成23,2011,金沢区,死亡,総数,1695
平成23,2011,金沢区,死亡,男,905
平成23,2011,金沢区,死亡,女,790
平成23,2011,金沢区,人口増減率,,-0.56498
平成23,2011,金沢区,社会増減率,,-0.48124
平成23,2011,金沢区,自然増減率,,-0.08374
平成23,2011,港北区,世帯数増減,,1540
平成23,2011,港北区,人口増減,総数,2497
平成23,2011,港北区,人口増減,男,974
平成23,2011,港北区,人口増減,女,1523
平成23,2011,港北区,社会増減,総数,1188
平成23,2011,港北区,社会増減,男,367
平成23,2011,港北区,社会増減,女,821
平成23,2011,港北区,市外移動_転入,総数,18118
平成23,2011,港北区,市外移動_転入,男,9735
平成23,2011,港北区,市外移動_転入,女,8383
平成23,2011,港北区,市外移動_転出,総数,16988
平成23,2011,港北区,市外移動_転出,男,9313
平成23,2011,港北区,市外移動_転出,女,7675
平成23,2011,港北区,市内移動_転入,総数,6104
平成23,2011,港北区,市内移動_転入,男,3139
平成23,2011,港北区,市内移動_転入,女,2965
平成23,2011,港北区,市内移動_転出,総数,6098
平成23,2011,港北区,市内移動_転出,男,3185
平成23,2011,港北区,市内移動_転出,女,2913
平成23,2011,港北区,その他増減,総数,52
平成23,2011,港北区,その他増減,男,-9
平成23,2011,港北区,その他増減,女,61
平成23,2011,港北区,自然増減,総数,1309
平成23,2011,港北区,自然増減,男,607
平成23,2011,港北区,自然増減,女,702
平成23,2011,港北区,出生,総数,3281
平成23,2011,港北区,出生,男,1679
平成23,2011,港北区,出生,女,1602
平成23,2011,港北区,死亡,総数,1972
平成23,2011,港北区,死亡,男,1072
平成23,2011,港北区,死亡,女,900
平成23,2011,港北区,人口増減率,,0.75128
平成23,2011,港北区,社会増減率,,0.35744
平成23,2011,港北区,自然増減率,,0.39384
平成23,2011,緑区,世帯数増減,,381
平成23,2011,緑区,人口増減,総数,-70
平成23,2011,緑区,人口増減,男,-120
平成23,2011,緑区,人口増減,女,50
平成23,2011,緑区,社会増減,総数,-419
平成23,2011,緑区,社会増減,男,-288
平成23,2011,緑区,社会増減,女,-131
平成23,2011,緑区,市外移動_転入,総数,5721
平成23,2011,緑区,市外移動_転入,男,2900
平成23,2011,緑区,市外移動_転入,女,2821
平成23,2011,緑区,市外移動_転出,総数,6404
平成23,2011,緑区,市外移動_転出,男,3389
平成23,2011,緑区,市外移動_転出,女,3015
平成23,2011,緑区,市内移動_転入,総数,3596
平成23,2011,緑区,市内移動_転入,男,1849
平成23,2011,緑区,市内移動_転入,女,1747
平成23,2011,緑区,市内移動_転出,総数,3411
平成23,2011,緑区,市内移動_転出,男,1695
平成23,2011,緑区,市内移動_転出,女,1716
平成23,2011,緑区,その他増減,総数,79
平成23,2011,緑区,その他増減,男,47
平成23,2011,緑区,その他増減,女,32
平成23,2011,緑区,自然増減,総数,349
平成23,2011,緑区,自然増減,男,168
平成23,2011,緑区,自然増減,女,181
平成23,2011,緑区,出生,総数,1562
平成23,2011,緑区,出生,男,795
平成23,2011,緑区,出生,女,767
平成23,2011,緑区,死亡,総数,1213
平成23,2011,緑区,死亡,男,627
平成23,2011,緑区,死亡,女,586
平成23,2011,緑区,人口増減率,,-0.03942
平成23,2011,緑区,社会増減率,,-0.23596
平成23,2011,緑区,自然増減率,,0.19654
平成23,2011,青葉区,世帯数増減,,1327
平成23,2011,青葉区,人口増減,総数,1436
平成23,2011,青葉区,人口増減,男,188
平成23,2011,青葉区,人口増減,女,1248
平成23,2011,青葉区,社会増減,総数,432
平成23,2011,青葉区,社会増減,男,-288
平成23,2011,青葉区,社会増減,女,720
平成23,2011,青葉区,市外移動_転入,総数,15733
平成23,2011,青葉区,市外移動_転入,男,8142
平成23,2011,青葉区,市外移動_転入,女,7591
平成23,2011,青葉区,市外移動_転出,総数,16116
平成23,2011,青葉区,市外移動_転出,男,8768
平成23,2011,青葉区,市外移動_転出,女,7348
平成23,2011,青葉区,市内移動_転入,総数,3419
平成23,2011,青葉区,市内移動_転入,男,1699
平成23,2011,青葉区,市内移動_転入,女,1720
平成23,2011,青葉区,市内移動_転出,総数,2930
平成23,2011,青葉区,市内移動_転出,男,1526
平成23,2011,青葉区,市内移動_転出,女,1404
平成23,2011,青葉区,その他増減,総数,326
平成23,2011,青葉区,その他増減,男,165
平成23,2011,青葉区,その他増減,女,161
平成23,2011,青葉区,自然増減,総数,1004
平成23,2011,青葉区,自然増減,男,476
平成23,2011,青葉区,自然増減,女,528
平成23,2011,青葉区,出生,総数,2657
平成23,2011,青葉区,出生,男,1381
平成23,2011,青葉区,出生,女,1276
平成23,2011,青葉区,死亡,総数,1653
平成23,2011,青葉区,死亡,男,905
平成23,2011,青葉区,死亡,女,748
平成23,2011,青葉区,人口増減率,,0.46922
平成23,2011,青葉区,社会増減率,,0.14116
平成23,2011,青葉区,自然増減率,,0.32806
平成23,2011,都筑区,世帯数増減,,1444
平成23,2011,都筑区,人口増減,総数,2609
平成23,2011,都筑区,人口増減,男,1113
平成23,2011,都筑区,人口増減,女,1496
平成23,2011,都筑区,社会増減,総数,1380
平成23,2011,都筑区,社会増減,男,470
平成23,2011,都筑区,社会増減,女,910
平成23,2011,都筑区,市外移動_転入,総数,9060
平成23,2011,都筑区,市外移動_転入,男,4684
平成23,2011,都筑区,市外移動_転入,女,4376
平成23,2011,都筑区,市外移動_転出,総数,8356
平成23,2011,都筑区,市外移動_転出,男,4518
平成23,2011,都筑区,市外移動_転出,女,3838
平成23,2011,都筑区,市内移動_転入,総数,4230
平成23,2011,都筑区,市内移動_転入,男,2144
平成23,2011,都筑区,市内移動_転入,女,2086
平成23,2011,都筑区,市内移動_転出,総数,3630
平成23,2011,都筑区,市内移動_転出,男,1865
平成23,2011,都筑区,市内移動_転出,女,1765
平成23,2011,都筑区,その他増減,総数,76
平成23,2011,都筑区,その他増減,男,25
平成23,2011,都筑区,その他増減,女,51
平成23,2011,都筑区,自然増減,総数,1229
平成23,2011,都筑区,自然増減,男,643
平成23,2011,都筑区,自然増減,女,586
平成23,2011,都筑区,出生,総数,2131
平成23,2011,都筑区,出生,男,1105
平成23,2011,都筑区,出生,女,1026
平成23,2011,都筑区,死亡,総数,902
平成23,2011,都筑区,死亡,男,462
平成23,2011,都筑区,死亡,女,440
平成23,2011,都筑区,人口増減率,,1.27505
平成23,2011,都筑区,社会増減率,,0.67442
平成23,2011,都筑区,自然増減率,,0.60063
平成23,2011,戸塚区,世帯数増減,,496
平成23,2011,戸塚区,人口増減,総数,-278
平成23,2011,戸塚区,人口増減,男,-446
平成23,2011,戸塚区,人口増減,女,168
平成23,2011,戸塚区,社会増減,総数,-767
平成23,2011,戸塚区,社会増減,男,-685
平成23,2011,戸塚区,社会増減,女,-82
平成23,2011,戸塚区,市外移動_転入,総数,8552
平成23,2011,戸塚区,市外移動_転入,男,4539
平成23,2011,戸塚区,市外移動_転入,女,4013
平成23,2011,戸塚区,市外移動_転出,総数,9044
平成23,2011,戸塚区,市外移動_転出,男,5032
平成23,2011,戸塚区,市外移動_転出,女,4012
平成23,2011,戸塚区,市内移動_転入,総数,4015
平成23,2011,戸塚区,市内移動_転入,男,2017
平成23,2011,戸塚区,市内移動_転入,女,1998
平成23,2011,戸塚区,市内移動_転出,総数,4324
平成23,2011,戸塚区,市内移動_転出,男,2209
平成23,2011,戸塚区,市内移動_転出,女,2115
平成23,2011,戸塚区,その他増減,総数,34
平成23,2011,戸塚区,その他増減,男,0
平成23,2011,戸塚区,その他増減,女,34
平成23,2011,戸塚区,自然増減,総数,489
平成23,2011,戸塚区,自然増減,男,239
平成23,2011,戸塚区,自然増減,女,250
平成23,2011,戸塚区,出生,総数,2473
平成23,2011,戸塚区,出生,男,1273
平成23,2011,戸塚区,出生,女,1200
平成23,2011,戸塚区,死亡,総数,1984
平成23,2011,戸塚区,死亡,男,1034
平成23,2011,戸塚区,死亡,女,950
平成23,2011,戸塚区,人口増減率,,-0.10149
平成23,2011,戸塚区,社会増減率,,-0.28002
平成23,2011,戸塚区,自然増減率,,0.17853
平成23,2011,栄区,世帯数増減,,295
平成23,2011,栄区,人口増減,総数,-307
平成23,2011,栄区,人口増減,男,-345
平成23,2011,栄区,人口増減,女,38
平成23,2011,栄区,社会増減,総数,-431
平成23,2011,栄区,社会増減,男,-320
平成23,2011,栄区,社会増減,女,-111
平成23,2011,栄区,市外移動_転入,総数,4074
平成23,2011,栄区,市外移動_転入,男,2282
平成23,2011,栄区,市外移動_転入,女,1792
平成23,2011,栄区,市外移動_転出,総数,4125
平成23,2011,栄区,市外移動_転出,男,2380
平成23,2011,栄区,市外移動_転出,女,1745
平成23,2011,栄区,市内移動_転入,総数,2168
平成23,2011,栄区,市内移動_転入,男,1158
平成23,2011,栄区,市内移動_転入,女,1010
平成23,2011,栄区,市内移動_転出,総数,2482
平成23,2011,栄区,市内移動_転出,男,1331
平成23,2011,栄区,市内移動_転出,女,1151
平成23,2011,栄区,その他増減,総数,-66
平成23,2011,栄区,その他増減,男,-49
平成23,2011,栄区,その他増減,女,-17
平成23,2011,栄区,自然増減,総数,124
平成23,2011,栄区,自然増減,男,-25
平成23,2011,栄区,自然増減,女,149
平成23,2011,栄区,出生,総数,1038
平成23,2011,栄区,出生,男,526
平成23,2011,栄区,出生,女,512
平成23,2011,栄区,死亡,総数,914
平成23,2011,栄区,死亡,男,551
平成23,2011,栄区,死亡,女,363
平成23,2011,栄区,人口増減率,,-0.24636
平成23,2011,栄区,社会増減率,,-0.34587
平成23,2011,栄区,自然増減率,,0.09951
平成23,2011,泉区,世帯数増減,,502
平成23,2011,泉区,人口増減,総数,-279
平成23,2011,泉区,人口増減,男,-220
平成23,2011,泉区,人口増減,女,-59
平成23,2011,泉区,社会増減,総数,-287
平成23,2011,泉区,社会増減,男,-209
平成23,2011,泉区,社会増減,女,-78
平成23,2011,泉区,市外移動_転入,総数,3665
平成23,2011,泉区,市外移動_転入,男,1898
平成23,2011,泉区,市外移動_転入,女,1767
平成23,2011,泉区,市外移動_転出,総数,4248
平成23,2011,泉区,市外移動_転出,男,2203
平成23,2011,泉区,市外移動_転出,女,2045
平成23,2011,泉区,市内移動_転入,総数,2776
平成23,2011,泉区,市内移動_転入,男,1367
平成23,2011,泉区,市内移動_転入,女,1409
平成23,2011,泉区,市内移動_転出,総数,2491
平成23,2011,泉区,市内移動_転出,男,1275
平成23,2011,泉区,市内移動_転出,女,1216
平成23,2011,泉区,その他増減,総数,11
平成23,2011,泉区,その他増減,男,4
平成23,2011,泉区,その他増減,女,7
平成23,2011,泉区,自然増減,総数,8
平成23,2011,泉区,自然増減,男,-11
平成23,2011,泉区,自然増減,女,19
平成23,2011,泉区,出生,総数,1287
平成23,2011,泉区,出生,男,679
平成23,2011,泉区,出生,女,608
平成23,2011,泉区,死亡,総数,1279
平成23,2011,泉区,死亡,男,690
平成23,2011,泉区,死亡,女,589
平成23,2011,泉区,人口増減率,,-0.17948
平成23,2011,泉区,社会増減率,,-0.18463
平成23,2011,泉区,自然増減率,,0.00515
平成23,2011,瀬谷区,世帯数増減,,259
平成23,2011,瀬谷区,人口増減,総数,-561
平成23,2011,瀬谷区,人口増減,男,-418
平成23,2011,瀬谷区,人口増減,女,-143
平成23,2011,瀬谷区,社会増減,総数,-432
平成23,2011,瀬谷区,社会増減,男,-329
平成23,2011,瀬谷区,社会増減,女,-103
平成23,2011,瀬谷区,市外移動_転入,総数,2947
平成23,2011,瀬谷区,市外移動_転入,男,1517
平成23,2011,瀬谷区,市外移動_転入,女,1430
平成23,2011,瀬谷区,市外移動_転出,総数,3628
平成23,2011,瀬谷区,市外移動_転出,男,1917
平成23,2011,瀬谷区,市外移動_転出,女,1711
平成23,2011,瀬谷区,市内移動_転入,総数,2315
平成23,2011,瀬谷区,市内移動_転入,男,1137
平成23,2011,瀬谷区,市内移動_転入,女,1178
平成23,2011,瀬谷区,市内移動_転出,総数,2026
平成23,2011,瀬谷区,市内移動_転出,男,1038
平成23,2011,瀬谷区,市内移動_転出,女,988
平成23,2011,瀬谷区,その他増減,総数,-40
平成23,2011,瀬谷区,その他増減,男,-28
平成23,2011,瀬谷区,その他増減,女,-12
平成23,2011,瀬谷区,自然増減,総数,-129
平成23,2011,瀬谷区,自然増減,男,-89
平成23,2011,瀬谷区,自然増減,女,-40
平成23,2011,瀬谷区,出生,総数,1002
平成23,2011,瀬谷区,出生,男,524
平成23,2011,瀬谷区,出生,女,478
平成23,2011,瀬谷区,死亡,総数,1131
平成23,2011,瀬谷区,死亡,男,613
平成23,2011,瀬谷区,死亡,女,518
平成23,2011,瀬谷区,人口増減率,,-0.44222
平成23,2011,瀬谷区,社会増減率,,-0.34205
平成23,2011,瀬谷区,自然増減率,,-0.10214
平成24,2012,鶴見区,世帯数増減,,1428
平成24,2012,鶴見区,人口増減,総数,2473
平成24,2012,鶴見区,人口増減,男,1128
平成24,2012,鶴見区,人口増減,女,1345
平成24,2012,鶴見区,社会増減,総数,2052
平成24,2012,鶴見区,社会増減,男,1046
平成24,2012,鶴見区,社会増減,女,1006
平成24,2012,鶴見区,市外移動_転入,総数,14003
平成24,2012,鶴見区,市外移動_転入,男,7882
平成24,2012,鶴見区,市外移動_転入,女,6121
平成24,2012,鶴見区,市外移動_転出,総数,11845
平成24,2012,鶴見区,市外移動_転出,男,6680
平成24,2012,鶴見区,市外移動_転出,女,5165
平成24,2012,鶴見区,市内移動_転入,総数,3917
平成24,2012,鶴見区,市内移動_転入,男,2019
平成24,2012,鶴見区,市内移動_転入,女,1898
平成24,2012,鶴見区,市内移動_転出,総数,3817
平成24,2012,鶴見区,市内移動_転出,男,2027
平成24,2012,鶴見区,市内移動_転出,女,1790
平成24,2012,鶴見区,その他増減,総数,-206
平成24,2012,鶴見区,その他増減,男,-148
平成24,2012,鶴見区,その他増減,女,-58
平成24,2012,鶴見区,自然増減,総数,421
平成24,2012,鶴見区,自然増減,男,82
平成24,2012,鶴見区,自然増減,女,339
平成24,2012,鶴見区,出生,総数,2752
平成24,2012,鶴見区,出生,男,1419
平成24,2012,鶴見区,出生,女,1333
平成24,2012,鶴見区,死亡,総数,2331
平成24,2012,鶴見区,死亡,男,1337
平成24,2012,鶴見区,死亡,女,994
平成24,2012,鶴見区,人口増減率,,0.90119
平成24,2012,鶴見区,社会増減率,,0.74777
平成24,2012,鶴見区,自然増減率,,0.15342
平成24,2012,神奈川区,世帯数増減,,1012
平成24,2012,神奈川区,人口増減,総数,535
平成24,2012,神奈川区,人口増減,男,243
平成24,2012,神奈川区,人口増減,女,292
平成24,2012,神奈川区,社会増減,総数,382
平成24,2012,神奈川区,社会増減,男,188
平成24,2012,神奈川区,社会増減,女,194
平成24,2012,神奈川区,市外移動_転入,総数,10244
平成24,2012,神奈川区,市外移動_転入,男,5674
平成24,2012,神奈川区,市外移動_転入,女,4570
平成24,2012,神奈川区,市外移動_転出,総数,9478
平成24,2012,神奈川区,市外移動_転出,男,5283
平成24,2012,神奈川区,市外移動_転出,女,4195
平成24,2012,神奈川区,市内移動_転入,総数,6023
平成24,2012,神奈川区,市内移動_転入,男,3131
平成24,2012,神奈川区,市内移動_転入,女,2892
平成24,2012,神奈川区,市内移動_転出,総数,6408
平成24,2012,神奈川区,市内移動_転出,男,3329
平成24,2012,神奈川区,市内移動_転出,女,3079
平成24,2012,神奈川区,その他増減,総数,1
平成24,2012,神奈川区,その他増減,男,-5
平成24,2012,神奈川区,その他増減,女,6
平成24,2012,神奈川区,自然増減,総数,153
平成24,2012,神奈川区,自然増減,男,55
平成24,2012,神奈川区,自然増減,女,98
平成24,2012,神奈川区,出生,総数,2054
平成24,2012,神奈川区,出生,男,1064
平成24,2012,神奈川区,出生,女,990
平成24,2012,神奈川区,死亡,総数,1901
平成24,2012,神奈川区,死亡,男,1009
平成24,2012,神奈川区,死亡,女,892
平成24,2012,神奈川区,人口増減率,,0.22967
平成24,2012,神奈川区,社会増減率,,0.16399
平成24,2012,神奈川区,自然増減率,,0.06568
平成24,2012,西区,世帯数増減,,597
平成24,2012,西区,人口増減,総数,840
平成24,2012,西区,人口増減,男,428
平成24,2012,西区,人口増減,女,412
平成24,2012,西区,社会増減,総数,749
平成24,2012,西区,社会増減,男,371
平成24,2012,西区,社会増減,女,378
平成24,2012,西区,市外移動_転入,総数,5408
平成24,2012,西区,市外移動_転入,男,2962
平成24,2012,西区,市外移動_転入,女,2446
平成24,2012,西区,市外移動_転出,総数,4727
平成24,2012,西区,市外移動_転出,男,2621
平成24,2012,西区,市外移動_転出,女,2106
平成24,2012,西区,市内移動_転入,総数,3632
平成24,2012,西区,市内移動_転入,男,1850
平成24,2012,西区,市内移動_転入,女,1782
平成24,2012,西区,市内移動_転出,総数,3500
平成24,2012,西区,市内移動_転出,男,1764
平成24,2012,西区,市内移動_転出,女,1736
平成24,2012,西区,その他増減,総数,-64
平成24,2012,西区,その他増減,男,-56
平成24,2012,西区,その他増減,女,-8
平成24,2012,西区,自然増減,総数,91
平成24,2012,西区,自然増減,男,57
平成24,2012,西区,自然増減,女,34
平成24,2012,西区,出生,総数,929
平成24,2012,西区,出生,男,472
平成24,2012,西区,出生,女,457
平成24,2012,西区,死亡,総数,838
平成24,2012,西区,死亡,男,415
平成24,2012,西区,死亡,女,423
平成24,2012,西区,人口増減率,,0.87513
平成24,2012,西区,社会増減率,,0.78032
平成24,2012,西区,自然増減率,,0.09481
平成24,2012,中区,世帯数増減,,835
平成24,2012,中区,人口増減,総数,1231
平成24,2012,中区,人口増減,男,450
平成24,2012,中区,人口増減,女,781
平成24,2012,中区,社会増減,総数,1674
平成24,2012,中区,社会増減,男,838
平成24,2012,中区,社会増減,女,836
平成24,2012,中区,市外移動_転入,総数,9109
平成24,2012,中区,市外移動_転入,男,5120
平成24,2012,中区,市外移動_転入,女,3989
平成24,2012,中区,市外移動_転出,総数,7397
平成24,2012,中区,市外移動_転出,男,4207
平成24,2012,中区,市外移動_転出,女,3190
平成24,2012,中区,市内移動_転入,総数,5237
平成24,2012,中区,市内移動_転入,男,2875
平成24,2012,中区,市内移動_転入,女,2362
平成24,2012,中区,市内移動_転出,総数,4916
平成24,2012,中区,市内移動_転出,男,2700
平成24,2012,中区,市内移動_転出,女,2216
平成24,2012,中区,その他増減,総数,-359
平成24,2012,中区,その他増減,男,-250
平成24,2012,中区,その他増減,女,-109
平成24,2012,中区,自然増減,総数,-443
平成24,2012,中区,自然増減,男,-388
平成24,2012,中区,自然増減,女,-55
平成24,2012,中区,出生,総数,1133
平成24,2012,中区,出生,男,595
平成24,2012,中区,出生,女,538
平成24,2012,中区,死亡,総数,1576
平成24,2012,中区,死亡,男,983
平成24,2012,中区,死亡,女,593
平成24,2012,中区,人口増減率,,0.84394
平成24,2012,中区,社会増減率,,1.14765
平成24,2012,中区,自然増減率,,-0.30371
平成24,2012,南区,世帯数増減,,499
平成24,2012,南区,人口増減,総数,-372
平成24,2012,南区,人口増減,男,-185
平成24,2012,南区,人口増減,女,-187
平成24,2012,南区,社会増減,総数,230
平成24,2012,南区,社会増減,男,226
平成24,2012,南区,社会増減,女,4
平成24,2012,南区,市外移動_転入,総数,6654
平成24,2012,南区,市外移動_転入,男,3525
平成24,2012,南区,市外移動_転入,女,3129
平成24,2012,南区,市外移動_転出,総数,6434
平成24,2012,南区,市外移動_転出,男,3449
平成24,2012,南区,市外移動_転出,女,2985
平成24,2012,南区,市内移動_転入,総数,5729
平成24,2012,南区,市内移動_転入,男,3023
平成24,2012,南区,市内移動_転入,女,2706
平成24,2012,南区,市内移動_転出,総数,5696
平成24,2012,南区,市内移動_転出,男,2858
平成24,2012,南区,市内移動_転出,女,2838
平成24,2012,南区,その他増減,総数,-23
平成24,2012,南区,その他増減,男,-15
平成24,2012,南区,その他増減,女,-8
平成24,2012,南区,自然増減,総数,-602
平成24,2012,南区,自然増減,男,-411
平成24,2012,南区,自然増減,女,-191
平成24,2012,南区,出生,総数,1423
平成24,2012,南区,出生,男,734
平成24,2012,南区,出生,女,689
平成24,2012,南区,死亡,総数,2025
平成24,2012,南区,死亡,男,1145
平成24,2012,南区,死亡,女,880
平成24,2012,南区,人口増減率,,-0.19058
平成24,2012,南区,社会増減率,,0.11783
平成24,2012,南区,自然増減率,,-0.30841
平成24,2012,港南区,世帯数増減,,108
平成24,2012,港南区,人口増減,総数,-1283
平成24,2012,港南区,人口増減,男,-930
平成24,2012,港南区,人口増減,女,-353
平成24,2012,港南区,社会増減,総数,-1182
平成24,2012,港南区,社会増減,男,-807
平成24,2012,港南区,社会増減,女,-375
平成24,2012,港南区,市外移動_転入,総数,5134
平成24,2012,港南区,市外移動_転入,男,2769
平成24,2012,港南区,市外移動_転入,女,2365
平成24,2012,港南区,市外移動_転出,総数,5939
平成24,2012,港南区,市外移動_転出,男,3323
平成24,2012,港南区,市外移動_転出,女,2616
平成24,2012,港南区,市内移動_転入,総数,4187
平成24,2012,港南区,市内移動_転入,男,2116
平成24,2012,港南区,市内移動_転入,女,2071
平成24,2012,港南区,市内移動_転出,総数,4587
平成24,2012,港南区,市内移動_転出,男,2378
平成24,2012,港南区,市内移動_転出,女,2209
平成24,2012,港南区,その他増減,総数,23
平成24,2012,港南区,その他増減,男,9
平成24,2012,港南区,その他増減,女,14
平成24,2012,港南区,自然増減,総数,-101
平成24,2012,港南区,自然増減,男,-123
平成24,2012,港南区,自然増減,女,22
平成24,2012,港南区,出生,総数,1631
平成24,2012,港南区,出生,男,844
平成24,2012,港南区,出生,女,787
平成24,2012,港南区,死亡,総数,1732
平成24,2012,港南区,死亡,男,967
平成24,2012,港南区,死亡,女,765
平成24,2012,港南区,人口増減率,,-0.58284
平成24,2012,港南区,社会増減率,,-0.53696
平成24,2012,港南区,自然増減率,,-0.04588
平成24,2012,保土ケ谷区,世帯数増減,,280
平成24,2012,保土ケ谷区,人口増減,総数,-894
平成24,2012,保土ケ谷区,人口増減,男,-574
平成24,2012,保土ケ谷区,人口増減,女,-320
平成24,2012,保土ケ谷区,社会増減,総数,-495
平成24,2012,保土ケ谷区,社会増減,男,-302
平成24,2012,保土ケ谷区,社会増減,女,-193
平成24,2012,保土ケ谷区,市外移動_転入,総数,6269
平成24,2012,保土ケ谷区,市外移動_転入,男,3551
平成24,2012,保土ケ谷区,市外移動_転入,女,2718
平成24,2012,保土ケ谷区,市外移動_転出,総数,6411
平成24,2012,保土ケ谷区,市外移動_転出,男,3612
平成24,2012,保土ケ谷区,市外移動_転出,女,2799
平成24,2012,保土ケ谷区,市内移動_転入,総数,4611
平成24,2012,保土ケ谷区,市内移動_転入,男,2328
平成24,2012,保土ケ谷区,市内移動_転入,女,2283
平成24,2012,保土ケ谷区,市内移動_転出,総数,4941
平成24,2012,保土ケ谷区,市内移動_転出,男,2539
平成24,2012,保土ケ谷区,市内移動_転出,女,2402
平成24,2012,保土ケ谷区,その他増減,総数,-23
平成24,2012,保土ケ谷区,その他増減,男,-30
平成24,2012,保土ケ谷区,その他増減,女,7
平成24,2012,保土ケ谷区,自然増減,総数,-399
平成24,2012,保土ケ谷区,自然増減,男,-272
平成24,2012,保土ケ谷区,自然増減,女,-127
平成24,2012,保土ケ谷区,出生,総数,1436
平成24,2012,保土ケ谷区,出生,男,729
平成24,2012,保土ケ谷区,出生,女,707
平成24,2012,保土ケ谷区,死亡,総数,1835
平成24,2012,保土ケ谷区,死亡,男,1001
平成24,2012,保土ケ谷区,死亡,女,834
平成24,2012,保土ケ谷区,人口増減率,,-0.4348
平成24,2012,保土ケ谷区,社会増減率,,-0.24075
平成24,2012,保土ケ谷区,自然増減率,,-0.19406
平成24,2012,旭区,世帯数増減,,411
平成24,2012,旭区,人口増減,総数,-582
平成24,2012,旭区,人口増減,男,-525
平成24,2012,旭区,人口増減,女,-57
平成24,2012,旭区,社会増減,総数,-167
平成24,2012,旭区,社会増減,男,-215
平成24,2012,旭区,社会増減,女,48
平成24,2012,旭区,市外移動_転入,総数,5657
平成24,2012,旭区,市外移動_転入,男,2865
平成24,2012,旭区,市外移動_転入,女,2792
平成24,2012,旭区,市外移動_転出,総数,6207
平成24,2012,旭区,市外移動_転出,男,3303
平成24,2012,旭区,市外移動_転出,女,2904
平成24,2012,旭区,市内移動_転入,総数,4842
平成24,2012,旭区,市内移動_転入,男,2479
平成24,2012,旭区,市内移動_転入,女,2363
平成24,2012,旭区,市内移動_転出,総数,4365
平成24,2012,旭区,市内移動_転出,男,2179
平成24,2012,旭区,市内移動_転出,女,2186
平成24,2012,旭区,その他増減,総数,-94
平成24,2012,旭区,その他増減,男,-77
平成24,2012,旭区,その他増減,女,-17
平成24,2012,旭区,自然増減,総数,-415
平成24,2012,旭区,自然増減,男,-310
平成24,2012,旭区,自然増減,女,-105
平成24,2012,旭区,出生,総数,1853
平成24,2012,旭区,出生,男,935
平成24,2012,旭区,出生,女,918
平成24,2012,旭区,死亡,総数,2268
平成24,2012,旭区,死亡,男,1245
平成24,2012,旭区,死亡,女,1023
平成24,2012,旭区,人口増減率,,-0.23251
平成24,2012,旭区,社会増減率,,-0.06672
平成24,2012,旭区,自然増減率,,-0.16579
平成24,2012,磯子区,世帯数増減,,39
平成24,2012,磯子区,人口増減,総数,-451
平成24,2012,磯子区,人口増減,男,-353
平成24,2012,磯子区,人口増減,女,-98
平成24,2012,磯子区,社会増減,総数,-330
平成24,2012,磯子区,社会増減,男,-236
平成24,2012,磯子区,社会増減,女,-94
平成24,2012,磯子区,市外移動_転入,総数,4705
平成24,2012,磯子区,市外移動_転入,男,2576
平成24,2012,磯子区,市外移動_転入,女,2129
平成24,2012,磯子区,市外移動_転出,総数,4757
平成24,2012,磯子区,市外移動_転出,男,2626
平成24,2012,磯子区,市外移動_転出,女,2131
平成24,2012,磯子区,市内移動_転入,総数,3882
平成24,2012,磯子区,市内移動_転入,男,2014
平成24,2012,磯子区,市内移動_転入,女,1868
平成24,2012,磯子区,市内移動_転出,総数,4155
平成24,2012,磯子区,市内移動_転出,男,2195
平成24,2012,磯子区,市内移動_転出,女,1960
平成24,2012,磯子区,その他増減,総数,-5
平成24,2012,磯子区,その他増減,男,-5
平成24,2012,磯子区,その他増減,女,0
平成24,2012,磯子区,自然増減,総数,-121
平成24,2012,磯子区,自然増減,男,-117
平成24,2012,磯子区,自然増減,女,-4
平成24,2012,磯子区,出生,総数,1317
平成24,2012,磯子区,出生,男,698
平成24,2012,磯子区,出生,女,619
平成24,2012,磯子区,死亡,総数,1438
平成24,2012,磯子区,死亡,男,815
平成24,2012,磯子区,死亡,女,623
平成24,2012,磯子区,人口増減率,,-0.27816
平成24,2012,磯子区,社会増減率,,-0.20353
平成24,2012,磯子区,自然増減率,,-0.07463
平成24,2012,金沢区,世帯数増減,,30
平成24,2012,金沢区,人口増減,総数,-1819
平成24,2012,金沢区,人口増減,男,-1007
平成24,2012,金沢区,人口増減,女,-812
平成24,2012,金沢区,社会増減,総数,-1577
平成24,2012,金沢区,社会増減,男,-859
平成24,2012,金沢区,社会増減,女,-718
平成24,2012,金沢区,市外移動_転入,総数,6114
平成24,2012,金沢区,市外移動_転入,男,3391
平成24,2012,金沢区,市外移動_転入,女,2723
平成24,2012,金沢区,市外移動_転出,総数,6880
平成24,2012,金沢区,市外移動_転出,男,3802
平成24,2012,金沢区,市外移動_転出,女,3078
平成24,2012,金沢区,市内移動_転入,総数,2223
平成24,2012,金沢区,市内移動_転入,男,1125
平成24,2012,金沢区,市内移動_転入,女,1098
平成24,2012,金沢区,市内移動_転出,総数,3045
平成24,2012,金沢区,市内移動_転出,男,1567
平成24,2012,金沢区,市内移動_転出,女,1478
平成24,2012,金沢区,その他増減,総数,11
平成24,2012,金沢区,その他増減,男,-6
平成24,2012,金沢区,その他増減,女,17
平成24,2012,金沢区,自然増減,総数,-242
平成24,2012,金沢区,自然増減,男,-148
平成24,2012,金沢区,自然増減,女,-94
平成24,2012,金沢区,出生,総数,1484
平成24,2012,金沢区,出生,男,753
平成24,2012,金沢区,出生,女,731
平成24,2012,金沢区,死亡,総数,1726
平成24,2012,金沢区,死亡,男,901
平成24,2012,金沢区,死亡,女,825
平成24,2012,金沢区,人口増減率,,-0.87538
平成24,2012,金沢区,社会増減率,,-0.75892
平成24,2012,金沢区,自然増減率,,-0.11646
平成24,2012,港北区,世帯数増減,,1391
平成24,2012,港北区,人口増減,総数,2492
平成24,2012,港北区,人口増減,男,938
平成24,2012,港北区,人口増減,女,1554
平成24,2012,港北区,社会増減,総数,1207
平成24,2012,港北区,社会増減,男,396
平成24,2012,港北区,社会増減,女,811
平成24,2012,港北区,市外移動_転入,総数,17899
平成24,2012,港北区,市外移動_転入,男,9601
平成24,2012,港北区,市外移動_転入,女,8298
平成24,2012,港北区,市外移動_転出,総数,16030
平成24,2012,港北区,市外移動_転出,男,8872
平成24,2012,港北区,市外移動_転出,女,7158
平成24,2012,港北区,市内移動_転入,総数,5915
平成24,2012,港北区,市内移動_転入,男,3072
平成24,2012,港北区,市内移動_転入,女,2843
平成24,2012,港北区,市内移動_転出,総数,6576
平成24,2012,港北区,市内移動_転出,男,3381
平成24,2012,港北区,市内移動_転出,女,3195
平成24,2012,港北区,その他増減,総数,-1
平成24,2012,港北区,その他増減,男,-24
平成24,2012,港北区,その他増減,女,23
平成24,2012,港北区,自然増減,総数,1285
平成24,2012,港北区,自然増減,男,542
平成24,2012,港北区,自然増減,女,743
平成24,2012,港北区,出生,総数,3432
平成24,2012,港北区,出生,男,1722
平成24,2012,港北区,出生,女,1710
平成24,2012,港北区,死亡,総数,2147
平成24,2012,港北区,死亡,男,1180
平成24,2012,港北区,死亡,女,967
平成24,2012,港北区,人口増減率,,0.74978
平成24,2012,港北区,社会増減率,,0.36315
平成24,2012,港北区,自然増減率,,0.38662
平成24,2012,緑区,世帯数増減,,736
平成24,2012,緑区,人口増減,総数,640
平成24,2012,緑区,人口増減,男,233
平成24,2012,緑区,人口増減,女,407
平成24,2012,緑区,社会増減,総数,381
平成24,2012,緑区,社会増減,男,124
平成24,2012,緑区,社会増減,女,257
平成24,2012,緑区,市外移動_転入,総数,6227
平成24,2012,緑区,市外移動_転入,男,3249
平成24,2012,緑区,市外移動_転入,女,2978
平成24,2012,緑区,市外移動_転出,総数,6358
平成24,2012,緑区,市外移動_転出,男,3385
平成24,2012,緑区,市外移動_転出,女,2973
平成24,2012,緑区,市内移動_転入,総数,3672
平成24,2012,緑区,市内移動_転入,男,1892
平成24,2012,緑区,市内移動_転入,女,1780
平成24,2012,緑区,市内移動_転出,総数,3263
平成24,2012,緑区,市内移動_転出,男,1679
平成24,2012,緑区,市内移動_転出,女,1584
平成24,2012,緑区,その他増減,総数,103
平成24,2012,緑区,その他増減,男,47
平成24,2012,緑区,その他増減,女,56
平成24,2012,緑区,自然増減,総数,259
平成24,2012,緑区,自然増減,男,109
平成24,2012,緑区,自然増減,女,150
平成24,2012,緑区,出生,総数,1574
平成24,2012,緑区,出生,男,792
平成24,2012,緑区,出生,女,782
平成24,2012,緑区,死亡,総数,1315
平成24,2012,緑区,死亡,男,683
平成24,2012,緑区,死亡,女,632
平成24,2012,緑区,人口増減率,,0.36042
平成24,2012,緑区,社会増減率,,0.21456
平成24,2012,緑区,自然増減率,,0.14586
平成24,2012,青葉区,世帯数増減,,929
平成24,2012,青葉区,人口増減,総数,1036
平成24,2012,青葉区,人口増減,男,247
平成24,2012,青葉区,人口増減,女,789
平成24,2012,青葉区,社会増減,総数,-78
平成24,2012,青葉区,社会増減,男,-339
平成24,2012,青葉区,社会増減,女,261
平成24,2012,青葉区,市外移動_転入,総数,15094
平成24,2012,青葉区,市外移動_転入,男,7837
平成24,2012,青葉区,市外移動_転入,女,7257
平成24,2012,青葉区,市外移動_転出,総数,15768
平成24,2012,青葉区,市外移動_転出,男,8433
平成24,2012,青葉区,市外移動_転出,女,7335
平成24,2012,青葉区,市内移動_転入,総数,3380
平成24,2012,青葉区,市内移動_転入,男,1692
平成24,2012,青葉区,市内移動_転入,女,1688
平成24,2012,青葉区,市内移動_転出,総数,3027
平成24,2012,青葉区,市内移動_転出,男,1553
平成24,2012,青葉区,市内移動_転出,女,1474
平成24,2012,青葉区,その他増減,総数,243
平成24,2012,青葉区,その他増減,男,118
平成24,2012,青葉区,その他増減,女,125
平成24,2012,青葉区,自然増減,総数,1114
平成24,2012,青葉区,自然増減,男,586
平成24,2012,青葉区,自然増減,女,528
平成24,2012,青葉区,出生,総数,2733
平成24,2012,青葉区,出生,男,1427
平成24,2012,青葉区,出生,女,1306
平成24,2012,青葉区,死亡,総数,1619
平成24,2012,青葉区,死亡,男,841
平成24,2012,青葉区,死亡,女,778
平成24,2012,青葉区,人口増減率,,0.33852
平成24,2012,青葉区,社会増減率,,-0.02549
平成24,2012,青葉区,自然増減率,,0.364
平成24,2012,都筑区,世帯数増減,,1583
平成24,2012,都筑区,人口増減,総数,3143
平成24,2012,都筑区,人口増減,男,1296
平成24,2012,都筑区,人口増減,女,1847
平成24,2012,都筑区,社会増減,総数,2116
平成24,2012,都筑区,社会増減,男,800
平成24,2012,都筑区,社会増減,女,1316
平成24,2012,都筑区,市外移動_転入,総数,9286
平成24,2012,都筑区,市外移動_転入,男,4774
平成24,2012,都筑区,市外移動_転入,女,4512
平成24,2012,都筑区,市外移動_転出,総数,8153
平成24,2012,都筑区,市外移動_転出,男,4418
平成24,2012,都筑区,市外移動_転出,女,3735
平成24,2012,都筑区,市内移動_転入,総数,4321
平成24,2012,都筑区,市内移動_転入,男,2197
平成24,2012,都筑区,市内移動_転入,女,2124
平成24,2012,都筑区,市内移動_転出,総数,3436
平成24,2012,都筑区,市内移動_転出,男,1786
平成24,2012,都筑区,市内移動_転出,女,1650
平成24,2012,都筑区,その他増減,総数,98
平成24,2012,都筑区,その他増減,男,33
平成24,2012,都筑区,その他増減,女,65
平成24,2012,都筑区,自然増減,総数,1027
平成24,2012,都筑区,自然増減,男,496
平成24,2012,都筑区,自然増減,女,531
平成24,2012,都筑区,出生,総数,2070
平成24,2012,都筑区,出生,男,1070
平成24,2012,都筑区,出生,女,1000
平成24,2012,都筑区,死亡,総数,1043
平成24,2012,都筑区,死亡,男,574
平成24,2012,都筑区,死亡,女,469
平成24,2012,都筑区,人口増減率,,1.53603
平成24,2012,都筑区,社会増減率,,1.03412
平成24,2012,都筑区,自然増減率,,0.50191
平成24,2012,戸塚区,世帯数増減,,588
平成24,2012,戸塚区,人口増減,総数,-141
平成24,2012,戸塚区,人口増減,男,-417
平成24,2012,戸塚区,人口増減,女,276
平成24,2012,戸塚区,社会増減,総数,-588
平成24,2012,戸塚区,社会増減,男,-519
平成24,2012,戸塚区,社会増減,女,-69
平成24,2012,戸塚区,市外移動_転入,総数,8593
平成24,2012,戸塚区,市外移動_転入,男,4628
平成24,2012,戸塚区,市外移動_転入,女,3965
平成24,2012,戸塚区,市外移動_転出,総数,9232
平成24,2012,戸塚区,市外移動_転出,男,5176
平成24,2012,戸塚区,市外移動_転出,女,4056
平成24,2012,戸塚区,市内移動_転入,総数,4709
平成24,2012,戸塚区,市内移動_転入,男,2387
平成24,2012,戸塚区,市内移動_転入,女,2322
平成24,2012,戸塚区,市内移動_転出,総数,4662
平成24,2012,戸塚区,市内移動_転出,男,2352
平成24,2012,戸塚区,市内移動_転出,女,2310
平成24,2012,戸塚区,その他増減,総数,4
平成24,2012,戸塚区,その他増減,男,-6
平成24,2012,戸塚区,その他増減,女,10
平成24,2012,戸塚区,自然増減,総数,447
平成24,2012,戸塚区,自然増減,男,102
平成24,2012,戸塚区,自然増減,女,345
平成24,2012,戸塚区,出生,総数,2437
平成24,2012,戸塚区,出生,男,1205
平成24,2012,戸塚区,出生,女,1232
平成24,2012,戸塚区,死亡,総数,1990
平成24,2012,戸塚区,死亡,男,1103
平成24,2012,戸塚区,死亡,女,887
平成24,2012,戸塚区,人口増減率,,-0.05148
平成24,2012,戸塚区,社会増減率,,-0.21467
平成24,2012,戸塚区,自然増減率,,0.16319
平成24,2012,栄区,世帯数増減,,158
平成24,2012,栄区,人口増減,総数,-651
平成24,2012,栄区,人口増減,男,-405
平成24,2012,栄区,人口増減,女,-246
平成24,2012,栄区,社会増減,総数,-659
平成24,2012,栄区,社会増減,男,-382
平成24,2012,栄区,社会増減,女,-277
平成24,2012,栄区,市外移動_転入,総数,4166
平成24,2012,栄区,市外移動_転入,男,2305
平成24,2012,栄区,市外移動_転入,女,1861
平成24,2012,栄区,市外移動_転出,総数,4502
平成24,2012,栄区,市外移動_転出,男,2551
平成24,2012,栄区,市外移動_転出,女,1951
平成24,2012,栄区,市内移動_転入,総数,2072
平成24,2012,栄区,市内移動_転入,男,1115
平成24,2012,栄区,市内移動_転入,女,957
平成24,2012,栄区,市内移動_転出,総数,2392
平成24,2012,栄区,市内移動_転出,男,1238
平成24,2012,栄区,市内移動_転出,女,1154
平成24,2012,栄区,その他増減,総数,-3
平成24,2012,栄区,その他増減,男,-13
平成24,2012,栄区,その他増減,女,10
平成24,2012,栄区,自然増減,総数,8
平成24,2012,栄区,自然増減,男,-23
平成24,2012,栄区,自然増減,女,31
平成24,2012,栄区,出生,総数,997
平成24,2012,栄区,出生,男,526
平成24,2012,栄区,出生,女,471
平成24,2012,栄区,死亡,総数,989
平成24,2012,栄区,死亡,男,549
平成24,2012,栄区,死亡,女,440
平成24,2012,栄区,人口増減率,,-0.52242
平成24,2012,栄区,社会増減率,,-0.52884
平成24,2012,栄区,自然増減率,,0.00642
平成24,2012,泉区,世帯数増減,,655
平成24,2012,泉区,人口増減,総数,-31
平成24,2012,泉区,人口増減,男,-210
平成24,2012,泉区,人口増減,女,179
平成24,2012,泉区,社会増減,総数,-118
平成24,2012,泉区,社会増減,男,-204
平成24,2012,泉区,社会増減,女,86
平成24,2012,泉区,市外移動_転入,総数,3620
平成24,2012,泉区,市外移動_転入,男,1772
平成24,2012,泉区,市外移動_転入,女,1848
平成24,2012,泉区,市外移動_転出,総数,4084
平成24,2012,泉区,市外移動_転出,男,2138
平成24,2012,泉区,市外移動_転出,女,1946
平成24,2012,泉区,市内移動_転入,総数,2835
平成24,2012,泉区,市内移動_転入,男,1434
平成24,2012,泉区,市内移動_転入,女,1401
平成24,2012,泉区,市内移動_転出,総数,2496
平成24,2012,泉区,市内移動_転出,男,1264
平成24,2012,泉区,市内移動_転出,女,1232
平成24,2012,泉区,その他増減,総数,7
平成24,2012,泉区,その他増減,男,-8
平成24,2012,泉区,その他増減,女,15
平成24,2012,泉区,自然増減,総数,87
平成24,2012,泉区,自然増減,男,-6
平成24,2012,泉区,自然増減,女,93
平成24,2012,泉区,出生,総数,1333
平成24,2012,泉区,出生,男,679
平成24,2012,泉区,出生,女,654
平成24,2012,泉区,死亡,総数,1246
平成24,2012,泉区,死亡,男,685
平成24,2012,泉区,死亡,女,561
平成24,2012,泉区,人口増減率,,-0.01994
平成24,2012,泉区,社会増減率,,-0.07591
平成24,2012,泉区,自然増減率,,0.05597
平成24,2012,瀬谷区,世帯数増減,,305
平成24,2012,瀬谷区,人口増減,総数,-371
平成24,2012,瀬谷区,人口増減,男,-269
平成24,2012,瀬谷区,人口増減,女,-102
平成24,2012,瀬谷区,社会増減,総数,-262
平成24,2012,瀬谷区,社会増減,男,-173
平成24,2012,瀬谷区,社会増減,女,-89
平成24,2012,瀬谷区,市外移動_転入,総数,3107
平成24,2012,瀬谷区,市外移動_転入,男,1655
平成24,2012,瀬谷区,市外移動_転入,女,1452
平成24,2012,瀬谷区,市外移動_転出,総数,3582
平成24,2012,瀬谷区,市外移動_転出,男,1933
平成24,2012,瀬谷区,市外移動_転出,女,1649
平成24,2012,瀬谷区,市内移動_転入,総数,2292
平成24,2012,瀬谷区,市内移動_転入,男,1157
平成24,2012,瀬谷区,市内移動_転入,女,1135
平成24,2012,瀬谷区,市内移動_転出,総数,2099
平成24,2012,瀬谷区,市内移動_転出,男,1051
平成24,2012,瀬谷区,市内移動_転出,女,1048
平成24,2012,瀬谷区,その他増減,総数,20
平成24,2012,瀬谷区,その他増減,男,-1
平成24,2012,瀬谷区,その他増減,女,21
平成24,2012,瀬谷区,自然増減,総数,-109
平成24,2012,瀬谷区,自然増減,男,-96
平成24,2012,瀬谷区,自然増減,女,-13
平成24,2012,瀬谷区,出生,総数,1035
平成24,2012,瀬谷区,出生,男,489
平成24,2012,瀬谷区,出生,女,546
平成24,2012,瀬谷区,死亡,総数,1144
平成24,2012,瀬谷区,死亡,男,585
平成24,2012,瀬谷区,死亡,女,559
平成24,2012,瀬谷区,人口増減率,,-0.29375
平成24,2012,瀬谷区,社会増減率,,-0.20745
平成24,2012,瀬谷区,自然増減率,,-0.0863
平成25,2013,鶴見区,世帯数増減,,2291
平成25,2013,鶴見区,人口増減,総数,3346
平成25,2013,鶴見区,人口増減,男,1584
平成25,2013,鶴見区,人口増減,女,1762
平成25,2013,鶴見区,社会増減,総数,2870
平成25,2013,鶴見区,社会増減,男,1451
平成25,2013,鶴見区,社会増減,女,1419
平成25,2013,鶴見区,市外移動_転入,総数,14424
平成25,2013,鶴見区,市外移動_転入,男,8130
平成25,2013,鶴見区,市外移動_転入,女,6294
平成25,2013,鶴見区,市外移動_転出,総数,11359
平成25,2013,鶴見区,市外移動_転出,男,6480
平成25,2013,鶴見区,市外移動_転出,女,4879
平成25,2013,鶴見区,市内移動_転入,総数,3922
平成25,2013,鶴見区,市内移動_転入,男,2032
平成25,2013,鶴見区,市内移動_転入,女,1890
平成25,2013,鶴見区,市内移動_転出,総数,3734
平成25,2013,鶴見区,市内移動_転出,男,1983
平成25,2013,鶴見区,市内移動_転出,女,1751
平成25,2013,鶴見区,その他増減,総数,-383
平成25,2013,鶴見区,その他増減,男,-248
平成25,2013,鶴見区,その他増減,女,-135
平成25,2013,鶴見区,自然増減,総数,476
平成25,2013,鶴見区,自然増減,男,133
平成25,2013,鶴見区,自然増減,女,343
平成25,2013,鶴見区,出生,総数,2704
平成25,2013,鶴見区,出生,男,1388
平成25,2013,鶴見区,出生,女,1316
平成25,2013,鶴見区,死亡,総数,2228
平成25,2013,鶴見区,死亡,男,1255
平成25,2013,鶴見区,死亡,女,973
平成25,2013,鶴見区,人口増減率,,1.20843
平成25,2013,鶴見区,社会増減率,,1.03652
平成25,2013,鶴見区,自然増減率,,0.17191
平成25,2013,神奈川区,世帯数増減,,980
平成25,2013,神奈川区,人口増減,総数,1018
平成25,2013,神奈川区,人口増減,男,479
平成25,2013,神奈川区,人口増減,女,539
平成25,2013,神奈川区,社会増減,総数,772
平成25,2013,神奈川区,社会増減,男,397
平成25,2013,神奈川区,社会増減,女,375
平成25,2013,神奈川区,市外移動_転入,総数,10422
平成25,2013,神奈川区,市外移動_転入,男,5783
平成25,2013,神奈川区,市外移動_転入,女,4639
平成25,2013,神奈川区,市外移動_転出,総数,9466
平成25,2013,神奈川区,市外移動_転出,男,5245
平成25,2013,神奈川区,市外移動_転出,女,4221
平成25,2013,神奈川区,市内移動_転入,総数,6245
平成25,2013,神奈川区,市内移動_転入,男,3232
平成25,2013,神奈川区,市内移動_転入,女,3013
平成25,2013,神奈川区,市内移動_転出,総数,6337
平成25,2013,神奈川区,市内移動_転出,男,3305
平成25,2013,神奈川区,市内移動_転出,女,3032
平成25,2013,神奈川区,その他増減,総数,-92
平成25,2013,神奈川区,その他増減,男,-68
平成25,2013,神奈川区,その他増減,女,-24
平成25,2013,神奈川区,自然増減,総数,246
平成25,2013,神奈川区,自然増減,男,82
平成25,2013,神奈川区,自然増減,女,164
平成25,2013,神奈川区,出生,総数,2069
平成25,2013,神奈川区,出生,男,1071
平成25,2013,神奈川区,出生,女,998
平成25,2013,神奈川区,死亡,総数,1823
平成25,2013,神奈川区,死亡,男,989
平成25,2013,神奈川区,死亡,女,834
平成25,2013,神奈川区,人口増減率,,0.43602
平成25,2013,神奈川区,社会増減率,,0.33065
平成25,2013,神奈川区,自然増減率,,0.10536
平成25,2013,西区,世帯数増減,,422
平成25,2013,西区,人口増減,総数,425
平成25,2013,西区,人口増減,男,206
平成25,2013,西区,人口増減,女,219
平成25,2013,西区,社会増減,総数,370
平成25,2013,西区,社会増減,男,185
平成25,2013,西区,社会増減,女,185
平成25,2013,西区,市外移動_転入,総数,5206
平成25,2013,西区,市外移動_転入,男,2894
平成25,2013,西区,市外移動_転入,女,2312
平成25,2013,西区,市外移動_転出,総数,4522
平成25,2013,西区,市外移動_転出,男,2545
平成25,2013,西区,市外移動_転出,女,1977
平成25,2013,西区,市内移動_転入,総数,3388
平成25,2013,西区,市内移動_転入,男,1768
平成25,2013,西区,市内移動_転入,女,1620
平成25,2013,西区,市内移動_転出,総数,3425
平成25,2013,西区,市内移動_転出,男,1765
平成25,2013,西区,市内移動_転出,女,1660
平成25,2013,西区,その他増減,総数,-277
平成25,2013,西区,その他増減,男,-167
平成25,2013,西区,その他増減,女,-110
平成25,2013,西区,自然増減,総数,55
平成25,2013,西区,自然増減,男,21
平成25,2013,西区,自然増減,女,34
平成25,2013,西区,出生,総数,904
平成25,2013,西区,出生,男,469
平成25,2013,西区,出生,女,435
平成25,2013,西区,死亡,総数,849
平成25,2013,西区,死亡,男,448
平成25,2013,西区,死亡,女,401
平成25,2013,西区,人口増減率,,0.43893
平成25,2013,西区,社会増減率,,0.38213
平成25,2013,西区,自然増減率,,0.0568
平成25,2013,中区,世帯数増減,,274
平成25,2013,中区,人口増減,総数,-29
平成25,2013,中区,人口増減,男,-24
平成25,2013,中区,人口増減,女,-5
平成25,2013,中区,社会増減,総数,395
平成25,2013,中区,社会増減,男,368
平成25,2013,中区,社会増減,女,27
平成25,2013,中区,市外移動_転入,総数,8088
平成25,2013,中区,市外移動_転入,男,4621
平成25,2013,中区,市外移動_転入,女,3467
平成25,2013,中区,市外移動_転出,総数,6648
平成25,2013,中区,市外移動_転出,男,3739
平成25,2013,中区,市外移動_転出,女,2909
平成25,2013,中区,市内移動_転入,総数,4680
平成25,2013,中区,市内移動_転入,男,2559
平成25,2013,中区,市内移動_転入,女,2121
平成25,2013,中区,市内移動_転出,総数,5016
平成25,2013,中区,市内移動_転出,男,2723
平成25,2013,中区,市内移動_転出,女,2293
平成25,2013,中区,その他増減,総数,-709
平成25,2013,中区,その他増減,男,-350
平成25,2013,中区,その他増減,女,-359
平成25,2013,中区,自然増減,総数,-424
平成25,2013,中区,自然増減,男,-392
平成25,2013,中区,自然増減,女,-32
平成25,2013,中区,出生,総数,1122
平成25,2013,中区,出生,男,582
平成25,2013,中区,出生,女,540
平成25,2013,中区,死亡,総数,1546
平成25,2013,中区,死亡,男,974
平成25,2013,中区,死亡,女,572
平成25,2013,中区,人口増減率,,-0.01972
平成25,2013,中区,社会増減率,,0.26854
平成25,2013,中区,自然増減率,,-0.28825
平成25,2013,南区,世帯数増減,,359
平成25,2013,南区,人口増減,総数,-427
平成25,2013,南区,人口増減,男,-372
平成25,2013,南区,人口増減,女,-55
平成25,2013,南区,社会増減,総数,226
平成25,2013,南区,社会増減,男,67
平成25,2013,南区,社会増減,女,159
平成25,2013,南区,市外移動_転入,総数,6771
平成25,2013,南区,市外移動_転入,男,3594
平成25,2013,南区,市外移動_転入,女,3177
平成25,2013,南区,市外移動_転出,総数,6169
平成25,2013,南区,市外移動_転出,男,3358
平成25,2013,南区,市外移動_転出,女,2811
平成25,2013,南区,市内移動_転入,総数,5798
平成25,2013,南区,市内移動_転入,男,3058
平成25,2013,南区,市内移動_転入,女,2740
平成25,2013,南区,市内移動_転出,総数,5703
平成25,2013,南区,市内移動_転出,男,2917
平成25,2013,南区,市内移動_転出,女,2786
平成25,2013,南区,その他増減,総数,-471
平成25,2013,南区,その他増減,男,-310
平成25,2013,南区,その他増減,女,-161
平成25,2013,南区,自然増減,総数,-653
平成25,2013,南区,自然増減,男,-439
平成25,2013,南区,自然増減,女,-214
平成25,2013,南区,出生,総数,1349
平成25,2013,南区,出生,男,665
平成25,2013,南区,出生,女,684
平成25,2013,南区,死亡,総数,2002
平成25,2013,南区,死亡,男,1104
平成25,2013,南区,死亡,女,898
平成25,2013,南区,人口増減率,,-0.21918
平成25,2013,南区,社会増減率,,0.116
平成25,2013,南区,自然増減率,,-0.33518
平成25,2013,港南区,世帯数増減,,41
平成25,2013,港南区,人口増減,総数,-1063
平成25,2013,港南区,人口増減,男,-748
平成25,2013,港南区,人口増減,女,-315
平成25,2013,港南区,社会増減,総数,-877
平成25,2013,港南区,社会増減,男,-612
平成25,2013,港南区,社会増減,女,-265
平成25,2013,港南区,市外移動_転入,総数,5234
平成25,2013,港南区,市外移動_転入,男,2841
平成25,2013,港南区,市外移動_転入,女,2393
平成25,2013,港南区,市外移動_転出,総数,5665
平成25,2013,港南区,市外移動_転出,男,3180
平成25,2013,港南区,市外移動_転出,女,2485
平成25,2013,港南区,市内移動_転入,総数,4316
平成25,2013,港南区,市内移動_転入,男,2136
平成25,2013,港南区,市内移動_転入,女,2180
平成25,2013,港南区,市内移動_転出,総数,4699
平成25,2013,港南区,市内移動_転出,男,2340
平成25,2013,港南区,市内移動_転出,女,2359
平成25,2013,港南区,その他増減,総数,-63
平成25,2013,港南区,その他増減,男,-69
平成25,2013,港南区,その他増減,女,6
平成25,2013,港南区,自然増減,総数,-186
平成25,2013,港南区,自然増減,男,-136
平成25,2013,港南区,自然増減,女,-50
平成25,2013,港南区,出生,総数,1543
平成25,2013,港南区,出生,男,776
平成25,2013,港南区,出生,女,767
平成25,2013,港南区,死亡,総数,1729
平成25,2013,港南区,死亡,男,912
平成25,2013,港南区,死亡,女,817
平成25,2013,港南区,人口増減率,,-0.48573
平成25,2013,港南区,社会増減率,,-0.40074
平成25,2013,港南区,自然増減率,,-0.08499
平成25,2013,保土ケ谷区,世帯数増減,,534
平成25,2013,保土ケ谷区,人口増減,総数,-426
平成25,2013,保土ケ谷区,人口増減,男,-259
平成25,2013,保土ケ谷区,人口増減,女,-167
平成25,2013,保土ケ谷区,社会増減,総数,23
平成25,2013,保土ケ谷区,社会増減,男,-33
平成25,2013,保土ケ谷区,社会増減,女,56
平成25,2013,保土ケ谷区,市外移動_転入,総数,6442
平成25,2013,保土ケ谷区,市外移動_転入,男,3615
平成25,2013,保土ケ谷区,市外移動_転入,女,2827
平成25,2013,保土ケ谷区,市外移動_転出,総数,6065
平成25,2013,保土ケ谷区,市外移動_転出,男,3428
平成25,2013,保土ケ谷区,市外移動_転出,女,2637
平成25,2013,保土ケ谷区,市内移動_転入,総数,4874
平成25,2013,保土ケ谷区,市内移動_転入,男,2534
平成25,2013,保土ケ谷区,市内移動_転入,女,2340
平成25,2013,保土ケ谷区,市内移動_転出,総数,4854
平成25,2013,保土ケ谷区,市内移動_転出,男,2502
平成25,2013,保土ケ谷区,市内移動_転出,女,2352
平成25,2013,保土ケ谷区,その他増減,総数,-374
平成25,2013,保土ケ谷区,その他増減,男,-252
平成25,2013,保土ケ谷区,その他増減,女,-122
平成25,2013,保土ケ谷区,自然増減,総数,-449
平成25,2013,保土ケ谷区,自然増減,男,-226
平成25,2013,保土ケ谷区,自然増減,女,-223
平成25,2013,保土ケ谷区,出生,総数,1418
平成25,2013,保土ケ谷区,出生,男,751
平成25,2013,保土ケ谷区,出生,女,667
平成25,2013,保土ケ谷区,死亡,総数,1867
平成25,2013,保土ケ谷区,死亡,男,977
平成25,2013,保土ケ谷区,死亡,女,890
平成25,2013,保土ケ谷区,人口増減率,,-0.20809
平成25,2013,保土ケ谷区,社会増減率,,0.01124
平成25,2013,保土ケ谷区,自然増減率,,-0.21933
平成25,2013,旭区,世帯数増減,,178
平成25,2013,旭区,人口増減,総数,-1168
平成25,2013,旭区,人口増減,男,-723
平成25,2013,旭区,人口増減,女,-445
平成25,2013,旭区,社会増減,総数,-680
平成25,2013,旭区,社会増減,男,-411
平成25,2013,旭区,社会増減,女,-269
平成25,2013,旭区,市外移動_転入,総数,5332
平成25,2013,旭区,市外移動_転入,男,2746
平成25,2013,旭区,市外移動_転入,女,2586
平成25,2013,旭区,市外移動_転出,総数,6104
平成25,2013,旭区,市外移動_転出,男,3219
平成25,2013,旭区,市外移動_転出,女,2885
平成25,2013,旭区,市内移動_転入,総数,4676
平成25,2013,旭区,市内移動_転入,男,2424
平成25,2013,旭区,市内移動_転入,女,2252
平成25,2013,旭区,市内移動_転出,総数,4518
平成25,2013,旭区,市内移動_転出,男,2294
平成25,2013,旭区,市内移動_転出,女,2224
平成25,2013,旭区,その他増減,総数,-66
平成25,2013,旭区,その他増減,男,-68
平成25,2013,旭区,その他増減,女,2
平成25,2013,旭区,自然増減,総数,-488
平成25,2013,旭区,自然増減,男,-312
平成25,2013,旭区,自然増減,女,-176
平成25,2013,旭区,出生,総数,1839
平成25,2013,旭区,出生,男,956
平成25,2013,旭区,出生,女,883
平成25,2013,旭区,死亡,総数,2327
平成25,2013,旭区,死亡,男,1268
平成25,2013,旭区,死亡,女,1059
平成25,2013,旭区,人口増減率,,-0.46771
平成25,2013,旭区,社会増減率,,-0.2723
平成25,2013,旭区,自然増減率,,-0.19541
平成25,2013,磯子区,世帯数増減,,515
平成25,2013,磯子区,人口増減,総数,280
平成25,2013,磯子区,人口増減,男,18
平成25,2013,磯子区,人口増減,女,262
平成25,2013,磯子区,社会増減,総数,520
平成25,2013,磯子区,社会増減,男,185
平成25,2013,磯子区,社会増減,女,335
平成25,2013,磯子区,市外移動_転入,総数,4793
平成25,2013,磯子区,市外移動_転入,男,2604
平成25,2013,磯子区,市外移動_転入,女,2189
平成25,2013,磯子区,市外移動_転出,総数,4669
平成25,2013,磯子区,市外移動_転出,男,2588
平成25,2013,磯子区,市外移動_転出,女,2081
平成25,2013,磯子区,市内移動_転入,総数,4318
平成25,2013,磯子区,市内移動_転入,男,2199
平成25,2013,磯子区,市内移動_転入,女,2119
平成25,2013,磯子区,市内移動_転出,総数,3861
平成25,2013,磯子区,市内移動_転出,男,1973
平成25,2013,磯子区,市内移動_転出,女,1888
平成25,2013,磯子区,その他増減,総数,-61
平成25,2013,磯子区,その他増減,男,-57
平成25,2013,磯子区,その他増減,女,-4
平成25,2013,磯子区,自然増減,総数,-240
平成25,2013,磯子区,自然増減,男,-167
平成25,2013,磯子区,自然増減,女,-73
平成25,2013,磯子区,出生,総数,1235
平成25,2013,磯子区,出生,男,638
平成25,2013,磯子区,出生,女,597
平成25,2013,磯子区,死亡,総数,1475
平成25,2013,磯子区,死亡,男,805
平成25,2013,磯子区,死亡,女,670
平成25,2013,磯子区,人口増減率,,0.17317
平成25,2013,磯子区,社会増減率,,0.32161
平成25,2013,磯子区,自然増減率,,-0.14843
平成25,2013,金沢区,世帯数増減,,305
平成25,2013,金沢区,人口増減,総数,-1523
平成25,2013,金沢区,人口増減,男,-937
平成25,2013,金沢区,人口増減,女,-586
平成25,2013,金沢区,社会増減,総数,-1087
平成25,2013,金沢区,社会増減,男,-646
平成25,2013,金沢区,社会増減,女,-441
平成25,2013,金沢区,市外移動_転入,総数,5916
平成25,2013,金沢区,市外移動_転入,男,3191
平成25,2013,金沢区,市外移動_転入,女,2725
平成25,2013,金沢区,市外移動_転出,総数,6242
平成25,2013,金沢区,市外移動_転出,男,3429
平成25,2013,金沢区,市外移動_転出,女,2813
平成25,2013,金沢区,市内移動_転入,総数,2409
平成25,2013,金沢区,市内移動_転入,男,1224
平成25,2013,金沢区,市内移動_転入,女,1185
平成25,2013,金沢区,市内移動_転出,総数,3108
平成25,2013,金沢区,市内移動_転出,男,1584
平成25,2013,金沢区,市内移動_転出,女,1524
平成25,2013,金沢区,その他増減,総数,-62
平成25,2013,金沢区,その他増減,男,-48
平成25,2013,金沢区,その他増減,女,-14
平成25,2013,金沢区,自然増減,総数,-436
平成25,2013,金沢区,自然増減,男,-291
平成25,2013,金沢区,自然増減,女,-145
平成25,2013,金沢区,出生,総数,1342
平成25,2013,金沢区,出生,男,674
平成25,2013,金沢区,出生,女,668
平成25,2013,金沢区,死亡,総数,1778
平成25,2013,金沢区,死亡,男,965
平成25,2013,金沢区,死亡,女,813
平成25,2013,金沢区,人口増減率,,-0.73941
平成25,2013,金沢区,社会増減率,,-0.52773
平成25,2013,金沢区,自然増減率,,-0.21168
平成25,2013,港北区,世帯数増減,,2465
平成25,2013,港北区,人口増減,総数,4112
平成25,2013,港北区,人口増減,男,1986
平成25,2013,港北区,人口増減,女,2126
平成25,2013,港北区,社会増減,総数,2727
平成25,2013,港北区,社会増減,男,1306
平成25,2013,港北区,社会増減,女,1421
平成25,2013,港北区,市外移動_転入,総数,18984
平成25,2013,港北区,市外移動_転入,男,10080
平成25,2013,港北区,市外移動_転入,女,8904
平成25,2013,港北区,市外移動_転出,総数,15867
平成25,2013,港北区,市外移動_転出,男,8514
平成25,2013,港北区,市外移動_転出,女,7353
平成25,2013,港北区,市内移動_転入,総数,5949
平成25,2013,港北区,市内移動_転入,男,3041
平成25,2013,港北区,市内移動_転入,女,2908
平成25,2013,港北区,市内移動_転出,総数,6153
平成25,2013,港北区,市内移動_転出,男,3153
平成25,2013,港北区,市内移動_転出,女,3000
平成25,2013,港北区,その他増減,総数,-186
平成25,2013,港北区,その他増減,男,-148
平成25,2013,港北区,その他増減,女,-38
平成25,2013,港北区,自然増減,総数,1385
平成25,2013,港北区,自然増減,男,680
平成25,2013,港北区,自然増減,女,705
平成25,2013,港北区,出生,総数,3490
平成25,2013,港北区,出生,男,1776
平成25,2013,港北区,出生,女,1714
平成25,2013,港北区,死亡,総数,2105
平成25,2013,港北区,死亡,男,1096
平成25,2013,港北区,死亡,女,1009
平成25,2013,港北区,人口増減率,,1.22799
平成25,2013,港北区,社会増減率,,0.81438
平成25,2013,港北区,自然増減率,,0.41361
平成25,2013,緑区,世帯数増減,,621
平成25,2013,緑区,人口増減,総数,574
平成25,2013,緑区,人口増減,男,137
平成25,2013,緑区,人口増減,女,437
平成25,2013,緑区,社会増減,総数,289
平成25,2013,緑区,社会増減,男,26
平成25,2013,緑区,社会増減,女,263
平成25,2013,緑区,市外移動_転入,総数,6179
平成25,2013,緑区,市外移動_転入,男,3200
平成25,2013,緑区,市外移動_転入,女,2979
平成25,2013,緑区,市外移動_転出,総数,6417
平成25,2013,緑区,市外移動_転出,男,3384
平成25,2013,緑区,市外移動_転出,女,3033
平成25,2013,緑区,市内移動_転入,総数,3670
平成25,2013,緑区,市内移動_転入,男,1827
平成25,2013,緑区,市内移動_転入,女,1843
平成25,2013,緑区,市内移動_転出,総数,3204
平成25,2013,緑区,市内移動_転出,男,1635
平成25,2013,緑区,市内移動_転出,女,1569
平成25,2013,緑区,その他増減,総数,61
平成25,2013,緑区,その他増減,男,18
平成25,2013,緑区,その他増減,女,43
平成25,2013,緑区,自然増減,総数,285
平成25,2013,緑区,自然増減,男,111
平成25,2013,緑区,自然増減,女,174
平成25,2013,緑区,出生,総数,1540
平成25,2013,緑区,出生,男,805
平成25,2013,緑区,出生,女,735
平成25,2013,緑区,死亡,総数,1255
平成25,2013,緑区,死亡,男,694
平成25,2013,緑区,死亡,女,561
平成25,2013,緑区,人口増減率,,0.32209
平成25,2013,緑区,社会増減率,,0.16217
平成25,2013,緑区,自然増減率,,0.15992
平成25,2013,青葉区,世帯数増減,,783
平成25,2013,青葉区,人口増減,総数,766
平成25,2013,青葉区,人口増減,男,97
平成25,2013,青葉区,人口増減,女,669
平成25,2013,青葉区,社会増減,総数,-97
平成25,2013,青葉区,社会増減,男,-300
平成25,2013,青葉区,社会増減,女,203
平成25,2013,青葉区,市外移動_転入,総数,15001
平成25,2013,青葉区,市外移動_転入,男,7746
平成25,2013,青葉区,市外移動_転入,女,7255
平成25,2013,青葉区,市外移動_転出,総数,15189
平成25,2013,青葉区,市外移動_転出,男,8056
平成25,2013,青葉区,市外移動_転出,女,7133
平成25,2013,青葉区,市内移動_転入,総数,3270
平成25,2013,青葉区,市内移動_転入,男,1655
平成25,2013,青葉区,市内移動_転入,女,1615
平成25,2013,青葉区,市内移動_転出,総数,3190
平成25,2013,青葉区,市内移動_転出,男,1632
平成25,2013,青葉区,市内移動_転出,女,1558
平成25,2013,青葉区,その他増減,総数,11
平成25,2013,青葉区,その他増減,男,-13
平成25,2013,青葉区,その他増減,女,24
平成25,2013,青葉区,自然増減,総数,863
平成25,2013,青葉区,自然増減,男,397
平成25,2013,青葉区,自然増減,女,466
平成25,2013,青葉区,出生,総数,2618
平成25,2013,青葉区,出生,男,1321
平成25,2013,青葉区,出生,女,1297
平成25,2013,青葉区,死亡,総数,1755
平成25,2013,青葉区,死亡,男,924
平成25,2013,青葉区,死亡,女,831
平成25,2013,青葉区,人口増減率,,0.24945
平成25,2013,青葉区,社会増減率,,-0.03159
平成25,2013,青葉区,自然増減率,,0.28104
平成25,2013,都筑区,世帯数増減,,852
平成25,2013,都筑区,人口増減,総数,1864
平成25,2013,都筑区,人口増減,男,899
平成25,2013,都筑区,人口増減,女,965
平成25,2013,都筑区,社会増減,総数,793
平成25,2013,都筑区,社会増減,男,326
平成25,2013,都筑区,社会増減,女,467
平成25,2013,都筑区,市外移動_転入,総数,8575
平成25,2013,都筑区,市外移動_転入,男,4505
平成25,2013,都筑区,市外移動_転入,女,4070
平成25,2013,都筑区,市外移動_転出,総数,7960
平成25,2013,都筑区,市外移動_転出,男,4271
平成25,2013,都筑区,市外移動_転出,女,3689
平成25,2013,都筑区,市内移動_転入,総数,3829
平成25,2013,都筑区,市内移動_転入,男,1965
平成25,2013,都筑区,市内移動_転入,女,1864
平成25,2013,都筑区,市内移動_転出,総数,3508
平成25,2013,都筑区,市内移動_転出,男,1789
平成25,2013,都筑区,市内移動_転出,女,1719
平成25,2013,都筑区,その他増減,総数,-143
平成25,2013,都筑区,その他増減,男,-84
平成25,2013,都筑区,その他増減,女,-59
平成25,2013,都筑区,自然増減,総数,1071
平成25,2013,都筑区,自然増減,男,573
平成25,2013,都筑区,自然増減,女,498
平成25,2013,都筑区,出生,総数,2044
平成25,2013,都筑区,出生,男,1082
平成25,2013,都筑区,出生,女,962
平成25,2013,都筑区,死亡,総数,973
平成25,2013,都筑区,死亡,男,509
平成25,2013,都筑区,死亡,女,464
平成25,2013,都筑区,人口増減率,,0.89718
平成25,2013,都筑区,社会増減率,,0.38169
平成25,2013,都筑区,自然増減率,,0.51549
平成25,2013,戸塚区,世帯数増減,,741
平成25,2013,戸塚区,人口増減,総数,195
平成25,2013,戸塚区,人口増減,男,-186
平成25,2013,戸塚区,人口増減,女,381
平成25,2013,戸塚区,社会増減,総数,-109
平成25,2013,戸塚区,社会増減,男,-276
平成25,2013,戸塚区,社会増減,女,167
平成25,2013,戸塚区,市外移動_転入,総数,8474
平成25,2013,戸塚区,市外移動_転入,男,4557
平成25,2013,戸塚区,市外移動_転入,女,3917
平成25,2013,戸塚区,市外移動_転出,総数,8694
平成25,2013,戸塚区,市外移動_転出,男,4809
平成25,2013,戸塚区,市外移動_転出,女,3885
平成25,2013,戸塚区,市内移動_転入,総数,4668
平成25,2013,戸塚区,市内移動_転入,男,2356
平成25,2013,戸塚区,市内移動_転入,女,2312
平成25,2013,戸塚区,市内移動_転出,総数,4599
平成25,2013,戸塚区,市内移動_転出,男,2349
平成25,2013,戸塚区,市内移動_転出,女,2250
平成25,2013,戸塚区,その他増減,総数,42
平成25,2013,戸塚区,その他増減,男,-31
平成25,2013,戸塚区,その他増減,女,73
平成25,2013,戸塚区,自然増減,総数,304
平成25,2013,戸塚区,自然増減,男,90
平成25,2013,戸塚区,自然増減,女,214
平成25,2013,戸塚区,出生,総数,2347
平成25,2013,戸塚区,出生,男,1197
平成25,2013,戸塚区,出生,女,1150
平成25,2013,戸塚区,死亡,総数,2043
平成25,2013,戸塚区,死亡,男,1107
平成25,2013,戸塚区,死亡,女,936
平成25,2013,戸塚区,人口増減率,,0.07123
平成25,2013,戸塚区,社会増減率,,-0.03981
平成25,2013,戸塚区,自然増減率,,0.11104
平成25,2013,栄区,世帯数増減,,42
平成25,2013,栄区,人口増減,総数,-785
平成25,2013,栄区,人口増減,男,-422
平成25,2013,栄区,人口増減,女,-363
平成25,2013,栄区,社会増減,総数,-711
平成25,2013,栄区,社会増減,男,-361
平成25,2013,栄区,社会増減,女,-350
平成25,2013,栄区,市外移動_転入,総数,3971
平成25,2013,栄区,市外移動_転入,男,2280
平成25,2013,栄区,市外移動_転入,女,1691
平成25,2013,栄区,市外移動_転出,総数,4269
平成25,2013,栄区,市外移動_転出,男,2428
平成25,2013,栄区,市外移動_転出,女,1841
平成25,2013,栄区,市内移動_転入,総数,2178
平成25,2013,栄区,市内移動_転入,男,1182
平成25,2013,栄区,市内移動_転入,女,996
平成25,2013,栄区,市内移動_転出,総数,2572
平成25,2013,栄区,市内移動_転出,男,1367
平成25,2013,栄区,市内移動_転出,女,1205
平成25,2013,栄区,その他増減,総数,-19
平成25,2013,栄区,その他増減,男,-28
平成25,2013,栄区,その他増減,女,9
平成25,2013,栄区,自然増減,総数,-74
平成25,2013,栄区,自然増減,男,-61
平成25,2013,栄区,自然増減,女,-13
平成25,2013,栄区,出生,総数,976
平成25,2013,栄区,出生,男,514
平成25,2013,栄区,出生,女,462
平成25,2013,栄区,死亡,総数,1050
平成25,2013,栄区,死亡,男,575
平成25,2013,栄区,死亡,女,475
平成25,2013,栄区,人口増減率,,-0.63326
平成25,2013,栄区,社会増減率,,-0.57357
平成25,2013,栄区,自然増減率,,-0.0597
平成25,2013,泉区,世帯数増減,,364
平成25,2013,泉区,人口増減,総数,-608
平成25,2013,泉区,人口増減,男,-378
平成25,2013,泉区,人口増減,女,-230
平成25,2013,泉区,社会増減,総数,-491
平成25,2013,泉区,社会増減,男,-283
平成25,2013,泉区,社会増減,女,-208
平成25,2013,泉区,市外移動_転入,総数,3535
平成25,2013,泉区,市外移動_転入,男,1834
平成25,2013,泉区,市外移動_転入,女,1701
平成25,2013,泉区,市外移動_転出,総数,4154
平成25,2013,泉区,市外移動_転出,男,2164
平成25,2013,泉区,市外移動_転出,女,1990
平成25,2013,泉区,市内移動_転入,総数,2747
平成25,2013,泉区,市内移動_転入,男,1350
平成25,2013,泉区,市内移動_転入,女,1397
平成25,2013,泉区,市内移動_転出,総数,2634
平成25,2013,泉区,市内移動_転出,男,1295
平成25,2013,泉区,市内移動_転出,女,1339
平成25,2013,泉区,その他増減,総数,15
平成25,2013,泉区,その他増減,男,-8
平成25,2013,泉区,その他増減,女,23
平成25,2013,泉区,自然増減,総数,-117
平成25,2013,泉区,自然増減,男,-95
平成25,2013,泉区,自然増減,女,-22
平成25,2013,泉区,出生,総数,1214
平成25,2013,泉区,出生,男,639
平成25,2013,泉区,出生,女,575
平成25,2013,泉区,死亡,総数,1331
平成25,2013,泉区,死亡,男,734
平成25,2013,泉区,死亡,女,597
平成25,2013,泉区,人口増減率,,-0.39121
平成25,2013,泉区,社会増減率,,-0.31593
平成25,2013,泉区,自然増減率,,-0.07528
平成25,2013,瀬谷区,世帯数増減,,244
平成25,2013,瀬谷区,人口増減,総数,-328
平成25,2013,瀬谷区,人口増減,男,-231
平成25,2013,瀬谷区,人口増減,女,-97
平成25,2013,瀬谷区,社会増減,総数,-245
平成25,2013,瀬谷区,社会増減,男,-147
平成25,2013,瀬谷区,社会増減,女,-98
平成25,2013,瀬谷区,市外移動_転入,総数,3009
平成25,2013,瀬谷区,市外移動_転入,男,1620
平成25,2013,瀬谷区,市外移動_転入,女,1389
平成25,2013,瀬谷区,市外移動_転出,総数,3494
平成25,2013,瀬谷区,市外移動_転出,男,1865
平成25,2013,瀬谷区,市外移動_転出,女,1629
平成25,2013,瀬谷区,市内移動_転入,総数,2332
平成25,2013,瀬谷区,市内移動_転入,男,1172
平成25,2013,瀬谷区,市内移動_転入,女,1160
平成25,2013,瀬谷区,市内移動_転出,総数,2068
平成25,2013,瀬谷区,市内移動_転出,男,1049
平成25,2013,瀬谷区,市内移動_転出,女,1019
平成25,2013,瀬谷区,その他増減,総数,-24
平成25,2013,瀬谷区,その他増減,男,-25
平成25,2013,瀬谷区,その他増減,女,1
平成25,2013,瀬谷区,自然増減,総数,-83
平成25,2013,瀬谷区,自然増減,男,-84
平成25,2013,瀬谷区,自然増減,女,1
平成25,2013,瀬谷区,出生,総数,999
平成25,2013,瀬谷区,出生,男,490
平成25,2013,瀬谷区,出生,女,509
平成25,2013,瀬谷区,死亡,総数,1082
平成25,2013,瀬谷区,死亡,男,574
平成25,2013,瀬谷区,死亡,女,508
平成25,2013,瀬谷区,人口増減率,,-0.26047
平成25,2013,瀬谷区,社会増減率,,-0.19456
平成25,2013,瀬谷区,自然増減率,,-0.06591
平成26,2014,鶴見区,世帯数増減,,1306
平成26,2014,鶴見区,人口増減,総数,1850
平成26,2014,鶴見区,人口増減,男,922
平成26,2014,鶴見区,人口増減,女,928
平成26,2014,鶴見区,社会増減,総数,1286
平成26,2014,鶴見区,社会増減,男,682
平成26,2014,鶴見区,社会増減,女,604
平成26,2014,鶴見区,市外移動_転入,総数,12880
平成26,2014,鶴見区,市外移動_転入,男,7243
平成26,2014,鶴見区,市外移動_転入,女,5637
平成26,2014,鶴見区,市外移動_転出,総数,11441
平成26,2014,鶴見区,市外移動_転出,男,6444
平成26,2014,鶴見区,市外移動_転出,女,4997
平成26,2014,鶴見区,市内移動_転入,総数,3682
平成26,2014,鶴見区,市内移動_転入,男,1951
平成26,2014,鶴見区,市内移動_転入,女,1731
平成26,2014,鶴見区,市内移動_転出,総数,3677
平成26,2014,鶴見区,市内移動_転出,男,1957
平成26,2014,鶴見区,市内移動_転出,女,1720
平成26,2014,鶴見区,その他増減,総数,-158
平成26,2014,鶴見区,その他増減,男,-111
平成26,2014,鶴見区,その他増減,女,-47
平成26,2014,鶴見区,自然増減,総数,564
平成26,2014,鶴見区,自然増減,男,240
平成26,2014,鶴見区,自然増減,女,324
平成26,2014,鶴見区,出生,総数,2839
平成26,2014,鶴見区,出生,男,1495
平成26,2014,鶴見区,出生,女,1344
平成26,2014,鶴見区,死亡,総数,2275
平成26,2014,鶴見区,死亡,男,1255
平成26,2014,鶴見区,死亡,女,1020
平成26,2014,鶴見区,人口増減率,,0.66016
平成26,2014,鶴見区,社会増減率,,0.4589
平成26,2014,鶴見区,自然増減率,,0.20126
平成26,2014,神奈川区,世帯数増減,,1427
平成26,2014,神奈川区,人口増減,総数,1405
平成26,2014,神奈川区,人口増減,男,623
平成26,2014,神奈川区,人口増減,女,782
平成26,2014,神奈川区,社会増減,総数,1249
平成26,2014,神奈川区,社会増減,男,573
平成26,2014,神奈川区,社会増減,女,676
平成26,2014,神奈川区,市外移動_転入,総数,10354
平成26,2014,神奈川区,市外移動_転入,男,5678
平成26,2014,神奈川区,市外移動_転入,女,4676
平成26,2014,神奈川区,市外移動_転出,総数,9012
平成26,2014,神奈川区,市外移動_転出,男,5082
平成26,2014,神奈川区,市外移動_転出,女,3930
平成26,2014,神奈川区,市内移動_転入,総数,5850
平成26,2014,神奈川区,市内移動_転入,男,3079
平成26,2014,神奈川区,市内移動_転入,女,2771
平成26,2014,神奈川区,市内移動_転出,総数,5903
平成26,2014,神奈川区,市内移動_転出,男,3074
平成26,2014,神奈川区,市内移動_転出,女,2829
平成26,2014,神奈川区,その他増減,総数,-40
平成26,2014,神奈川区,その他増減,男,-28
平成26,2014,神奈川区,その他増減,女,-12
平成26,2014,神奈川区,自然増減,総数,156
平成26,2014,神奈川区,自然増減,男,50
平成26,2014,神奈川区,自然増減,女,106
平成26,2014,神奈川区,出生,総数,2110
平成26,2014,神奈川区,出生,男,1088
平成26,2014,神奈川区,出生,女,1022
平成26,2014,神奈川区,死亡,総数,1954
平成26,2014,神奈川区,死亡,男,1038
平成26,2014,神奈川区,死亡,女,916
平成26,2014,神奈川区,人口増減率,,0.59916
平成26,2014,神奈川区,社会増減率,,0.53263
平成26,2014,神奈川区,自然増減率,,0.06653
平成26,2014,西区,世帯数増減,,367
平成26,2014,西区,人口増減,総数,460
平成26,2014,西区,人口増減,男,140
平成26,2014,西区,人口増減,女,320
平成26,2014,西区,社会増減,総数,360
平成26,2014,西区,社会増減,男,95
平成26,2014,西区,社会増減,女,265
平成26,2014,西区,市外移動_転入,総数,5212
平成26,2014,西区,市外移動_転入,男,2922
平成26,2014,西区,市外移動_転入,女,2290
平成26,2014,西区,市外移動_転出,総数,4571
平成26,2014,西区,市外移動_転出,男,2623
平成26,2014,西区,市外移動_転出,女,1948
平成26,2014,西区,市内移動_転入,総数,3262
平成26,2014,西区,市内移動_転入,男,1656
平成26,2014,西区,市内移動_転入,女,1606
平成26,2014,西区,市内移動_転出,総数,3464
平成26,2014,西区,市内移動_転出,男,1820
平成26,2014,西区,市内移動_転出,女,1644
平成26,2014,西区,その他増減,総数,-79
平成26,2014,西区,その他増減,男,-40
平成26,2014,西区,その他増減,女,-39
平成26,2014,西区,自然増減,総数,100
平成26,2014,西区,自然増減,男,45
平成26,2014,西区,自然増減,女,55
平成26,2014,西区,出生,総数,918
平成26,2014,西区,出生,男,471
平成26,2014,西区,出生,女,447
平成26,2014,西区,死亡,総数,818
平成26,2014,西区,死亡,男,426
平成26,2014,西区,死亡,女,392
平成26,2014,西区,人口増減率,,0.473
平成26,2014,西区,社会増減率,,0.37018
平成26,2014,西区,自然増減率,,0.10283
平成26,2014,中区,世帯数増減,,701
平成26,2014,中区,人口増減,総数,535
平成26,2014,中区,人口増減,男,279
平成26,2014,中区,人口増減,女,256
平成26,2014,中区,社会増減,総数,994
平成26,2014,中区,社会増減,男,737
平成26,2014,中区,社会増減,女,257
平成26,2014,中区,市外移動_転入,総数,8531
平成26,2014,中区,市外移動_転入,男,4920
平成26,2014,中区,市外移動_転入,女,3611
平成26,2014,中区,市外移動_転出,総数,6946
平成26,2014,中区,市外移動_転出,男,3897
平成26,2014,中区,市外移動_転出,女,3049
平成26,2014,中区,市内移動_転入,総数,4750
平成26,2014,中区,市内移動_転入,男,2617
平成26,2014,中区,市内移動_転入,女,2133
平成26,2014,中区,市内移動_転出,総数,4710
平成26,2014,中区,市内移動_転出,男,2550
平成26,2014,中区,市内移動_転出,女,2160
平成26,2014,中区,その他増減,総数,-631
平成26,2014,中区,その他増減,男,-353
平成26,2014,中区,その他増減,女,-278
平成26,2014,中区,自然増減,総数,-459
平成26,2014,中区,自然増減,男,-458
平成26,2014,中区,自然増減,女,-1
平成26,2014,中区,出生,総数,1101
平成26,2014,中区,出生,男,542
平成26,2014,中区,出生,女,559
平成26,2014,中区,死亡,総数,1560
平成26,2014,中区,死亡,男,1000
平成26,2014,中区,死亡,女,560
平成26,2014,中区,人口増減率,,0.36378
平成26,2014,中区,社会増減率,,0.67589
平成26,2014,中区,自然増減率,,-0.31211
平成26,2014,南区,世帯数増減,,722
平成26,2014,南区,人口増減,総数,-30
平成26,2014,南区,人口増減,男,12
平成26,2014,南区,人口増減,女,-42
平成26,2014,南区,社会増減,総数,717
平成26,2014,南区,社会増減,男,450
平成26,2014,南区,社会増減,女,267
平成26,2014,南区,市外移動_転入,総数,6952
平成26,2014,南区,市外移動_転入,男,3821
平成26,2014,南区,市外移動_転入,女,3131
平成26,2014,南区,市外移動_転出,総数,5692
平成26,2014,南区,市外移動_転出,男,3066
平成26,2014,南区,市外移動_転出,女,2626
平成26,2014,南区,市内移動_転入,総数,5450
平成26,2014,南区,市内移動_転入,男,2814
平成26,2014,南区,市内移動_転入,女,2636
平成26,2014,南区,市内移動_転出,総数,5697
平成26,2014,南区,市内移動_転出,男,2946
平成26,2014,南区,市内移動_転出,女,2751
平成26,2014,南区,その他増減,総数,-296
平成26,2014,南区,その他増減,男,-173
平成26,2014,南区,その他増減,女,-123
平成26,2014,南区,自然増減,総数,-747
平成26,2014,南区,自然増減,男,-438
平成26,2014,南区,自然増減,女,-309
平成26,2014,南区,出生,総数,1374
平成26,2014,南区,出生,男,713
平成26,2014,南区,出生,女,661
平成26,2014,南区,死亡,総数,2121
平成26,2014,南区,死亡,男,1151
平成26,2014,南区,死亡,女,970
平成26,2014,南区,人口増減率,,-0.01543
平成26,2014,南区,社会増減率,,0.36884
平成26,2014,南区,自然増減率,,-0.38427
平成26,2014,港南区,世帯数増減,,353
平成26,2014,港南区,人口増減,総数,-1067
平成26,2014,港南区,人口増減,男,-572
平成26,2014,港南区,人口増減,女,-495
平成26,2014,港南区,社会増減,総数,-783
平成26,2014,港南区,社会増減,男,-364
平成26,2014,港南区,社会増減,女,-419
平成26,2014,港南区,市外移動_転入,総数,5251
平成26,2014,港南区,市外移動_転入,男,2880
平成26,2014,港南区,市外移動_転入,女,2371
平成26,2014,港南区,市外移動_転出,総数,5694
平成26,2014,港南区,市外移動_転出,男,3107
平成26,2014,港南区,市外移動_転出,女,2587
平成26,2014,港南区,市内移動_転入,総数,4213
平成26,2014,港南区,市内移動_転入,男,2125
平成26,2014,港南区,市内移動_転入,女,2088
平成26,2014,港南区,市内移動_転出,総数,4595
平成26,2014,港南区,市内移動_転出,男,2281
平成26,2014,港南区,市内移動_転出,女,2314
平成26,2014,港南区,その他増減,総数,42
平成26,2014,港南区,その他増減,男,19
平成26,2014,港南区,その他増減,女,23
平成26,2014,港南区,自然増減,総数,-284
平成26,2014,港南区,自然増減,男,-208
平成26,2014,港南区,自然増減,女,-76
平成26,2014,港南区,出生,総数,1531
平成26,2014,港南区,出生,男,796
平成26,2014,港南区,出生,女,735
平成26,2014,港南区,死亡,総数,1815
平成26,2014,港南区,死亡,男,1004
平成26,2014,港南区,死亡,女,811
平成26,2014,港南区,人口増減率,,-0.48994
平成26,2014,港南区,社会増減率,,-0.35953
平成26,2014,港南区,自然増減率,,-0.13041
平成26,2014,保土ケ谷区,世帯数増減,,810
平成26,2014,保土ケ谷区,人口増減,総数,484
平成26,2014,保土ケ谷区,人口増減,男,112
平成26,2014,保土ケ谷区,人口増減,女,372
平成26,2014,保土ケ谷区,社会増減,総数,895
平成26,2014,保土ケ谷区,社会増減,男,365
平成26,2014,保土ケ谷区,社会増減,女,530
平成26,2014,保土ケ谷区,市外移動_転入,総数,6989
平成26,2014,保土ケ谷区,市外移動_転入,男,3889
平成26,2014,保土ケ谷区,市外移動_転入,女,3100
平成26,2014,保土ケ谷区,市外移動_転出,総数,6061
平成26,2014,保土ケ谷区,市外移動_転出,男,3406
平成26,2014,保土ケ谷区,市外移動_転出,女,2655
平成26,2014,保土ケ谷区,市内移動_転入,総数,4932
平成26,2014,保土ケ谷区,市内移動_転入,男,2493
平成26,2014,保土ケ谷区,市内移動_転入,女,2439
平成26,2014,保土ケ谷区,市内移動_転出,総数,4759
平成26,2014,保土ケ谷区,市内移動_転出,男,2440
平成26,2014,保土ケ谷区,市内移動_転出,女,2319
平成26,2014,保土ケ谷区,その他増減,総数,-206
平成26,2014,保土ケ谷区,その他増減,男,-171
平成26,2014,保土ケ谷区,その他増減,女,-35
平成26,2014,保土ケ谷区,自然増減,総数,-411
平成26,2014,保土ケ谷区,自然増減,男,-253
平成26,2014,保土ケ谷区,自然増減,女,-158
平成26,2014,保土ケ谷区,出生,総数,1394
平成26,2014,保土ケ谷区,出生,男,710
平成26,2014,保土ケ谷区,出生,女,684
平成26,2014,保土ケ谷区,死亡,総数,1805
平成26,2014,保土ケ谷区,死亡,男,963
平成26,2014,保土ケ谷区,死亡,女,842
平成26,2014,保土ケ谷区,人口増減率,,0.23692
平成26,2014,保土ケ谷区,社会増減率,,0.4381
平成26,2014,保土ケ谷区,自然増減率,,-0.20118
平成26,2014,旭区,世帯数増減,,542
平成26,2014,旭区,人口増減,総数,-653
平成26,2014,旭区,人口増減,男,-431
平成26,2014,旭区,人口増減,女,-222
平成26,2014,旭区,社会増減,総数,-64
平成26,2014,旭区,社会増減,男,-62
平成26,2014,旭区,社会増減,女,-2
平成26,2014,旭区,市外移動_転入,総数,5350
平成26,2014,旭区,市外移動_転入,男,2726
平成26,2014,旭区,市外移動_転入,女,2624
平成26,2014,旭区,市外移動_転出,総数,5704
平成26,2014,旭区,市外移動_転出,男,2939
平成26,2014,旭区,市外移動_転出,女,2765
平成26,2014,旭区,市内移動_転入,総数,4518
平成26,2014,旭区,市内移動_転入,男,2315
平成26,2014,旭区,市内移動_転入,女,2203
平成26,2014,旭区,市内移動_転出,総数,4175
平成26,2014,旭区,市内移動_転出,男,2089
平成26,2014,旭区,市内移動_転出,女,2086
平成26,2014,旭区,その他増減,総数,-53
平成26,2014,旭区,その他増減,男,-75
平成26,2014,旭区,その他増減,女,22
平成26,2014,旭区,自然増減,総数,-589
平成26,2014,旭区,自然増減,男,-369
平成26,2014,旭区,自然増減,女,-220
平成26,2014,旭区,出生,総数,1721
平成26,2014,旭区,出生,男,868
平成26,2014,旭区,出生,女,853
平成26,2014,旭区,死亡,総数,2310
平成26,2014,旭区,死亡,男,1237
平成26,2014,旭区,死亡,女,1073
平成26,2014,旭区,人口増減率,,-0.26271
平成26,2014,旭区,社会増減率,,-0.02575
平成26,2014,旭区,自然増減率,,-0.23696
平成26,2014,磯子区,世帯数増減,,1202
平成26,2014,磯子区,人口増減,総数,1893
平成26,2014,磯子区,人口増減,男,955
平成26,2014,磯子区,人口増減,女,938
平成26,2014,磯子区,社会増減,総数,2213
平成26,2014,磯子区,社会増減,男,1125
平成26,2014,磯子区,社会増減,女,1088
平成26,2014,磯子区,市外移動_転入,総数,5338
平成26,2014,磯子区,市外移動_転入,男,2902
平成26,2014,磯子区,市外移動_転入,女,2436
平成26,2014,磯子区,市外移動_転出,総数,4403
平成26,2014,磯子区,市外移動_転出,男,2410
平成26,2014,磯子区,市外移動_転出,女,1993
平成26,2014,磯子区,市内移動_転入,総数,5096
平成26,2014,磯子区,市内移動_転入,男,2597
平成26,2014,磯子区,市内移動_転入,女,2499
平成26,2014,磯子区,市内移動_転出,総数,3769
平成26,2014,磯子区,市内移動_転出,男,1911
平成26,2014,磯子区,市内移動_転出,女,1858
平成26,2014,磯子区,その他増減,総数,-49
平成26,2014,磯子区,その他増減,男,-53
平成26,2014,磯子区,その他増減,女,4
平成26,2014,磯子区,自然増減,総数,-320
平成26,2014,磯子区,自然増減,男,-170
平成26,2014,磯子区,自然増減,女,-150
平成26,2014,磯子区,出生,総数,1230
平成26,2014,磯子区,出生,男,650
平成26,2014,磯子区,出生,女,580
平成26,2014,磯子区,死亡,総数,1550
平成26,2014,磯子区,死亡,男,820
平成26,2014,磯子区,死亡,女,730
平成26,2014,磯子区,人口増減率,,1.16875
平成26,2014,磯子区,社会増減率,,1.36632
平成26,2014,磯子区,自然増減率,,-0.19757
平成26,2014,金沢区,世帯数増減,,322
平成26,2014,金沢区,人口増減,総数,-1216
平成26,2014,金沢区,人口増減,男,-717
平成26,2014,金沢区,人口増減,女,-499
平成26,2014,金沢区,社会増減,総数,-775
平成26,2014,金沢区,社会増減,男,-455
平成26,2014,金沢区,社会増減,女,-320
平成26,2014,金沢区,市外移動_転入,総数,5898
平成26,2014,金沢区,市外移動_転入,男,3144
平成26,2014,金沢区,市外移動_転入,女,2754
平成26,2014,金沢区,市外移動_転出,総数,6246
平成26,2014,金沢区,市外移動_転出,男,3399
平成26,2014,金沢区,市外移動_転出,女,2847
平成26,2014,金沢区,市内移動_転入,総数,2410
平成26,2014,金沢区,市内移動_転入,男,1232
平成26,2014,金沢区,市内移動_転入,女,1178
平成26,2014,金沢区,市内移動_転出,総数,2863
平成26,2014,金沢区,市内移動_転出,男,1442
平成26,2014,金沢区,市内移動_転出,女,1421
平成26,2014,金沢区,その他増減,総数,26
平成26,2014,金沢区,その他増減,男,10
平成26,2014,金沢区,その他増減,女,16
平成26,2014,金沢区,自然増減,総数,-441
平成26,2014,金沢区,自然増減,男,-262
平成26,2014,金沢区,自然増減,女,-179
平成26,2014,金沢区,出生,総数,1374
平成26,2014,金沢区,出生,男,712
平成26,2014,金沢区,出生,女,662
平成26,2014,金沢区,死亡,総数,1815
平成26,2014,金沢区,死亡,男,974
平成26,2014,金沢区,死亡,女,841
平成26,2014,金沢区,人口増減率,,-0.59476
平成26,2014,金沢区,社会増減率,,-0.37906
平成26,2014,金沢区,自然増減率,,-0.2157
平成26,2014,港北区,世帯数増減,,1914
平成26,2014,港北区,人口増減,総数,2764
平成26,2014,港北区,人口増減,男,1248
平成26,2014,港北区,人口増減,女,1516
平成26,2014,港北区,社会増減,総数,1380
平成26,2014,港北区,社会増減,男,581
平成26,2014,港北区,社会増減,女,799
平成26,2014,港北区,市外移動_転入,総数,18230
平成26,2014,港北区,市外移動_転入,男,9873
平成26,2014,港北区,市外移動_転入,女,8357
平成26,2014,港北区,市外移動_転出,総数,15884
平成26,2014,港北区,市外移動_転出,男,8727
平成26,2014,港北区,市外移動_転出,女,7157
平成26,2014,港北区,市内移動_転入,総数,5399
平成26,2014,港北区,市内移動_転入,男,2755
平成26,2014,港北区,市内移動_転入,女,2644
平成26,2014,港北区,市内移動_転出,総数,6235
平成26,2014,港北区,市内移動_転出,男,3222
平成26,2014,港北区,市内移動_転出,女,3013
平成26,2014,港北区,その他増減,総数,-130
平成26,2014,港北区,その他増減,男,-98
平成26,2014,港北区,その他増減,女,-32
平成26,2014,港北区,自然増減,総数,1384
平成26,2014,港北区,自然増減,男,667
平成26,2014,港北区,自然増減,女,717
平成26,2014,港北区,出生,総数,3646
平成26,2014,港北区,出生,男,1862
平成26,2014,港北区,出生,女,1784
平成26,2014,港北区,死亡,総数,2262
平成26,2014,港北区,死亡,男,1195
平成26,2014,港北区,死亡,女,1067
平成26,2014,港北区,人口増減率,,0.81541
平成26,2014,港北区,社会増減率,,0.40712
平成26,2014,港北区,自然増減率,,0.4083
平成26,2014,緑区,世帯数増減,,679
平成26,2014,緑区,人口増減,総数,730
平成26,2014,緑区,人口増減,男,248
平成26,2014,緑区,人口増減,女,482
平成26,2014,緑区,社会増減,総数,626
平成26,2014,緑区,社会増減,男,214
平成26,2014,緑区,社会増減,女,412
平成26,2014,緑区,市外移動_転入,総数,6119
平成26,2014,緑区,市外移動_転入,男,3181
平成26,2014,緑区,市外移動_転入,女,2938
平成26,2014,緑区,市外移動_転出,総数,6150
平成26,2014,緑区,市外移動_転出,男,3298
平成26,2014,緑区,市外移動_転出,女,2852
平成26,2014,緑区,市内移動_転入,総数,3749
平成26,2014,緑区,市内移動_転入,男,1890
平成26,2014,緑区,市内移動_転入,女,1859
平成26,2014,緑区,市内移動_転出,総数,3077
平成26,2014,緑区,市内移動_転出,男,1542
平成26,2014,緑区,市内移動_転出,女,1535
平成26,2014,緑区,その他増減,総数,-15
平成26,2014,緑区,その他増減,男,-17
平成26,2014,緑区,その他増減,女,2
平成26,2014,緑区,自然増減,総数,104
平成26,2014,緑区,自然増減,男,34
平成26,2014,緑区,自然増減,女,70
平成26,2014,緑区,出生,総数,1483
平成26,2014,緑区,出生,男,764
平成26,2014,緑区,出生,女,719
平成26,2014,緑区,死亡,総数,1379
平成26,2014,緑区,死亡,男,730
平成26,2014,緑区,死亡,女,649
平成26,2014,緑区,人口増減率,,0.40832
平成26,2014,緑区,社会増減率,,0.35015
平成26,2014,緑区,自然増減率,,0.05817
平成26,2014,青葉区,世帯数増減,,1118
平成26,2014,青葉区,人口増減,総数,1036
平成26,2014,青葉区,人口増減,男,194
平成26,2014,青葉区,人口増減,女,842
平成26,2014,青葉区,社会増減,総数,177
平成26,2014,青葉区,社会増減,男,-219
平成26,2014,青葉区,社会増減,女,396
平成26,2014,青葉区,市外移動_転入,総数,14329
平成26,2014,青葉区,市外移動_転入,男,7413
平成26,2014,青葉区,市外移動_転入,女,6916
平成26,2014,青葉区,市外移動_転出,総数,14429
平成26,2014,青葉区,市外移動_転出,男,7675
平成26,2014,青葉区,市外移動_転出,女,6754
平成26,2014,青葉区,市内移動_転入,総数,3057
平成26,2014,青葉区,市内移動_転入,男,1525
平成26,2014,青葉区,市内移動_転入,女,1532
平成26,2014,青葉区,市内移動_転出,総数,3016
平成26,2014,青葉区,市内移動_転出,男,1585
平成26,2014,青葉区,市内移動_転出,女,1431
平成26,2014,青葉区,その他増減,総数,236
平成26,2014,青葉区,その他増減,男,103
平成26,2014,青葉区,その他増減,女,133
平成26,2014,青葉区,自然増減,総数,859
平成26,2014,青葉区,自然増減,男,413
平成26,2014,青葉区,自然増減,女,446
平成26,2014,青葉区,出生,総数,2677
平成26,2014,青葉区,出生,男,1367
平成26,2014,青葉区,出生,女,1310
平成26,2014,青葉区,死亡,総数,1818
平成26,2014,青葉区,死亡,男,954
平成26,2014,青葉区,死亡,女,864
平成26,2014,青葉区,人口増減率,,0.33653
平成26,2014,青葉区,社会増減率,,0.0575
平成26,2014,青葉区,自然増減率,,0.27904
平成26,2014,都筑区,世帯数増減,,737
平成26,2014,都筑区,人口増減,総数,1125
平成26,2014,都筑区,人口増減,男,450
平成26,2014,都筑区,人口増減,女,675
平成26,2014,都筑区,社会増減,総数,146
平成26,2014,都筑区,社会増減,男,-18
平成26,2014,都筑区,社会増減,女,164
平成26,2014,都筑区,市外移動_転入,総数,8314
平成26,2014,都筑区,市外移動_転入,男,4398
平成26,2014,都筑区,市外移動_転入,女,3916
平成26,2014,都筑区,市外移動_転出,総数,7808
平成26,2014,都筑区,市外移動_転出,男,4225
平成26,2014,都筑区,市外移動_転出,女,3583
平成26,2014,都筑区,市内移動_転入,総数,3350
平成26,2014,都筑区,市内移動_転入,男,1729
平成26,2014,都筑区,市内移動_転入,女,1621
平成26,2014,都筑区,市内移動_転出,総数,3670
平成26,2014,都筑区,市内移動_転出,男,1865
平成26,2014,都筑区,市内移動_転出,女,1805
平成26,2014,都筑区,その他増減,総数,-40
平成26,2014,都筑区,その他増減,男,-55
平成26,2014,都筑区,その他増減,女,15
平成26,2014,都筑区,自然増減,総数,979
平成26,2014,都筑区,自然増減,男,468
平成26,2014,都筑区,自然増減,女,511
平成26,2014,都筑区,出生,総数,2057
平成26,2014,都筑区,出生,男,1034
平成26,2014,都筑区,出生,女,1023
平成26,2014,都筑区,死亡,総数,1078
平成26,2014,都筑区,死亡,男,566
平成26,2014,都筑区,死亡,女,512
平成26,2014,都筑区,人口増減率,,0.53667
平成26,2014,都筑区,社会増減率,,0.06965
平成26,2014,都筑区,自然増減率,,0.46702
平成26,2014,戸塚区,世帯数増減,,969
平成26,2014,戸塚区,人口増減,総数,446
平成26,2014,戸塚区,人口増減,男,-98
平成26,2014,戸塚区,人口増減,女,544
平成26,2014,戸塚区,社会増減,総数,247
平成26,2014,戸塚区,社会増減,男,-156
平成26,2014,戸塚区,社会増減,女,403
平成26,2014,戸塚区,市外移動_転入,総数,8551
平成26,2014,戸塚区,市外移動_転入,男,4617
平成26,2014,戸塚区,市外移動_転入,女,3934
平成26,2014,戸塚区,市外移動_転出,総数,8332
平成26,2014,戸塚区,市外移動_転出,男,4691
平成26,2014,戸塚区,市外移動_転出,女,3641
平成26,2014,戸塚区,市内移動_転入,総数,4663
平成26,2014,戸塚区,市内移動_転入,男,2353
平成26,2014,戸塚区,市内移動_転入,女,2310
平成26,2014,戸塚区,市内移動_転出,総数,4625
平成26,2014,戸塚区,市内移動_転出,男,2396
平成26,2014,戸塚区,市内移動_転出,女,2229
平成26,2014,戸塚区,その他増減,総数,-10
平成26,2014,戸塚区,その他増減,男,-39
平成26,2014,戸塚区,その他増減,女,29
平成26,2014,戸塚区,自然増減,総数,199
平成26,2014,戸塚区,自然増減,男,58
平成26,2014,戸塚区,自然増減,女,141
平成26,2014,戸塚区,出生,総数,2290
平成26,2014,戸塚区,出生,男,1176
平成26,2014,戸塚区,出生,女,1114
平成26,2014,戸塚区,死亡,総数,2091
平成26,2014,戸塚区,死亡,男,1118
平成26,2014,戸塚区,死亡,女,973
平成26,2014,戸塚区,人口増減率,,0.1628
平成26,2014,戸塚区,社会増減率,,0.09016
平成26,2014,戸塚区,自然増減率,,0.07264
平成26,2014,栄区,世帯数増減,,112
平成26,2014,栄区,人口増減,総数,-890
平成26,2014,栄区,人口増減,男,-497
平成26,2014,栄区,人口増減,女,-393
平成26,2014,栄区,社会増減,総数,-787
平成26,2014,栄区,社会増減,男,-392
平成26,2014,栄区,社会増減,女,-395
平成26,2014,栄区,市外移動_転入,総数,3851
平成26,2014,栄区,市外移動_転入,男,2192
平成26,2014,栄区,市外移動_転入,女,1659
平成26,2014,栄区,市外移動_転出,総数,4174
平成26,2014,栄区,市外移動_転出,男,2336
平成26,2014,栄区,市外移動_転出,女,1838
平成26,2014,栄区,市内移動_転入,総数,2001
平成26,2014,栄区,市内移動_転入,男,1065
平成26,2014,栄区,市内移動_転入,女,936
平成26,2014,栄区,市内移動_転出,総数,2490
平成26,2014,栄区,市内移動_転出,男,1309
平成26,2014,栄区,市内移動_転出,女,1181
平成26,2014,栄区,その他増減,総数,25
平成26,2014,栄区,その他増減,男,-4
平成26,2014,栄区,その他増減,女,29
平成26,2014,栄区,自然増減,総数,-103
平成26,2014,栄区,自然増減,男,-105
平成26,2014,栄区,自然増減,女,2
平成26,2014,栄区,出生,総数,889
平成26,2014,栄区,出生,男,452
平成26,2014,栄区,出生,女,437
平成26,2014,栄区,死亡,総数,992
平成26,2014,栄区,死亡,男,557
平成26,2014,栄区,死亡,女,435
平成26,2014,栄区,人口増減率,,-0.72254
平成26,2014,栄区,社会増減率,,-0.63892
平成26,2014,栄区,自然増減率,,-0.08362
平成26,2014,泉区,世帯数増減,,394
平成26,2014,泉区,人口増減,総数,-407
平成26,2014,泉区,人口増減,男,-229
平成26,2014,泉区,人口増減,女,-178
平成26,2014,泉区,社会増減,総数,-278
平成26,2014,泉区,社会増減,男,-125
平成26,2014,泉区,社会増減,女,-153
平成26,2014,泉区,市外移動_転入,総数,3580
平成26,2014,泉区,市外移動_転入,男,1873
平成26,2014,泉区,市外移動_転入,女,1707
平成26,2014,泉区,市外移動_転出,総数,4068
平成26,2014,泉区,市外移動_転出,男,2162
平成26,2014,泉区,市外移動_転出,女,1906
平成26,2014,泉区,市内移動_転入,総数,2839
平成26,2014,泉区,市内移動_転入,男,1446
平成26,2014,泉区,市内移動_転入,女,1393
平成26,2014,泉区,市内移動_転出,総数,2659
平成26,2014,泉区,市内移動_転出,男,1287
平成26,2014,泉区,市内移動_転出,女,1372
平成26,2014,泉区,その他増減,総数,30
平成26,2014,泉区,その他増減,男,5
平成26,2014,泉区,その他増減,女,25
平成26,2014,泉区,自然増減,総数,-129
平成26,2014,泉区,自然増減,男,-104
平成26,2014,泉区,自然増減,女,-25
平成26,2014,泉区,出生,総数,1177
平成26,2014,泉区,出生,男,608
平成26,2014,泉区,出生,女,569
平成26,2014,泉区,死亡,総数,1306
平成26,2014,泉区,死亡,男,712
平成26,2014,泉区,死亡,女,594
平成26,2014,泉区,人口増減率,,-0.26291
平成26,2014,泉区,社会増減率,,-0.17958
平成26,2014,泉区,自然増減率,,-0.08333
平成26,2014,瀬谷区,世帯数増減,,290
平成26,2014,瀬谷区,人口増減,総数,-273
平成26,2014,瀬谷区,人口増減,男,-188
平成26,2014,瀬谷区,人口増減,女,-85
平成26,2014,瀬谷区,社会増減,総数,-24
平成26,2014,瀬谷区,社会増減,男,-36
平成26,2014,瀬谷区,社会増減,女,12
平成26,2014,瀬谷区,市外移動_転入,総数,3080
平成26,2014,瀬谷区,市外移動_転入,男,1641
平成26,2014,瀬谷区,市外移動_転入,女,1439
平成26,2014,瀬谷区,市外移動_転出,総数,3332
平成26,2014,瀬谷区,市外移動_転出,男,1801
平成26,2014,瀬谷区,市外移動_転出,女,1531
平成26,2014,瀬谷区,市内移動_転入,総数,2315
平成26,2014,瀬谷区,市内移動_転入,男,1160
平成26,2014,瀬谷区,市内移動_転入,女,1155
平成26,2014,瀬谷区,市内移動_転出,総数,2091
平成26,2014,瀬谷区,市内移動_転出,男,1037
平成26,2014,瀬谷区,市内移動_転出,女,1054
平成26,2014,瀬谷区,その他増減,総数,4
平成26,2014,瀬谷区,その他増減,男,1
平成26,2014,瀬谷区,その他増減,女,3
平成26,2014,瀬谷区,自然増減,総数,-249
平成26,2014,瀬谷区,自然増減,男,-152
平成26,2014,瀬谷区,自然増減,女,-97
平成26,2014,瀬谷区,出生,総数,969
平成26,2014,瀬谷区,出生,男,481
平成26,2014,瀬谷区,出生,女,488
平成26,2014,瀬谷区,死亡,総数,1218
平成26,2014,瀬谷区,死亡,男,633
平成26,2014,瀬谷区,死亡,女,585
平成26,2014,瀬谷区,人口増減率,,-0.21736
平成26,2014,瀬谷区,社会増減率,,-0.01911
平成26,2014,瀬谷区,自然増減率,,-0.19825
平成27,2015,鶴見区,世帯数増減,,1581
平成27,2015,鶴見区,人口増減,総数,1742
平成27,2015,鶴見区,人口増減,男,694
平成27,2015,鶴見区,人口増減,女,1048
平成27,2015,鶴見区,社会増減,総数,1196
平成27,2015,鶴見区,社会増減,男,583
平成27,2015,鶴見区,社会増減,女,613
平成27,2015,鶴見区,市外移動_転入,総数,13746
平成27,2015,鶴見区,市外移動_転入,男,7812
平成27,2015,鶴見区,市外移動_転入,女,5934
平成27,2015,鶴見区,市外移動_転出,総数,12072
平成27,2015,鶴見区,市外移動_転出,男,6867
平成27,2015,鶴見区,市外移動_転出,女,5205
平成27,2015,鶴見区,市内移動_転入,総数,3695
平成27,2015,鶴見区,市内移動_転入,男,1930
平成27,2015,鶴見区,市内移動_転入,女,1765
平成27,2015,鶴見区,市内移動_転出,総数,3971
平成27,2015,鶴見区,市内移動_転出,男,2107
平成27,2015,鶴見区,市内移動_転出,女,1864
平成27,2015,鶴見区,その他増減,総数,-202
平成27,2015,鶴見区,その他増減,男,-185
平成27,2015,鶴見区,その他増減,女,-17
平成27,2015,鶴見区,自然増減,総数,546
平成27,2015,鶴見区,自然増減,男,111
平成27,2015,鶴見区,自然増減,女,435
平成27,2015,鶴見区,出生,総数,2815
平成27,2015,鶴見区,出生,男,1384
平成27,2015,鶴見区,出生,女,1431
平成27,2015,鶴見区,死亡,総数,2269
平成27,2015,鶴見区,死亡,男,1273
平成27,2015,鶴見区,死亡,女,996
平成27,2015,鶴見区,人口増減率,,0.61755
平成27,2015,鶴見区,社会増減率,,0.42399
平成27,2015,鶴見区,自然増減率,,0.19356
平成27,2015,神奈川区,世帯数増減,,1887
平成27,2015,神奈川区,人口増減,総数,2231
平成27,2015,神奈川区,人口増減,男,1133
平成27,2015,神奈川区,人口増減,女,1098
平成27,2015,神奈川区,社会増減,総数,2036
平成27,2015,神奈川区,社会増減,男,1051
平成27,2015,神奈川区,社会増減,女,985
平成27,2015,神奈川区,市外移動_転入,総数,11629
平成27,2015,神奈川区,市外移動_転入,男,6563
平成27,2015,神奈川区,市外移動_転入,女,5066
平成27,2015,神奈川区,市外移動_転出,総数,9496
平成27,2015,神奈川区,市外移動_転出,男,5363
平成27,2015,神奈川区,市外移動_転出,女,4133
平成27,2015,神奈川区,市内移動_転入,総数,6313
平成27,2015,神奈川区,市内移動_転入,男,3283
平成27,2015,神奈川区,市内移動_転入,女,3030
平成27,2015,神奈川区,市内移動_転出,総数,6374
平成27,2015,神奈川区,市内移動_転出,男,3389
平成27,2015,神奈川区,市内移動_転出,女,2985
平成27,2015,神奈川区,その他増減,総数,-36
平成27,2015,神奈川区,その他増減,男,-43
平成27,2015,神奈川区,その他増減,女,7
平成27,2015,神奈川区,自然増減,総数,195
平成27,2015,神奈川区,自然増減,男,82
平成27,2015,神奈川区,自然増減,女,113
平成27,2015,神奈川区,出生,総数,2126
平成27,2015,神奈川区,出生,男,1119
平成27,2015,神奈川区,出生,女,1007
平成27,2015,神奈川区,死亡,総数,1931
平成27,2015,神奈川区,死亡,男,1037
平成27,2015,神奈川区,死亡,女,894
平成27,2015,神奈川区,人口増減率,,0.94574
平成27,2015,神奈川区,社会増減率,,0.86307
平成27,2015,神奈川区,自然増減率,,0.08266
平成27,2015,西区,世帯数増減,,450
平成27,2015,西区,人口増減,総数,408
平成27,2015,西区,人口増減,男,84
平成27,2015,西区,人口増減,女,324
平成27,2015,西区,社会増減,総数,378
平成27,2015,西区,社会増減,男,51
平成27,2015,西区,社会増減,女,327
平成27,2015,西区,市外移動_転入,総数,5763
平成27,2015,西区,市外移動_転入,男,3179
平成27,2015,西区,市外移動_転入,女,2584
平成27,2015,西区,市外移動_転出,総数,4708
平成27,2015,西区,市外移動_転出,男,2616
平成27,2015,西区,市外移動_転出,女,2092
平成27,2015,西区,市内移動_転入,総数,3332
平成27,2015,西区,市内移動_転入,男,1693
平成27,2015,西区,市内移動_転入,女,1639
平成27,2015,西区,市内移動_転出,総数,3628
平成27,2015,西区,市内移動_転出,男,1943
平成27,2015,西区,市内移動_転出,女,1685
平成27,2015,西区,その他増減,総数,-381
平成27,2015,西区,その他増減,男,-262
平成27,2015,西区,その他増減,女,-119
平成27,2015,西区,自然増減,総数,30
平成27,2015,西区,自然増減,男,33
平成27,2015,西区,自然増減,女,-3
平成27,2015,西区,出生,総数,849
平成27,2015,西区,出生,男,447
平成27,2015,西区,出生,女,402
平成27,2015,西区,死亡,総数,819
平成27,2015,西区,死亡,男,414
平成27,2015,西区,死亡,女,405
平成27,2015,西区,人口増減率,,0.41756
平成27,2015,西区,社会増減率,,0.38686
平成27,2015,西区,自然増減率,,0.0307
平成27,2015,中区,世帯数増減,,972
平成27,2015,中区,人口増減,総数,1276
平成27,2015,中区,人口増減,男,640
平成27,2015,中区,人口増減,女,636
平成27,2015,中区,社会増減,総数,1696
平成27,2015,中区,社会増減,男,1004
平成27,2015,中区,社会増減,女,692
平成27,2015,中区,市外移動_転入,総数,9120
平成27,2015,中区,市外移動_転入,男,5239
平成27,2015,中区,市外移動_転入,女,3881
平成27,2015,中区,市外移動_転出,総数,7191
平成27,2015,中区,市外移動_転出,男,4134
平成27,2015,中区,市外移動_転出,女,3057
平成27,2015,中区,市内移動_転入,総数,5240
平成27,2015,中区,市内移動_転入,男,2877
平成27,2015,中区,市内移動_転入,女,2363
平成27,2015,中区,市内移動_転出,総数,5017
平成27,2015,中区,市内移動_転出,男,2695
平成27,2015,中区,市内移動_転出,女,2322
平成27,2015,中区,その他増減,総数,-456
平成27,2015,中区,その他増減,男,-283
平成27,2015,中区,その他増減,女,-173
平成27,2015,中区,自然増減,総数,-420
平成27,2015,中区,自然増減,男,-364
平成27,2015,中区,自然増減,女,-56
平成27,2015,中区,出生,総数,1130
平成27,2015,中区,出生,男,572
平成27,2015,中区,出生,女,558
平成27,2015,中区,死亡,総数,1550
平成27,2015,中区,死亡,男,936
平成27,2015,中区,死亡,女,614
平成27,2015,中区,人口増減率,,0.8645
平成27,2015,中区,社会増減率,,1.14905
平成27,2015,中区,自然増減率,,-0.28455
平成27,2015,南区,世帯数増減,,479
平成27,2015,南区,人口増減,総数,-201
平成27,2015,南区,人口増減,男,-57
平成27,2015,南区,人口増減,女,-144
平成27,2015,南区,社会増減,総数,516
平成27,2015,南区,社会増減,男,329
平成27,2015,南区,社会増減,女,187
平成27,2015,南区,市外移動_転入,総数,7064
平成27,2015,南区,市外移動_転入,男,3877
平成27,2015,南区,市外移動_転入,女,3187
平成27,2015,南区,市外移動_転出,総数,6178
平成27,2015,南区,市外移動_転出,男,3346
平成27,2015,南区,市外移動_転出,女,2832
平成27,2015,南区,市内移動_転入,総数,5877
平成27,2015,南区,市内移動_転入,男,3047
平成27,2015,南区,市内移動_転入,女,2830
平成27,2015,南区,市内移動_転出,総数,5829
平成27,2015,南区,市内移動_転出,男,2972
平成27,2015,南区,市内移動_転出,女,2857
平成27,2015,南区,その他増減,総数,-418
平成27,2015,南区,その他増減,男,-277
平成27,2015,南区,その他増減,女,-141
平成27,2015,南区,自然増減,総数,-717
平成27,2015,南区,自然増減,男,-386
平成27,2015,南区,自然増減,女,-331
平成27,2015,南区,出生,総数,1363
平成27,2015,南区,出生,男,715
平成27,2015,南区,出生,女,648
平成27,2015,南区,死亡,総数,2080
平成27,2015,南区,死亡,男,1101
平成27,2015,南区,死亡,女,979
平成27,2015,南区,人口増減率,,-0.10341
平成27,2015,南区,社会増減率,,0.26548
平成27,2015,南区,自然増減率,,-0.3689
平成27,2015,港南区,世帯数増減,,369
平成27,2015,港南区,人口増減,総数,-1130
平成27,2015,港南区,人口増減,男,-774
平成27,2015,港南区,人口増減,女,-356
平成27,2015,港南区,社会増減,総数,-684
平成27,2015,港南区,社会増減,男,-468
平成27,2015,港南区,社会増減,女,-216
平成27,2015,港南区,市外移動_転入,総数,5132
平成27,2015,港南区,市外移動_転入,男,2756
平成27,2015,港南区,市外移動_転入,女,2376
平成27,2015,港南区,市外移動_転出,総数,5457
平成27,2015,港南区,市外移動_転出,男,3038
平成27,2015,港南区,市外移動_転出,女,2419
平成27,2015,港南区,市内移動_転入,総数,4252
平成27,2015,港南区,市内移動_転入,男,2139
平成27,2015,港南区,市内移動_転入,女,2113
平成27,2015,港南区,市内移動_転出,総数,4544
平成27,2015,港南区,市内移動_転出,男,2261
平成27,2015,港南区,市内移動_転出,女,2283
平成27,2015,港南区,その他増減,総数,-67
平成27,2015,港南区,その他増減,男,-64
平成27,2015,港南区,その他増減,女,-3
平成27,2015,港南区,自然増減,総数,-446
平成27,2015,港南区,自然増減,男,-306
平成27,2015,港南区,自然増減,女,-140
平成27,2015,港南区,出生,総数,1481
平成27,2015,港南区,出生,男,780
平成27,2015,港南区,出生,女,701
平成27,2015,港南区,死亡,総数,1927
平成27,2015,港南区,死亡,男,1086
平成27,2015,港南区,死亡,女,841
平成27,2015,港南区,人口増減率,,-0.52142
平成27,2015,港南区,社会増減率,,-0.31562
平成27,2015,港南区,自然増減率,,-0.2058
平成27,2015,保土ケ谷区,世帯数増減,,826
平成27,2015,保土ケ谷区,人口増減,総数,13
平成27,2015,保土ケ谷区,人口増減,男,-79
平成27,2015,保土ケ谷区,人口増減,女,92
平成27,2015,保土ケ谷区,社会増減,総数,485
平成27,2015,保土ケ谷区,社会増減,男,182
平成27,2015,保土ケ谷区,社会増減,女,303
平成27,2015,保土ケ谷区,市外移動_転入,総数,7019
平成27,2015,保土ケ谷区,市外移動_転入,男,3965
平成27,2015,保土ケ谷区,市外移動_転入,女,3054
平成27,2015,保土ケ谷区,市外移動_転出,総数,6410
平成27,2015,保土ケ谷区,市外移動_転出,男,3670
平成27,2015,保土ケ谷区,市外移動_転出,女,2740
平成27,2015,保土ケ谷区,市内移動_転入,総数,4915
平成27,2015,保土ケ谷区,市内移動_転入,男,2486
平成27,2015,保土ケ谷区,市内移動_転入,女,2429
平成27,2015,保土ケ谷区,市内移動_転出,総数,5012
平成27,2015,保土ケ谷区,市内移動_転出,男,2567
平成27,2015,保土ケ谷区,市内移動_転出,女,2445
平成27,2015,保土ケ谷区,その他増減,総数,-27
平成27,2015,保土ケ谷区,その他増減,男,-32
平成27,2015,保土ケ谷区,その他増減,女,5
平成27,2015,保土ケ谷区,自然増減,総数,-472
平成27,2015,保土ケ谷区,自然増減,男,-261
平成27,2015,保土ケ谷区,自然増減,女,-211
平成27,2015,保土ケ谷区,出生,総数,1444
平成27,2015,保土ケ谷区,出生,男,733
平成27,2015,保土ケ谷区,出生,女,711
平成27,2015,保土ケ谷区,死亡,総数,1916
平成27,2015,保土ケ谷区,死亡,男,994
平成27,2015,保土ケ谷区,死亡,女,922
平成27,2015,保土ケ谷区,人口増減率,,0.00635
平成27,2015,保土ケ谷区,社会増減率,,0.23685
平成27,2015,保土ケ谷区,自然増減率,,-0.2305
平成27,2015,旭区,世帯数増減,,653
平成27,2015,旭区,人口増減,総数,-845
平成27,2015,旭区,人口増減,男,-538
平成27,2015,旭区,人口増減,女,-307
平成27,2015,旭区,社会増減,総数,-125
平成27,2015,旭区,社会増減,男,-72
平成27,2015,旭区,社会増減,女,-53
平成27,2015,旭区,市外移動_転入,総数,5643
平成27,2015,旭区,市外移動_転入,男,2949
平成27,2015,旭区,市外移動_転入,女,2694
平成27,2015,旭区,市外移動_転出,総数,6195
平成27,2015,旭区,市外移動_転出,男,3322
平成27,2015,旭区,市外移動_転出,女,2873
平成27,2015,旭区,市内移動_転入,総数,4722
平成27,2015,旭区,市内移動_転入,男,2471
平成27,2015,旭区,市内移動_転入,女,2251
平成27,2015,旭区,市内移動_転出,総数,4285
平成27,2015,旭区,市内移動_転出,男,2135
平成27,2015,旭区,市内移動_転出,女,2150
平成27,2015,旭区,その他増減,総数,-10
平成27,2015,旭区,その他増減,男,-35
平成27,2015,旭区,その他増減,女,25
平成27,2015,旭区,自然増減,総数,-720
平成27,2015,旭区,自然増減,男,-466
平成27,2015,旭区,自然増減,女,-254
平成27,2015,旭区,出生,総数,1688
平成27,2015,旭区,出生,男,854
平成27,2015,旭区,出生,女,834
平成27,2015,旭区,死亡,総数,2408
平成27,2015,旭区,死亡,男,1320
平成27,2015,旭区,死亡,女,1088
平成27,2015,旭区,人口増減率,,-0.34085
平成27,2015,旭区,社会増減率,,-0.05042
平成27,2015,旭区,自然増減率,,-0.29043
平成27,2015,磯子区,世帯数増減,,1181
平成27,2015,磯子区,人口増減,総数,1591
平成27,2015,磯子区,人口増減,男,822
平成27,2015,磯子区,人口増減,女,769
平成27,2015,磯子区,社会増減,総数,1692
平成27,2015,磯子区,社会増減,男,901
平成27,2015,磯子区,社会増減,女,791
平成27,2015,磯子区,市外移動_転入,総数,5364
平成27,2015,磯子区,市外移動_転入,男,2915
平成27,2015,磯子区,市外移動_転入,女,2449
平成27,2015,磯子区,市外移動_転出,総数,4598
平成27,2015,磯子区,市外移動_転出,男,2524
平成27,2015,磯子区,市外移動_転出,女,2074
平成27,2015,磯子区,市内移動_転入,総数,4748
平成27,2015,磯子区,市内移動_転入,男,2431
平成27,2015,磯子区,市内移動_転入,女,2317
平成27,2015,磯子区,市内移動_転出,総数,3861
平成27,2015,磯子区,市内移動_転出,男,1928
平成27,2015,磯子区,市内移動_転出,女,1933
平成27,2015,磯子区,その他増減,総数,39
平成27,2015,磯子区,その他増減,男,7
平成27,2015,磯子区,その他増減,女,32
平成27,2015,磯子区,自然増減,総数,-101
平成27,2015,磯子区,自然増減,男,-79
平成27,2015,磯子区,自然増減,女,-22
平成27,2015,磯子区,出生,総数,1424
平成27,2015,磯子区,出生,男,737
平成27,2015,磯子区,出生,女,687
平成27,2015,磯子区,死亡,総数,1525
平成27,2015,磯子区,死亡,男,816
平成27,2015,磯子区,死亡,女,709
平成27,2015,磯子区,人口増減率,,0.97094
平成27,2015,磯子区,社会増減率,,1.03258
平成27,2015,磯子区,自然増減率,,-0.06164
平成27,2015,金沢区,世帯数増減,,67
平成27,2015,金沢区,人口増減,総数,-1542
平成27,2015,金沢区,人口増減,男,-813
平成27,2015,金沢区,人口増減,女,-729
平成27,2015,金沢区,社会増減,総数,-1146
平成27,2015,金沢区,社会増減,男,-588
平成27,2015,金沢区,社会増減,女,-558
平成27,2015,金沢区,市外移動_転入,総数,6041
平成27,2015,金沢区,市外移動_転入,男,3257
平成27,2015,金沢区,市外移動_転入,女,2784
平成27,2015,金沢区,市外移動_転出,総数,6471
平成27,2015,金沢区,市外移動_転出,男,3470
平成27,2015,金沢区,市外移動_転出,女,3001
平成27,2015,金沢区,市内移動_転入,総数,2395
平成27,2015,金沢区,市内移動_転入,男,1191
平成27,2015,金沢区,市内移動_転入,女,1204
平成27,2015,金沢区,市内移動_転出,総数,3032
平成27,2015,金沢区,市内移動_転出,男,1506
平成27,2015,金沢区,市内移動_転出,女,1526
平成27,2015,金沢区,その他増減,総数,-79
平成27,2015,金沢区,その他増減,男,-60
平成27,2015,金沢区,その他増減,女,-19
平成27,2015,金沢区,自然増減,総数,-396
平成27,2015,金沢区,自然増減,男,-225
平成27,2015,金沢区,自然増減,女,-171
平成27,2015,金沢区,出生,総数,1397
平成27,2015,金沢区,出生,男,721
平成27,2015,金沢区,出生,女,676
平成27,2015,金沢区,死亡,総数,1793
平成27,2015,金沢区,死亡,男,946
平成27,2015,金沢区,死亡,女,847
平成27,2015,金沢区,人口増減率,,-0.75872
平成27,2015,金沢区,社会増減率,,-0.56387
平成27,2015,金沢区,自然増減率,,-0.19485
平成27,2015,港北区,世帯数増減,,1520
平成27,2015,港北区,人口増減,総数,1957
平成27,2015,港北区,人口増減,男,762
平成27,2015,港北区,人口増減,女,1195
平成27,2015,港北区,社会増減,総数,621
平成27,2015,港北区,社会増減,男,95
平成27,2015,港北区,社会増減,女,526
平成27,2015,港北区,市外移動_転入,総数,18596
平成27,2015,港北区,市外移動_転入,男,9912
平成27,2015,港北区,市外移動_転入,女,8684
平成27,2015,港北区,市外移動_転出,総数,17089
平成27,2015,港北区,市外移動_転出,男,9358
平成27,2015,港北区,市外移動_転出,女,7731
平成27,2015,港北区,市内移動_転入,総数,5646
平成27,2015,港北区,市内移動_転入,男,2904
平成27,2015,港北区,市内移動_転入,女,2742
平成27,2015,港北区,市内移動_転出,総数,6652
平成27,2015,港北区,市内移動_転出,男,3390
平成27,2015,港北区,市内移動_転出,女,3262
平成27,2015,港北区,その他増減,総数,120
平成27,2015,港北区,その他増減,男,27
平成27,2015,港北区,その他増減,女,93
平成27,2015,港北区,自然増減,総数,1336
平成27,2015,港北区,自然増減,男,667
平成27,2015,港北区,自然増減,女,669
平成27,2015,港北区,出生,総数,3698
平成27,2015,港北区,出生,男,1903
平成27,2015,港北区,出生,女,1795
平成27,2015,港北区,死亡,総数,2362
平成27,2015,港北区,死亡,男,1236
平成27,2015,港北区,死亡,女,1126
平成27,2015,港北区,人口増減率,,0.57267
平成27,2015,港北区,社会増減率,,0.18172
平成27,2015,港北区,自然増減率,,0.39095
平成27,2015,緑区,世帯数増減,,858
平成27,2015,緑区,人口増減,総数,791
平成27,2015,緑区,人口増減,男,340
平成27,2015,緑区,人口増減,女,451
平成27,2015,緑区,社会増減,総数,468
平成27,2015,緑区,社会増減,男,204
平成27,2015,緑区,社会増減,女,264
平成27,2015,緑区,市外移動_転入,総数,6143
平成27,2015,緑区,市外移動_転入,男,3263
平成27,2015,緑区,市外移動_転入,女,2880
平成27,2015,緑区,市外移動_転出,総数,6350
平成27,2015,緑区,市外移動_転出,男,3418
平成27,2015,緑区,市外移動_転出,女,2932
平成27,2015,緑区,市内移動_転入,総数,3984
平成27,2015,緑区,市内移動_転入,男,2081
平成27,2015,緑区,市内移動_転入,女,1903
平成27,2015,緑区,市内移動_転出,総数,3262
平成27,2015,緑区,市内移動_転出,男,1666
平成27,2015,緑区,市内移動_転出,女,1596
平成27,2015,緑区,その他増減,総数,-47
平成27,2015,緑区,その他増減,男,-56
平成27,2015,緑区,その他増減,女,9
平成27,2015,緑区,自然増減,総数,323
平成27,2015,緑区,自然増減,男,136
平成27,2015,緑区,自然増減,女,187
平成27,2015,緑区,出生,総数,1576
平成27,2015,緑区,出生,男,808
平成27,2015,緑区,出生,女,768
平成27,2015,緑区,死亡,総数,1253
平成27,2015,緑区,死亡,男,672
平成27,2015,緑区,死亡,女,581
平成27,2015,緑区,人口増減率,,0.44064
平成27,2015,緑区,社会増減率,,0.26071
平成27,2015,緑区,自然増減率,,0.17993
平成27,2015,青葉区,世帯数増減,,989
平成27,2015,青葉区,人口増減,総数,852
平成27,2015,青葉区,人口増減,男,99
平成27,2015,青葉区,人口増減,女,753
平成27,2015,青葉区,社会増減,総数,130
平成27,2015,青葉区,社会増減,男,-244
平成27,2015,青葉区,社会増減,女,374
平成27,2015,青葉区,市外移動_転入,総数,14862
平成27,2015,青葉区,市外移動_転入,男,7681
平成27,2015,青葉区,市外移動_転入,女,7181
平成27,2015,青葉区,市外移動_転出,総数,15050
平成27,2015,青葉区,市外移動_転出,男,8018
平成27,2015,青葉区,市外移動_転出,女,7032
平成27,2015,青葉区,市内移動_転入,総数,3247
平成27,2015,青葉区,市内移動_転入,男,1642
平成27,2015,青葉区,市内移動_転入,女,1605
平成27,2015,青葉区,市内移動_転出,総数,3134
平成27,2015,青葉区,市内移動_転出,男,1609
平成27,2015,青葉区,市内移動_転出,女,1525
平成27,2015,青葉区,その他増減,総数,205
平成27,2015,青葉区,その他増減,男,60
平成27,2015,青葉区,その他増減,女,145
平成27,2015,青葉区,自然増減,総数,722
平成27,2015,青葉区,自然増減,男,343
平成27,2015,青葉区,自然増減,女,379
平成27,2015,青葉区,出生,総数,2596
平成27,2015,青葉区,出生,男,1331
平成27,2015,青葉区,出生,女,1265
平成27,2015,青葉区,死亡,総数,1874
平成27,2015,青葉区,死亡,男,988
平成27,2015,青葉区,死亡,女,886
平成27,2015,青葉区,人口増減率,,0.27584
平成27,2015,青葉区,社会増減率,,0.04209
平成27,2015,青葉区,自然増減率,,0.23375
平成27,2015,都筑区,世帯数増減,,1124
平成27,2015,都筑区,人口増減,総数,1384
平成27,2015,都筑区,人口増減,男,561
平成27,2015,都筑区,人口増減,女,823
平成27,2015,都筑区,社会増減,総数,463
平成27,2015,都筑区,社会増減,男,93
平成27,2015,都筑区,社会増減,女,370
平成27,2015,都筑区,市外移動_転入,総数,8532
平成27,2015,都筑区,市外移動_転入,男,4486
平成27,2015,都筑区,市外移動_転入,女,4046
平成27,2015,都筑区,市外移動_転出,総数,8200
平成27,2015,都筑区,市外移動_転出,男,4415
平成27,2015,都筑区,市外移動_転出,女,3785
平成27,2015,都筑区,市内移動_転入,総数,4058
平成27,2015,都筑区,市内移動_転入,男,2051
平成27,2015,都筑区,市内移動_転入,女,2007
平成27,2015,都筑区,市内移動_転出,総数,3866
平成27,2015,都筑区,市内移動_転出,男,1955
平成27,2015,都筑区,市内移動_転出,女,1911
平成27,2015,都筑区,その他増減,総数,-61
平成27,2015,都筑区,その他増減,男,-74
平成27,2015,都筑区,その他増減,女,13
平成27,2015,都筑区,自然増減,総数,921
平成27,2015,都筑区,自然増減,男,468
平成27,2015,都筑区,自然増減,女,453
平成27,2015,都筑区,出生,総数,2014
平成27,2015,都筑区,出生,男,1059
平成27,2015,都筑区,出生,女,955
平成27,2015,都筑区,死亡,総数,1093
平成27,2015,都筑区,死亡,男,591
平成27,2015,都筑区,死亡,女,502
平成27,2015,都筑区,人口増減率,,0.6567
平成27,2015,都筑区,社会増減率,,0.21969
平成27,2015,都筑区,自然増減率,,0.43701
平成27,2015,戸塚区,世帯数増減,,1086
平成27,2015,戸塚区,人口増減,総数,617
平成27,2015,戸塚区,人口増減,男,198
平成27,2015,戸塚区,人口増減,女,419
平成27,2015,戸塚区,社会増減,総数,650
平成27,2015,戸塚区,社会増減,男,249
平成27,2015,戸塚区,社会増減,女,401
平成27,2015,戸塚区,市外移動_転入,総数,8952
平成27,2015,戸塚区,市外移動_転入,男,4921
平成27,2015,戸塚区,市外移動_転入,女,4031
平成27,2015,戸塚区,市外移動_転出,総数,8684
平成27,2015,戸塚区,市外移動_転出,男,4733
平成27,2015,戸塚区,市外移動_転出,女,3951
平成27,2015,戸塚区,市内移動_転入,総数,4755
平成27,2015,戸塚区,市内移動_転入,男,2362
平成27,2015,戸塚区,市内移動_転入,女,2393
平成27,2015,戸塚区,市内移動_転出,総数,4359
平成27,2015,戸塚区,市内移動_転出,男,2220
平成27,2015,戸塚区,市内移動_転出,女,2139
平成27,2015,戸塚区,その他増減,総数,-14
平成27,2015,戸塚区,その他増減,男,-81
平成27,2015,戸塚区,その他増減,女,67
平成27,2015,戸塚区,自然増減,総数,-33
平成27,2015,戸塚区,自然増減,男,-51
平成27,2015,戸塚区,自然増減,女,18
平成27,2015,戸塚区,出生,総数,2246
平成27,2015,戸塚区,出生,男,1160
平成27,2015,戸塚区,出生,女,1086
平成27,2015,戸塚区,死亡,総数,2279
平成27,2015,戸塚区,死亡,男,1211
平成27,2015,戸塚区,死亡,女,1068
平成27,2015,戸塚区,人口増減率,,0.22485
平成27,2015,戸塚区,社会増減率,,0.23687
平成27,2015,戸塚区,自然増減率,,-0.01203
平成27,2015,栄区,世帯数増減,,66
平成27,2015,栄区,人口増減,総数,-803
平成27,2015,栄区,人口増減,男,-502
平成27,2015,栄区,人口増減,女,-301
平成27,2015,栄区,社会増減,総数,-626
平成27,2015,栄区,社会増減,男,-391
平成27,2015,栄区,社会増減,女,-235
平成27,2015,栄区,市外移動_転入,総数,3833
平成27,2015,栄区,市外移動_転入,男,2219
平成27,2015,栄区,市外移動_転入,女,1614
平成27,2015,栄区,市外移動_転出,総数,4059
平成27,2015,栄区,市外移動_転出,男,2336
平成27,2015,栄区,市外移動_転出,女,1723
平成27,2015,栄区,市内移動_転入,総数,2025
平成27,2015,栄区,市内移動_転入,男,1102
平成27,2015,栄区,市内移動_転入,女,923
平成27,2015,栄区,市内移動_転出,総数,2463
平成27,2015,栄区,市内移動_転出,男,1395
平成27,2015,栄区,市内移動_転出,女,1068
平成27,2015,栄区,その他増減,総数,38
平成27,2015,栄区,その他増減,男,19
平成27,2015,栄区,その他増減,女,19
平成27,2015,栄区,自然増減,総数,-177
平成27,2015,栄区,自然増減,男,-111
平成27,2015,栄区,自然増減,女,-66
平成27,2015,栄区,出生,総数,885
平成27,2015,栄区,出生,男,467
平成27,2015,栄区,出生,女,418
平成27,2015,栄区,死亡,総数,1062
平成27,2015,栄区,死亡,男,578
平成27,2015,栄区,死亡,女,484
平成27,2015,栄区,人口増減率,,-0.65666
平成27,2015,栄区,社会増減率,,-0.51191
平成27,2015,栄区,自然増減率,,-0.14474
平成27,2015,泉区,世帯数増減,,398
平成27,2015,泉区,人口増減,総数,-636
平成27,2015,泉区,人口増減,男,-375
平成27,2015,泉区,人口増減,女,-261
平成27,2015,泉区,社会増減,総数,-416
平成27,2015,泉区,社会増減,男,-172
平成27,2015,泉区,社会増減,女,-244
平成27,2015,泉区,市外移動_転入,総数,3594
平成27,2015,泉区,市外移動_転入,男,1830
平成27,2015,泉区,市外移動_転入,女,1764
平成27,2015,泉区,市外移動_転出,総数,4251
平成27,2015,泉区,市外移動_転出,男,2198
平成27,2015,泉区,市外移動_転出,女,2053
平成27,2015,泉区,市内移動_転入,総数,2805
平成27,2015,泉区,市内移動_転入,男,1441
平成27,2015,泉区,市内移動_転入,女,1364
平成27,2015,泉区,市内移動_転出,総数,2669
平成27,2015,泉区,市内移動_転出,男,1296
平成27,2015,泉区,市内移動_転出,女,1373
平成27,2015,泉区,その他増減,総数,105
平成27,2015,泉区,その他増減,男,51
平成27,2015,泉区,その他増減,女,54
平成27,2015,泉区,自然増減,総数,-220
平成27,2015,泉区,自然増減,男,-203
平成27,2015,泉区,自然増減,女,-17
平成27,2015,泉区,出生,総数,1198
平成27,2015,泉区,出生,男,596
平成27,2015,泉区,出生,女,602
平成27,2015,泉区,死亡,総数,1418
平成27,2015,泉区,死亡,男,799
平成27,2015,泉区,死亡,女,619
平成27,2015,泉区,人口増減率,,-0.41192
平成27,2015,泉区,社会増減率,,-0.26943
平成27,2015,泉区,自然増減率,,-0.14249
平成27,2015,瀬谷区,世帯数増減,,142
平成27,2015,瀬谷区,人口増減,総数,-658
平成27,2015,瀬谷区,人口増減,男,-436
平成27,2015,瀬谷区,人口増減,女,-222
平成27,2015,瀬谷区,社会増減,総数,-482
平成27,2015,瀬谷区,社会増減,男,-330
平成27,2015,瀬谷区,社会増減,女,-152
平成27,2015,瀬谷区,市外移動_転入,総数,3002
平成27,2015,瀬谷区,市外移動_転入,男,1578
平成27,2015,瀬谷区,市外移動_転入,女,1424
平成27,2015,瀬谷区,市外移動_転出,総数,3495
平成27,2015,瀬谷区,市外移動_転出,男,1847
平成27,2015,瀬谷区,市外移動_転出,女,1648
平成27,2015,瀬谷区,市内移動_転入,総数,2133
平成27,2015,瀬谷区,市内移動_転入,男,1038
平成27,2015,瀬谷区,市内移動_転入,女,1095
平成27,2015,瀬谷区,市内移動_転出,総数,2085
平成27,2015,瀬谷区,市内移動_転出,男,1057
平成27,2015,瀬谷区,市内移動_転出,女,1028
平成27,2015,瀬谷区,その他増減,総数,-37
平成27,2015,瀬谷区,その他増減,男,-42
平成27,2015,瀬谷区,その他増減,女,5
平成27,2015,瀬谷区,自然増減,総数,-176
平成27,2015,瀬谷区,自然増減,男,-106
平成27,2015,瀬谷区,自然増減,女,-70
平成27,2015,瀬谷区,出生,総数,998
平成27,2015,瀬谷区,出生,男,512
平成27,2015,瀬谷区,出生,女,486
平成27,2015,瀬谷区,死亡,総数,1174
平成27,2015,瀬谷区,死亡,男,618
平成27,2015,瀬谷区,死亡,女,556
平成27,2015,瀬谷区,人口増減率,,-0.52503
平成27,2015,瀬谷区,社会増減率,,-0.3846
平成27,2015,瀬谷区,自然増減率,,-0.14043
平成28,2016,鶴見区,世帯数増減,,1800
平成28,2016,鶴見区,人口増減,総数,2195
平成28,2016,鶴見区,人口増減,男,1014
平成28,2016,鶴見区,人口増減,女,1181
平成28,2016,鶴見区,社会増減,総数,1882
平成28,2016,鶴見区,社会増減,男,944
平成28,2016,鶴見区,社会増減,女,938
平成28,2016,鶴見区,市外移動_転入,総数,14096
平成28,2016,鶴見区,市外移動_転入,男,8110
平成28,2016,鶴見区,市外移動_転入,女,5986
平成28,2016,鶴見区,市外移動_転出,総数,12377
平成28,2016,鶴見区,市外移動_転出,男,7170
平成28,2016,鶴見区,市外移動_転出,女,5207
平成28,2016,鶴見区,市内移動_転入,総数,3706
平成28,2016,鶴見区,市内移動_転入,男,1958
平成28,2016,鶴見区,市内移動_転入,女,1748
平成28,2016,鶴見区,市内移動_転出,総数,3546
平成28,2016,鶴見区,市内移動_転出,男,1930
平成28,2016,鶴見区,市内移動_転出,女,1616
平成28,2016,鶴見区,その他増減,総数,3
平成28,2016,鶴見区,その他増減,男,-24
平成28,2016,鶴見区,その他増減,女,27
平成28,2016,鶴見区,自然増減,総数,313
平成28,2016,鶴見区,自然増減,男,70
平成28,2016,鶴見区,自然増減,女,243
平成28,2016,鶴見区,出生,総数,2680
平成28,2016,鶴見区,出生,男,1361
平成28,2016,鶴見区,出生,女,1319
平成28,2016,鶴見区,死亡,総数,2367
平成28,2016,鶴見区,死亡,男,1291
平成28,2016,鶴見区,死亡,女,1076
平成28,2016,鶴見区,人口増減率,,0.76948
平成28,2016,鶴見区,社会増減率,,0.65976
平成28,2016,鶴見区,自然増減率,,0.10973
平成28,2016,神奈川区,世帯数増減,,1478
平成28,2016,神奈川区,人口増減,総数,1030
平成28,2016,神奈川区,人口増減,男,536
平成28,2016,神奈川区,人口増減,女,494
平成28,2016,神奈川区,社会増減,総数,864
平成28,2016,神奈川区,社会増減,男,457
平成28,2016,神奈川区,社会増減,女,407
平成28,2016,神奈川区,市外移動_転入,総数,11138
平成28,2016,神奈川区,市外移動_転入,男,6148
平成28,2016,神奈川区,市外移動_転入,女,4990
平成28,2016,神奈川区,市外移動_転出,総数,9690
平成28,2016,神奈川区,市外移動_転出,男,5372
平成28,2016,神奈川区,市外移動_転出,女,4318
平成28,2016,神奈川区,市内移動_転入,総数,5826
平成28,2016,神奈川区,市内移動_転入,男,3032
平成28,2016,神奈川区,市内移動_転入,女,2794
平成28,2016,神奈川区,市内移動_転出,総数,6407
平成28,2016,神奈川区,市内移動_転出,男,3324
平成28,2016,神奈川区,市内移動_転出,女,3083
平成28,2016,神奈川区,その他増減,総数,-3
平成28,2016,神奈川区,その他増減,男,-27
平成28,2016,神奈川区,その他増減,女,24
平成28,2016,神奈川区,自然増減,総数,166
平成28,2016,神奈川区,自然増減,男,79
平成28,2016,神奈川区,自然増減,女,87
平成28,2016,神奈川区,出生,総数,2123
平成28,2016,神奈川区,出生,男,1091
平成28,2016,神奈川区,出生,女,1032
平成28,2016,神奈川区,死亡,総数,1957
平成28,2016,神奈川区,死亡,男,1012
平成28,2016,神奈川区,死亡,女,945
平成28,2016,神奈川区,人口増減率,,0.43061
平成28,2016,神奈川区,社会増減率,,0.36121
平成28,2016,神奈川区,自然増減率,,0.0694
平成28,2016,西区,世帯数増減,,186
平成28,2016,西区,人口増減,総数,73
平成28,2016,西区,人口増減,男,52
平成28,2016,西区,人口増減,女,21
平成28,2016,西区,社会増減,総数,43
平成28,2016,西区,社会増減,男,46
平成28,2016,西区,社会増減,女,-3
平成28,2016,西区,市外移動_転入,総数,5290
平成28,2016,西区,市外移動_転入,男,2976
平成28,2016,西区,市外移動_転入,女,2314
平成28,2016,西区,市外移動_転出,総数,4612
平成28,2016,西区,市外移動_転出,男,2581
平成28,2016,西区,市外移動_転出,女,2031
平成28,2016,西区,市内移動_転入,総数,3203
平成28,2016,西区,市内移動_転入,男,1657
平成28,2016,西区,市内移動_転入,女,1546
平成28,2016,西区,市内移動_転出,総数,3735
平成28,2016,西区,市内移動_転出,男,1959
平成28,2016,西区,市内移動_転出,女,1776
平成28,2016,西区,その他増減,総数,-103
平成28,2016,西区,その他増減,男,-47
平成28,2016,西区,その他増減,女,-56
平成28,2016,西区,自然増減,総数,30
平成28,2016,西区,自然増減,男,6
平成28,2016,西区,自然増減,女,24
平成28,2016,西区,出生,総数,913
平成28,2016,西区,出生,男,460
平成28,2016,西区,出生,女,453
平成28,2016,西区,死亡,総数,883
平成28,2016,西区,死亡,男,454
平成28,2016,西区,死亡,女,429
平成28,2016,西区,人口増減率,,0.07406
平成28,2016,西区,社会増減率,,0.04362
平成28,2016,西区,自然増減率,,0.03043
平成28,2016,中区,世帯数増減,,410
平成28,2016,中区,人口増減,総数,407
平成28,2016,中区,人口増減,男,82
平成28,2016,中区,人口増減,女,325
平成28,2016,中区,社会増減,総数,899
平成28,2016,中区,社会増減,男,486
平成28,2016,中区,社会増減,女,413
平成28,2016,中区,市外移動_転入,総数,8496
平成28,2016,中区,市外移動_転入,男,4884
平成28,2016,中区,市外移動_転入,女,3612
平成28,2016,中区,市外移動_転出,総数,6756
平成28,2016,中区,市外移動_転出,男,3871
平成28,2016,中区,市外移動_転出,女,2885
平成28,2016,中区,市内移動_転入,総数,4218
平成28,2016,中区,市内移動_転入,男,2313
平成28,2016,中区,市内移動_転入,女,1905
平成28,2016,中区,市内移動_転出,総数,4680
平成28,2016,中区,市内移動_転出,男,2595
平成28,2016,中区,市内移動_転出,女,2085
平成28,2016,中区,その他増減,総数,-379
平成28,2016,中区,その他増減,男,-245
平成28,2016,中区,その他増減,女,-134
平成28,2016,中区,自然増減,総数,-492
平成28,2016,中区,自然増減,男,-404
平成28,2016,中区,自然増減,女,-88
平成28,2016,中区,出生,総数,1106
平成28,2016,中区,出生,男,579
平成28,2016,中区,出生,女,527
平成28,2016,中区,死亡,総数,1598
平成28,2016,中区,死亡,男,983
平成28,2016,中区,死亡,女,615
平成28,2016,中区,人口増減率,,0.27373
平成28,2016,中区,社会増減率,,0.60462
平成28,2016,中区,自然増減率,,-0.33089
平成28,2016,南区,世帯数増減,,856
平成28,2016,南区,人口増減,総数,158
平成28,2016,南区,人口増減,男,57
平成28,2016,南区,人口増減,女,101
平成28,2016,南区,社会増減,総数,995
平成28,2016,南区,社会増減,男,572
平成28,2016,南区,社会増減,女,423
平成28,2016,南区,市外移動_転入,総数,7213
平成28,2016,南区,市外移動_転入,男,3848
平成28,2016,南区,市外移動_転入,女,3365
平成28,2016,南区,市外移動_転出,総数,6107
平成28,2016,南区,市外移動_転出,男,3287
平成28,2016,南区,市外移動_転出,女,2820
平成28,2016,南区,市内移動_転入,総数,5582
平成28,2016,南区,市内移動_転入,男,2955
平成28,2016,南区,市内移動_転入,女,2627
平成28,2016,南区,市内移動_転出,総数,5537
平成28,2016,南区,市内移動_転出,男,2839
平成28,2016,南区,市内移動_転出,女,2698
平成28,2016,南区,その他増減,総数,-156
平成28,2016,南区,その他増減,男,-105
平成28,2016,南区,その他増減,女,-51
平成28,2016,南区,自然増減,総数,-837
平成28,2016,南区,自然増減,男,-515
平成28,2016,南区,自然増減,女,-322
平成28,2016,南区,出生,総数,1315
平成28,2016,南区,出生,男,666
平成28,2016,南区,出生,女,649
平成28,2016,南区,死亡,総数,2152
平成28,2016,南区,死亡,男,1181
平成28,2016,南区,死亡,女,971
平成28,2016,南区,人口増減率,,0.08119
平成28,2016,南区,社会増減率,,0.51132
平成28,2016,南区,自然増減率,,-0.43013
平成28,2016,港南区,世帯数増減,,547
平成28,2016,港南区,人口増減,総数,-957
平成28,2016,港南区,人口増減,男,-551
平成28,2016,港南区,人口増減,女,-406
平成28,2016,港南区,社会増減,総数,-370
平成28,2016,港南区,社会増減,男,-198
平成28,2016,港南区,社会増減,女,-172
平成28,2016,港南区,市外移動_転入,総数,5091
平成28,2016,港南区,市外移動_転入,男,2712
平成28,2016,港南区,市外移動_転入,女,2379
平成28,2016,港南区,市外移動_転出,総数,5260
平成28,2016,港南区,市外移動_転出,男,2846
平成28,2016,港南区,市外移動_転出,女,2414
平成28,2016,港南区,市内移動_転入,総数,4016
平成28,2016,港南区,市内移動_転入,男,2046
平成28,2016,港南区,市内移動_転入,女,1970
平成28,2016,港南区,市内移動_転出,総数,4208
平成28,2016,港南区,市内移動_転出,男,2100
平成28,2016,港南区,市内移動_転出,女,2108
平成28,2016,港南区,その他増減,総数,-9
平成28,2016,港南区,その他増減,男,-10
平成28,2016,港南区,その他増減,女,1
平成28,2016,港南区,自然増減,総数,-587
平成28,2016,港南区,自然増減,男,-353
平成28,2016,港南区,自然増減,女,-234
平成28,2016,港南区,出生,総数,1373
平成28,2016,港南区,出生,男,716
平成28,2016,港南区,出生,女,657
平成28,2016,港南区,死亡,総数,1960
平成28,2016,港南区,死亡,男,1069
平成28,2016,港南区,死亡,女,891
平成28,2016,港南区,人口増減率,,-0.44413
平成28,2016,港南区,社会増減率,,-0.17171
平成28,2016,港南区,自然増減率,,-0.27242
平成28,2016,保土ケ谷区,世帯数増減,,1308
平成28,2016,保土ケ谷区,人口増減,総数,1397
平成28,2016,保土ケ谷区,人口増減,男,654
平成28,2016,保土ケ谷区,人口増減,女,743
平成28,2016,保土ケ谷区,社会増減,総数,1928
平成28,2016,保土ケ谷区,社会増減,男,924
平成28,2016,保土ケ谷区,社会増減,女,1004
平成28,2016,保土ケ谷区,市外移動_転入,総数,7016
平成28,2016,保土ケ谷区,市外移動_転入,男,3930
平成28,2016,保土ケ谷区,市外移動_転入,女,3086
平成28,2016,保土ケ谷区,市外移動_転出,総数,5990
平成28,2016,保土ケ谷区,市外移動_転出,男,3402
平成28,2016,保土ケ谷区,市外移動_転出,女,2588
平成28,2016,保土ケ谷区,市内移動_転入,総数,5418
平成28,2016,保土ケ谷区,市内移動_転入,男,2785
平成28,2016,保土ケ谷区,市内移動_転入,女,2633
平成28,2016,保土ケ谷区,市内移動_転出,総数,4438
平成28,2016,保土ケ谷区,市内移動_転出,男,2308
平成28,2016,保土ケ谷区,市内移動_転出,女,2130
平成28,2016,保土ケ谷区,その他増減,総数,-78
平成28,2016,保土ケ谷区,その他増減,男,-81
平成28,2016,保土ケ谷区,その他増減,女,3
平成28,2016,保土ケ谷区,自然増減,総数,-531
平成28,2016,保土ケ谷区,自然増減,男,-270
平成28,2016,保土ケ谷区,自然増減,女,-261
平成28,2016,保土ケ谷区,出生,総数,1488
平成28,2016,保土ケ谷区,出生,男,790
平成28,2016,保土ケ谷区,出生,女,698
平成28,2016,保土ケ谷区,死亡,総数,2019
平成28,2016,保土ケ谷区,死亡,男,1060
平成28,2016,保土ケ谷区,死亡,女,959
平成28,2016,保土ケ谷区,人口増減率,,0.68072
平成28,2016,保土ケ谷区,社会増減率,,0.93946
平成28,2016,保土ケ谷区,自然増減率,,-0.25874
平成28,2016,旭区,世帯数増減,,661
平成28,2016,旭区,人口増減,総数,-553
平成28,2016,旭区,人口増減,男,-418
平成28,2016,旭区,人口増減,女,-135
平成28,2016,旭区,社会増減,総数,263
平成28,2016,旭区,社会増減,男,64
平成28,2016,旭区,社会増減,女,199
平成28,2016,旭区,市外移動_転入,総数,5522
平成28,2016,旭区,市外移動_転入,男,2809
平成28,2016,旭区,市外移動_転入,女,2713
平成28,2016,旭区,市外移動_転出,総数,5700
平成28,2016,旭区,市外移動_転出,男,3009
平成28,2016,旭区,市外移動_転出,女,2691
平成28,2016,旭区,市内移動_転入,総数,4420
平成28,2016,旭区,市内移動_転入,男,2253
平成28,2016,旭区,市内移動_転入,女,2167
平成28,2016,旭区,市内移動_転出,総数,3989
平成28,2016,旭区,市内移動_転出,男,1971
平成28,2016,旭区,市内移動_転出,女,2018
平成28,2016,旭区,その他増減,総数,10
平成28,2016,旭区,その他増減,男,-18
平成28,2016,旭区,その他増減,女,28
平成28,2016,旭区,自然増減,総数,-816
平成28,2016,旭区,自然増減,男,-482
平成28,2016,旭区,自然増減,女,-334
平成28,2016,旭区,出生,総数,1634
平成28,2016,旭区,出生,男,840
平成28,2016,旭区,出生,女,794
平成28,2016,旭区,死亡,総数,2450
平成28,2016,旭区,死亡,男,1322
平成28,2016,旭区,死亡,女,1128
平成28,2016,旭区,人口増減率,,-0.22382
平成28,2016,旭区,社会増減率,,0.10645
平成28,2016,旭区,自然増減率,,-0.33027
平成28,2016,磯子区,世帯数増減,,605
平成28,2016,磯子区,人口増減,総数,114
平成28,2016,磯子区,人口増減,男,89
平成28,2016,磯子区,人口増減,女,25
平成28,2016,磯子区,社会増減,総数,404
平成28,2016,磯子区,社会増減,男,272
平成28,2016,磯子区,社会増減,女,132
平成28,2016,磯子区,市外移動_転入,総数,4955
平成28,2016,磯子区,市外移動_転入,男,2718
平成28,2016,磯子区,市外移動_転入,女,2237
平成28,2016,磯子区,市外移動_転出,総数,4528
平成28,2016,磯子区,市外移動_転出,男,2431
平成28,2016,磯子区,市外移動_転出,女,2097
平成28,2016,磯子区,市内移動_転入,総数,3803
平成28,2016,磯子区,市内移動_転入,男,1941
平成28,2016,磯子区,市内移動_転入,女,1862
平成28,2016,磯子区,市内移動_転出,総数,3771
平成28,2016,磯子区,市内移動_転出,男,1899
平成28,2016,磯子区,市内移動_転出,女,1872
平成28,2016,磯子区,その他増減,総数,-55
平成28,2016,磯子区,その他増減,男,-57
平成28,2016,磯子区,その他増減,女,2
平成28,2016,磯子区,自然増減,総数,-290
平成28,2016,磯子区,自然増減,男,-183
平成28,2016,磯子区,自然増減,女,-107
平成28,2016,磯子区,出生,総数,1325
平成28,2016,磯子区,出生,男,674
平成28,2016,磯子区,出生,女,651
平成28,2016,磯子区,死亡,総数,1615
平成28,2016,磯子区,死亡,男,857
平成28,2016,磯子区,死亡,女,758
平成28,2016,磯子区,人口増減率,,0.06855
平成28,2016,磯子区,社会増減率,,0.24293
平成28,2016,磯子区,自然増減率,,-0.17438
平成28,2016,金沢区,世帯数増減,,515
平成28,2016,金沢区,人口増減,総数,-783
平成28,2016,金沢区,人口増減,男,-490
平成28,2016,金沢区,人口増減,女,-293
平成28,2016,金沢区,社会増減,総数,-114
平成28,2016,金沢区,社会増減,男,-72
平成28,2016,金沢区,社会増減,女,-42
平成28,2016,金沢区,市外移動_転入,総数,6203
平成28,2016,金沢区,市外移動_転入,男,3306
平成28,2016,金沢区,市外移動_転入,女,2897
平成28,2016,金沢区,市外移動_転出,総数,6110
平成28,2016,金沢区,市外移動_転出,男,3281
平成28,2016,金沢区,市外移動_転出,女,2829
平成28,2016,金沢区,市内移動_転入,総数,2420
平成28,2016,金沢区,市内移動_転入,男,1232
平成28,2016,金沢区,市内移動_転入,女,1188
平成28,2016,金沢区,市内移動_転出,総数,2603
平成28,2016,金沢区,市内移動_転出,男,1284
平成28,2016,金沢区,市内移動_転出,女,1319
平成28,2016,金沢区,その他増減,総数,-24
平成28,2016,金沢区,その他増減,男,-45
平成28,2016,金沢区,その他増減,女,21
平成28,2016,金沢区,自然増減,総数,-669
平成28,2016,金沢区,自然増減,男,-418
平成28,2016,金沢区,自然増減,女,-251
平成28,2016,金沢区,出生,総数,1244
平成28,2016,金沢区,出生,男,609
平成28,2016,金沢区,出生,女,635
平成28,2016,金沢区,死亡,総数,1913
平成28,2016,金沢区,死亡,男,1027
平成28,2016,金沢区,死亡,女,886
平成28,2016,金沢区,人口増減率,,-0.38833
平成28,2016,金沢区,社会増減率,,-0.05654
平成28,2016,金沢区,自然増減率,,-0.33179
平成28,2016,港北区,世帯数増減,,1604
平成28,2016,港北区,人口増減,総数,2604
平成28,2016,港北区,人口増減,男,1128
平成28,2016,港北区,人口増減,女,1476
平成28,2016,港北区,社会増減,総数,1305
平成28,2016,港北区,社会増減,男,451
平成28,2016,港北区,社会増減,女,854
平成28,2016,港北区,市外移動_転入,総数,18386
平成28,2016,港北区,市外移動_転入,男,9718
平成28,2016,港北区,市外移動_転入,女,8668
平成28,2016,港北区,市外移動_転出,総数,16408
平成28,2016,港北区,市外移動_転出,男,8838
平成28,2016,港北区,市外移動_転出,女,7570
平成28,2016,港北区,市内移動_転入,総数,5471
平成28,2016,港北区,市内移動_転入,男,2721
平成28,2016,港北区,市内移動_転入,女,2750
平成28,2016,港北区,市内移動_転出,総数,6254
平成28,2016,港北区,市内移動_転出,男,3170
平成28,2016,港北区,市内移動_転出,女,3084
平成28,2016,港北区,その他増減,総数,110
平成28,2016,港北区,その他増減,男,20
平成28,2016,港北区,その他増減,女,90
平成28,2016,港北区,自然増減,総数,1299
平成28,2016,港北区,自然増減,男,677
平成28,2016,港北区,自然増減,女,622
平成28,2016,港北区,出生,総数,3597
平成28,2016,港北区,出生,男,1865
平成28,2016,港北区,出生,女,1732
平成28,2016,港北区,死亡,総数,2298
平成28,2016,港北区,死亡,男,1188
平成28,2016,港北区,死亡,女,1110
平成28,2016,港北区,人口増減率,,0.75628
平成28,2016,港北区,社会増減率,,0.37901
平成28,2016,港北区,自然増減率,,0.37727
平成28,2016,緑区,世帯数増減,,963
平成28,2016,緑区,人口増減,総数,701
平成28,2016,緑区,人口増減,男,283
平成28,2016,緑区,人口増減,女,418
平成28,2016,緑区,社会増減,総数,538
平成28,2016,緑区,社会増減,男,209
平成28,2016,緑区,社会増減,女,329
平成28,2016,緑区,市外移動_転入,総数,5790
平成28,2016,緑区,市外移動_転入,男,3087
平成28,2016,緑区,市外移動_転入,女,2703
平成28,2016,緑区,市外移動_転出,総数,6123
平成28,2016,緑区,市外移動_転出,男,3261
平成28,2016,緑区,市外移動_転出,女,2862
平成28,2016,緑区,市内移動_転入,総数,3606
平成28,2016,緑区,市内移動_転入,男,1804
平成28,2016,緑区,市内移動_転入,女,1802
平成28,2016,緑区,市内移動_転出,総数,2811
平成28,2016,緑区,市内移動_転出,男,1440
平成28,2016,緑区,市内移動_転出,女,1371
平成28,2016,緑区,その他増減,総数,76
平成28,2016,緑区,その他増減,男,19
平成28,2016,緑区,その他増減,女,57
平成28,2016,緑区,自然増減,総数,163
平成28,2016,緑区,自然増減,男,74
平成28,2016,緑区,自然増減,女,89
平成28,2016,緑区,出生,総数,1493
平成28,2016,緑区,出生,男,755
平成28,2016,緑区,出生,女,738
平成28,2016,緑区,死亡,総数,1330
平成28,2016,緑区,死亡,男,681
平成28,2016,緑区,死亡,女,649
平成28,2016,緑区,人口増減率,,0.38844
平成28,2016,緑区,社会増減率,,0.29812
平成28,2016,緑区,自然増減率,,0.09032
平成28,2016,青葉区,世帯数増減,,1015
平成28,2016,青葉区,人口増減,総数,595
平成28,2016,青葉区,人口増減,男,-27
平成28,2016,青葉区,人口増減,女,622
平成28,2016,青葉区,社会増減,総数,46
平成28,2016,青葉区,社会増減,男,-308
平成28,2016,青葉区,社会増減,女,354
平成28,2016,青葉区,市外移動_転入,総数,13997
平成28,2016,青葉区,市外移動_転入,男,7270
平成28,2016,青葉区,市外移動_転入,女,6727
平成28,2016,青葉区,市外移動_転出,総数,14495
平成28,2016,青葉区,市外移動_転出,男,7740
平成28,2016,青葉区,市外移動_転出,女,6755
平成28,2016,青葉区,市内移動_転入,総数,3178
平成28,2016,青葉区,市内移動_転入,男,1559
平成28,2016,青葉区,市内移動_転入,女,1619
平成28,2016,青葉区,市内移動_転出,総数,2847
平成28,2016,青葉区,市内移動_転出,男,1493
平成28,2016,青葉区,市内移動_転出,女,1354
平成28,2016,青葉区,その他増減,総数,213
平成28,2016,青葉区,その他増減,男,96
平成28,2016,青葉区,その他増減,女,117
平成28,2016,青葉区,自然増減,総数,549
平成28,2016,青葉区,自然増減,男,281
平成28,2016,青葉区,自然増減,女,268
平成28,2016,青葉区,出生,総数,2505
平成28,2016,青葉区,出生,男,1282
平成28,2016,青葉区,出生,女,1223
平成28,2016,青葉区,死亡,総数,1956
平成28,2016,青葉区,死亡,男,1001
平成28,2016,青葉区,死亡,女,955
平成28,2016,青葉区,人口増減率,,0.19199
平成28,2016,青葉区,社会増減率,,0.01484
平成28,2016,青葉区,自然増減率,,0.17715
平成28,2016,都筑区,世帯数増減,,760
平成28,2016,都筑区,人口増減,総数,47
平成28,2016,都筑区,人口増減,男,-136
平成28,2016,都筑区,人口増減,女,183
平成28,2016,都筑区,社会増減,総数,-561
平成28,2016,都筑区,社会増減,男,-374
平成28,2016,都筑区,社会増減,女,-187
平成28,2016,都筑区,市外移動_転入,総数,8330
平成28,2016,都筑区,市外移動_転入,男,4383
平成28,2016,都筑区,市外移動_転入,女,3947
平成28,2016,都筑区,市外移動_転出,総数,8198
平成28,2016,都筑区,市外移動_転出,男,4485
平成28,2016,都筑区,市外移動_転出,女,3713
平成28,2016,都筑区,市内移動_転入,総数,3311
平成28,2016,都筑区,市内移動_転入,男,1713
平成28,2016,都筑区,市内移動_転入,女,1598
平成28,2016,都筑区,市内移動_転出,総数,4023
平成28,2016,都筑区,市内移動_転出,男,1980
平成28,2016,都筑区,市内移動_転出,女,2043
平成28,2016,都筑区,その他増減,総数,19
平成28,2016,都筑区,その他増減,男,-5
平成28,2016,都筑区,その他増減,女,24
平成28,2016,都筑区,自然増減,総数,608
平成28,2016,都筑区,自然増減,男,238
平成28,2016,都筑区,自然増減,女,370
平成28,2016,都筑区,出生,総数,1834
平成28,2016,都筑区,出生,男,892
平成28,2016,都筑区,出生,女,942
平成28,2016,都筑区,死亡,総数,1226
平成28,2016,都筑区,死亡,男,654
平成28,2016,都筑区,死亡,女,572
平成28,2016,都筑区,人口増減率,,0.02216
平成28,2016,都筑区,社会増減率,,-0.26447
平成28,2016,都筑区,自然増減率,,0.28663
平成28,2016,戸塚区,世帯数増減,,1173
平成28,2016,戸塚区,人口増減,総数,714
平成28,2016,戸塚区,人口増減,男,154
平成28,2016,戸塚区,人口増減,女,560
平成28,2016,戸塚区,社会増減,総数,782
平成28,2016,戸塚区,社会増減,男,263
平成28,2016,戸塚区,社会増減,女,519
平成28,2016,戸塚区,市外移動_転入,総数,9065
平成28,2016,戸塚区,市外移動_転入,男,4927
平成28,2016,戸塚区,市外移動_転入,女,4138
平成28,2016,戸塚区,市外移動_転出,総数,8812
平成28,2016,戸塚区,市外移動_転出,男,4891
平成28,2016,戸塚区,市外移動_転出,女,3921
平成28,2016,戸塚区,市内移動_転入,総数,4641
平成28,2016,戸塚区,市内移動_転入,男,2382
平成28,2016,戸塚区,市内移動_転入,女,2259
平成28,2016,戸塚区,市内移動_転出,総数,4166
平成28,2016,戸塚区,市内移動_転出,男,2145
平成28,2016,戸塚区,市内移動_転出,女,2021
平成28,2016,戸塚区,その他増減,総数,54
平成28,2016,戸塚区,その他増減,男,-10
平成28,2016,戸塚区,その他増減,女,64
平成28,2016,戸塚区,自然増減,総数,-68
平成28,2016,戸塚区,自然増減,男,-109
平成28,2016,戸塚区,自然増減,女,41
平成28,2016,戸塚区,出生,総数,2246
平成28,2016,戸塚区,出生,男,1110
平成28,2016,戸塚区,出生,女,1136
平成28,2016,戸塚区,死亡,総数,2314
平成28,2016,戸塚区,死亡,男,1219
平成28,2016,戸塚区,死亡,女,1095
平成28,2016,戸塚区,人口増減率,,0.25937
平成28,2016,戸塚区,社会増減率,,0.28407
平成28,2016,戸塚区,自然増減率,,-0.0247
平成28,2016,栄区,世帯数増減,,17
平成28,2016,栄区,人口増減,総数,-752
平成28,2016,栄区,人口増減,男,-431
平成28,2016,栄区,人口増減,女,-321
平成28,2016,栄区,社会増減,総数,-404
平成28,2016,栄区,社会増減,男,-228
平成28,2016,栄区,社会増減,女,-176
平成28,2016,栄区,市外移動_転入,総数,3523
平成28,2016,栄区,市外移動_転入,男,1916
平成28,2016,栄区,市外移動_転入,女,1607
平成28,2016,栄区,市外移動_転出,総数,3760
平成28,2016,栄区,市外移動_転出,男,2081
平成28,2016,栄区,市外移動_転出,女,1679
平成28,2016,栄区,市内移動_転入,総数,1961
平成28,2016,栄区,市内移動_転入,男,1084
平成28,2016,栄区,市内移動_転入,女,877
平成28,2016,栄区,市内移動_転出,総数,2153
平成28,2016,栄区,市内移動_転出,男,1154
平成28,2016,栄区,市内移動_転出,女,999
平成28,2016,栄区,その他増減,総数,25
平成28,2016,栄区,その他増減,男,7
平成28,2016,栄区,その他増減,女,18
平成28,2016,栄区,自然増減,総数,-348
平成28,2016,栄区,自然増減,男,-203
平成28,2016,栄区,自然増減,女,-145
平成28,2016,栄区,出生,総数,821
平成28,2016,栄区,出生,男,445
平成28,2016,栄区,出生,女,376
平成28,2016,栄区,死亡,総数,1169
平成28,2016,栄区,死亡,男,648
平成28,2016,栄区,死亡,女,521
平成28,2016,栄区,人口増減率,,-0.61582
平成28,2016,栄区,社会増減率,,-0.33084
平成28,2016,栄区,自然増減率,,-0.28498
平成28,2016,泉区,世帯数増減,,447
平成28,2016,泉区,人口増減,総数,-259
平成28,2016,泉区,人口増減,男,-217
平成28,2016,泉区,人口増減,女,-42
平成28,2016,泉区,社会増減,総数,-16
平成28,2016,泉区,社会増減,男,-57
平成28,2016,泉区,社会増減,女,41
平成28,2016,泉区,市外移動_転入,総数,3652
平成28,2016,泉区,市外移動_転入,男,1934
平成28,2016,泉区,市外移動_転入,女,1718
平成28,2016,泉区,市外移動_転出,総数,3903
平成28,2016,泉区,市外移動_転出,男,2104
平成28,2016,泉区,市外移動_転出,女,1799
平成28,2016,泉区,市内移動_転入,総数,2613
平成28,2016,泉区,市内移動_転入,男,1334
平成28,2016,泉区,市内移動_転入,女,1279
平成28,2016,泉区,市内移動_転出,総数,2410
平成28,2016,泉区,市内移動_転出,男,1227
平成28,2016,泉区,市内移動_転出,女,1183
平成28,2016,泉区,その他増減,総数,32
平成28,2016,泉区,その他増減,男,6
平成28,2016,泉区,その他増減,女,26
平成28,2016,泉区,自然増減,総数,-243
平成28,2016,泉区,自然増減,男,-160
平成28,2016,泉区,自然増減,女,-83
平成28,2016,泉区,出生,総数,1135
平成28,2016,泉区,出生,男,572
平成28,2016,泉区,出生,女,563
平成28,2016,泉区,死亡,総数,1378
平成28,2016,泉区,死亡,男,732
平成28,2016,泉区,死亡,女,646
平成28,2016,泉区,人口増減率,,-0.16824
平成28,2016,泉区,社会増減率,,-0.01039
平成28,2016,泉区,自然増減率,,-0.15784
平成28,2016,瀬谷区,世帯数増減,,309
平成28,2016,瀬谷区,人口増減,総数,-330
平成28,2016,瀬谷区,人口増減,男,-220
平成28,2016,瀬谷区,人口増減,女,-110
平成28,2016,瀬谷区,社会増減,総数,1
平成28,2016,瀬谷区,社会増減,男,-12
平成28,2016,瀬谷区,社会増減,女,13
平成28,2016,瀬谷区,市外移動_転入,総数,3066
平成28,2016,瀬谷区,市外移動_転入,男,1678
平成28,2016,瀬谷区,市外移動_転入,女,1388
平成28,2016,瀬谷区,市外移動_転出,総数,3405
平成28,2016,瀬谷区,市外移動_転出,男,1846
平成28,2016,瀬谷区,市外移動_転出,女,1559
平成28,2016,瀬谷区,市内移動_転入,総数,2224
平成28,2016,瀬谷区,市内移動_転入,男,1102
平成28,2016,瀬谷区,市内移動_転入,女,1122
平成28,2016,瀬谷区,市内移動_転出,総数,1949
平成28,2016,瀬谷区,市内移動_転出,男,984
平成28,2016,瀬谷区,市内移動_転出,女,965
平成28,2016,瀬谷区,その他増減,総数,65
平成28,2016,瀬谷区,その他増減,男,38
平成28,2016,瀬谷区,その他増減,女,27
平成28,2016,瀬谷区,自然増減,総数,-331
平成28,2016,瀬谷区,自然増減,男,-208
平成28,2016,瀬谷区,自然増減,女,-123
平成28,2016,瀬谷区,出生,総数,917
平成28,2016,瀬谷区,出生,男,464
平成28,2016,瀬谷区,出生,女,453
平成28,2016,瀬谷区,死亡,総数,1248
平成28,2016,瀬谷区,死亡,男,672
平成28,2016,瀬谷区,死亡,女,576
平成28,2016,瀬谷区,人口増減率,,-0.265
平成28,2016,瀬谷区,社会増減率,,0.0008
平成28,2016,瀬谷区,自然増減率,,-0.26581
平成29,2017,鶴見区,世帯数増減,,1558
平成29,2017,鶴見区,人口増減,総数,1515
平成29,2017,鶴見区,人口増減,男,724
平成29,2017,鶴見区,人口増減,女,791
平成29,2017,鶴見区,社会増減,総数,1361
平成29,2017,鶴見区,社会増減,男,687
平成29,2017,鶴見区,社会増減,女,674
平成29,2017,鶴見区,市外移動_転入,総数,14811
平成29,2017,鶴見区,市外移動_転入,男,8459
平成29,2017,鶴見区,市外移動_転入,女,6352
平成29,2017,鶴見区,市外移動_転出,総数,12956
平成29,2017,鶴見区,市外移動_転出,男,7378
平成29,2017,鶴見区,市外移動_転出,女,5578
平成29,2017,鶴見区,市内移動_転入,総数,3391
平成29,2017,鶴見区,市内移動_転入,男,1750
平成29,2017,鶴見区,市内移動_転入,女,1641
平成29,2017,鶴見区,市内移動_転出,総数,3878
平成29,2017,鶴見区,市内移動_転出,男,2090
平成29,2017,鶴見区,市内移動_転出,女,1788
平成29,2017,鶴見区,その他増減,総数,-7
平成29,2017,鶴見区,その他増減,男,-54
平成29,2017,鶴見区,その他増減,女,47
平成29,2017,鶴見区,自然増減,総数,154
平成29,2017,鶴見区,自然増減,男,37
平成29,2017,鶴見区,自然増減,女,117
平成29,2017,鶴見区,出生,総数,2561
平成29,2017,鶴見区,出生,男,1354
平成29,2017,鶴見区,出生,女,1207
平成29,2017,鶴見区,死亡,総数,2407
平成29,2017,鶴見区,死亡,男,1317
平成29,2017,鶴見区,死亡,女,1090
平成29,2017,鶴見区,人口増減率,,0.52705
平成29,2017,鶴見区,社会増減率,,0.47347
平成29,2017,鶴見区,自然増減率,,0.05357
平成29,2017,神奈川区,世帯数増減,,1469
平成29,2017,神奈川区,人口増減,総数,1382
平成29,2017,神奈川区,人口増減,男,433
平成29,2017,神奈川区,人口増減,女,949
平成29,2017,神奈川区,社会増減,総数,1443
平成29,2017,神奈川区,社会増減,男,541
平成29,2017,神奈川区,社会増減,女,902
平成29,2017,神奈川区,市外移動_転入,総数,11448
平成29,2017,神奈川区,市外移動_転入,男,6193
平成29,2017,神奈川区,市外移動_転入,女,5255
平成29,2017,神奈川区,市外移動_転出,総数,9859
平成29,2017,神奈川区,市外移動_転出,男,5504
平成29,2017,神奈川区,市外移動_転出,女,4355
平成29,2017,神奈川区,市内移動_転入,総数,5750
平成29,2017,神奈川区,市内移動_転入,男,2968
平成29,2017,神奈川区,市内移動_転入,女,2782
平成29,2017,神奈川区,市内移動_転出,総数,5970
平成29,2017,神奈川区,市内移動_転出,男,3129
平成29,2017,神奈川区,市内移動_転出,女,2841
平成29,2017,神奈川区,その他増減,総数,74
平成29,2017,神奈川区,その他増減,男,13
平成29,2017,神奈川区,その他増減,女,61
平成29,2017,神奈川区,自然増減,総数,-61
平成29,2017,神奈川区,自然増減,男,-108
平成29,2017,神奈川区,自然増減,女,47
平成29,2017,神奈川区,出生,総数,2009
平成29,2017,神奈川区,出生,男,1013
平成29,2017,神奈川区,出生,女,996
平成29,2017,神奈川区,死亡,総数,2070
平成29,2017,神奈川区,死亡,男,1121
平成29,2017,神奈川区,死亡,女,949
平成29,2017,神奈川区,人口増減率,,0.5753
平成29,2017,神奈川区,社会増減率,,0.60069
平成29,2017,神奈川区,自然増減率,,-0.02539
平成29,2017,西区,世帯数増減,,1021
平成29,2017,西区,人口増減,総数,1402
平成29,2017,西区,人口増減,男,813
平成29,2017,西区,人口増減,女,589
平成29,2017,西区,社会増減,総数,1411
平成29,2017,西区,社会増減,男,779
平成29,2017,西区,社会増減,女,632
平成29,2017,西区,市外移動_転入,総数,5989
平成29,2017,西区,市外移動_転入,男,3322
平成29,2017,西区,市外移動_転入,女,2667
平成29,2017,西区,市外移動_転出,総数,4739
平成29,2017,西区,市外移動_転出,男,2600
平成29,2017,西区,市外移動_転出,女,2139
平成29,2017,西区,市内移動_転入,総数,3675
平成29,2017,西区,市内移動_転入,男,1891
平成29,2017,西区,市内移動_転入,女,1784
平成29,2017,西区,市内移動_転出,総数,3358
平成29,2017,西区,市内移動_転出,男,1742
平成29,2017,西区,市内移動_転出,女,1616
平成29,2017,西区,その他増減,総数,-156
平成29,2017,西区,その他増減,男,-92
平成29,2017,西区,その他増減,女,-64
平成29,2017,西区,自然増減,総数,-9
平成29,2017,西区,自然増減,男,34
平成29,2017,西区,自然増減,女,-43
平成29,2017,西区,出生,総数,847
平成29,2017,西区,出生,男,457
平成29,2017,西区,出生,女,390
平成29,2017,西区,死亡,総数,856
平成29,2017,西区,死亡,男,423
平成29,2017,西区,死亡,女,433
平成29,2017,西区,人口増減率,,1.42124
平成29,2017,西区,社会増減率,,1.43037
平成29,2017,西区,自然増減率,,-0.00912
平成29,2017,中区,世帯数増減,,423
平成29,2017,中区,人口増減,総数,60
平成29,2017,中区,人口増減,男,-86
平成29,2017,中区,人口増減,女,146
平成29,2017,中区,社会増減,総数,646
平成29,2017,中区,社会増減,男,352
平成29,2017,中区,社会増減,女,294
平成29,2017,中区,市外移動_転入,総数,8837
平成29,2017,中区,市外移動_転入,男,5026
平成29,2017,中区,市外移動_転入,女,3811
平成29,2017,中区,市外移動_転出,総数,6853
平成29,2017,中区,市外移動_転出,男,3946
平成29,2017,中区,市外移動_転出,女,2907
平成29,2017,中区,市内移動_転入,総数,4218
平成29,2017,中区,市内移動_転入,男,2379
平成29,2017,中区,市内移動_転入,女,1839
平成29,2017,中区,市内移動_転出,総数,5190
平成29,2017,中区,市内移動_転出,男,2883
平成29,2017,中区,市内移動_転出,女,2307
平成29,2017,中区,その他増減,総数,-366
平成29,2017,中区,その他増減,男,-224
平成29,2017,中区,その他増減,女,-142
平成29,2017,中区,自然増減,総数,-586
平成29,2017,中区,自然増減,男,-438
平成29,2017,中区,自然増減,女,-148
平成29,2017,中区,出生,総数,1028
平成29,2017,中区,出生,男,546
平成29,2017,中区,出生,女,482
平成29,2017,中区,死亡,総数,1614
平成29,2017,中区,死亡,男,984
平成29,2017,中区,死亡,女,630
平成29,2017,中区,人口増減率,,0.04024
平成29,2017,中区,社会増減率,,0.43328
平成29,2017,中区,自然増減率,,-0.39304
平成29,2017,南区,世帯数増減,,1184
平成29,2017,南区,人口増減,総数,222
平成29,2017,南区,人口増減,男,41
平成29,2017,南区,人口増減,女,181
平成29,2017,南区,社会増減,総数,1133
平成29,2017,南区,社会増減,男,662
平成29,2017,南区,社会増減,女,471
平成29,2017,南区,市外移動_転入,総数,7362
平成29,2017,南区,市外移動_転入,男,3945
平成29,2017,南区,市外移動_転入,女,3417
平成29,2017,南区,市外移動_転出,総数,6215
平成29,2017,南区,市外移動_転出,男,3401
平成29,2017,南区,市外移動_転出,女,2814
平成29,2017,南区,市内移動_転入,総数,5645
平成29,2017,南区,市内移動_転入,男,2993
平成29,2017,南区,市内移動_転入,女,2652
平成29,2017,南区,市内移動_転出,総数,5500
平成29,2017,南区,市内移動_転出,男,2777
平成29,2017,南区,市内移動_転出,女,2723
平成29,2017,南区,その他増減,総数,-159
平成29,2017,南区,その他増減,男,-98
平成29,2017,南区,その他増減,女,-61
平成29,2017,南区,自然増減,総数,-911
平成29,2017,南区,自然増減,男,-621
平成29,2017,南区,自然増減,女,-290
平成29,2017,南区,出生,総数,1317
平成29,2017,南区,出生,男,614
平成29,2017,南区,出生,女,703
平成29,2017,南区,死亡,総数,2228
平成29,2017,南区,死亡,男,1235
平成29,2017,南区,死亡,女,993
平成29,2017,南区,人口増減率,,0.11399
平成29,2017,南区,社会増減率,,0.58177
平成29,2017,南区,自然増減率,,-0.46777
平成29,2017,港南区,世帯数増減,,561
平成29,2017,港南区,人口増減,総数,-563
平成29,2017,港南区,人口増減,男,-516
平成29,2017,港南区,人口増減,女,-47
平成29,2017,港南区,社会増減,総数,34
平成29,2017,港南区,社会増減,男,-110
平成29,2017,港南区,社会増減,女,144
平成29,2017,港南区,市外移動_転入,総数,5225
平成29,2017,港南区,市外移動_転入,男,2737
平成29,2017,港南区,市外移動_転入,女,2488
平成29,2017,港南区,市外移動_転出,総数,5334
平成29,2017,港南区,市外移動_転出,男,2879
平成29,2017,港南区,市外移動_転出,女,2455
平成29,2017,港南区,市内移動_転入,総数,4269
平成29,2017,港南区,市内移動_転入,男,2096
平成29,2017,港南区,市内移動_転入,女,2173
平成29,2017,港南区,市内移動_転出,総数,4156
平成29,2017,港南区,市内移動_転出,男,2094
平成29,2017,港南区,市内移動_転出,女,2062
平成29,2017,港南区,その他増減,総数,30
平成29,2017,港南区,その他増減,男,30
平成29,2017,港南区,その他増減,女,0
平成29,2017,港南区,自然増減,総数,-597
平成29,2017,港南区,自然増減,男,-406
平成29,2017,港南区,自然増減,女,-191
平成29,2017,港南区,出生,総数,1396
平成29,2017,港南区,出生,男,704
平成29,2017,港南区,出生,女,692
平成29,2017,港南区,死亡,総数,1993
平成29,2017,港南区,死亡,男,1110
平成29,2017,港南区,死亡,女,883
平成29,2017,港南区,人口増減率,,-0.26245
平成29,2017,港南区,社会増減率,,0.01585
平成29,2017,港南区,自然増減率,,-0.2783
平成29,2017,保土ケ谷区,世帯数増減,,804
平成29,2017,保土ケ谷区,人口増減,総数,-106
平成29,2017,保土ケ谷区,人口増減,男,-81
平成29,2017,保土ケ谷区,人口増減,女,-25
平成29,2017,保土ケ谷区,社会増減,総数,493
平成29,2017,保土ケ谷区,社会増減,男,238
平成29,2017,保土ケ谷区,社会増減,女,255
平成29,2017,保土ケ谷区,市外移動_転入,総数,7009
平成29,2017,保土ケ谷区,市外移動_転入,男,3926
平成29,2017,保土ケ谷区,市外移動_転入,女,3083
平成29,2017,保土ケ谷区,市外移動_転出,総数,6199
平成29,2017,保土ケ谷区,市外移動_転出,男,3471
平成29,2017,保土ケ谷区,市外移動_転出,女,2728
平成29,2017,保土ケ谷区,市内移動_転入,総数,4415
平成29,2017,保土ケ谷区,市内移動_転入,男,2223
平成29,2017,保土ケ谷区,市内移動_転入,女,2192
平成29,2017,保土ケ谷区,市内移動_転出,総数,4686
平成29,2017,保土ケ谷区,市内移動_転出,男,2412
平成29,2017,保土ケ谷区,市内移動_転出,女,2274
平成29,2017,保土ケ谷区,その他増減,総数,-46
平成29,2017,保土ケ谷区,その他増減,男,-28
平成29,2017,保土ケ谷区,その他増減,女,-18
平成29,2017,保土ケ谷区,自然増減,総数,-599
平成29,2017,保土ケ谷区,自然増減,男,-319
平成29,2017,保土ケ谷区,自然増減,女,-280
平成29,2017,保土ケ谷区,出生,総数,1465
平成29,2017,保土ケ谷区,出生,男,779
平成29,2017,保土ケ谷区,出生,女,686
平成29,2017,保土ケ谷区,死亡,総数,2064
平成29,2017,保土ケ谷区,死亡,男,1098
平成29,2017,保土ケ谷区,死亡,女,966
平成29,2017,保土ケ谷区,人口増減率,,-0.0513
平成29,2017,保土ケ谷区,社会増減率,,0.2386
平成29,2017,保土ケ谷区,自然増減率,,-0.2899
平成29,2017,旭区,世帯数増減,,700
平成29,2017,旭区,人口増減,総数,-761
平成29,2017,旭区,人口増減,男,-591
平成29,2017,旭区,人口増減,女,-170
平成29,2017,旭区,社会増減,総数,182
平成29,2017,旭区,社会増減,男,31
平成29,2017,旭区,社会増減,女,151
平成29,2017,旭区,市外移動_転入,総数,5566
平成29,2017,旭区,市外移動_転入,男,2921
平成29,2017,旭区,市外移動_転入,女,2645
平成29,2017,旭区,市外移動_転出,総数,5946
平成29,2017,旭区,市外移動_転出,男,3153
平成29,2017,旭区,市外移動_転出,女,2793
平成29,2017,旭区,市内移動_転入,総数,4490
平成29,2017,旭区,市内移動_転入,男,2221
平成29,2017,旭区,市内移動_転入,女,2269
平成29,2017,旭区,市内移動_転出,総数,3947
平成29,2017,旭区,市内移動_転出,男,1940
平成29,2017,旭区,市内移動_転出,女,2007
平成29,2017,旭区,その他増減,総数,19
平成29,2017,旭区,その他増減,男,-18
平成29,2017,旭区,その他増減,女,37
平成29,2017,旭区,自然増減,総数,-943
平成29,2017,旭区,自然増減,男,-622
平成29,2017,旭区,自然増減,女,-321
平成29,2017,旭区,出生,総数,1638
平成29,2017,旭区,出生,男,807
平成29,2017,旭区,出生,女,831
平成29,2017,旭区,死亡,総数,2581
平成29,2017,旭区,死亡,男,1429
平成29,2017,旭区,死亡,女,1152
平成29,2017,旭区,人口増減率,,-0.3087
平成29,2017,旭区,社会増減率,,0.07383
平成29,2017,旭区,自然増減率,,-0.38253
平成29,2017,磯子区,世帯数増減,,570
平成29,2017,磯子区,人口増減,総数,95
平成29,2017,磯子区,人口増減,男,-89
平成29,2017,磯子区,人口増減,女,184
平成29,2017,磯子区,社会増減,総数,478
平成29,2017,磯子区,社会増減,男,172
平成29,2017,磯子区,社会増減,女,306
平成29,2017,磯子区,市外移動_転入,総数,4828
平成29,2017,磯子区,市外移動_転入,男,2588
平成29,2017,磯子区,市外移動_転入,女,2240
平成29,2017,磯子区,市外移動_転出,総数,4804
平成29,2017,磯子区,市外移動_転出,男,2646
平成29,2017,磯子区,市外移動_転出,女,2158
平成29,2017,磯子区,市内移動_転入,総数,4276
平成29,2017,磯子区,市内移動_転入,男,2186
平成29,2017,磯子区,市内移動_転入,女,2090
平成29,2017,磯子区,市内移動_転出,総数,3829
平成29,2017,磯子区,市内移動_転出,男,1940
平成29,2017,磯子区,市内移動_転出,女,1889
平成29,2017,磯子区,その他増減,総数,7
平成29,2017,磯子区,その他増減,男,-16
平成29,2017,磯子区,その他増減,女,23
平成29,2017,磯子区,自然増減,総数,-383
平成29,2017,磯子区,自然増減,男,-261
平成29,2017,磯子区,自然増減,女,-122
平成29,2017,磯子区,出生,総数,1302
平成29,2017,磯子区,出生,男,675
平成29,2017,磯子区,出生,女,627
平成29,2017,磯子区,死亡,総数,1685
平成29,2017,磯子区,死亡,男,936
平成29,2017,磯子区,死亡,女,749
平成29,2017,磯子区,人口増減率,,0.05708
平成29,2017,磯子区,社会増減率,,0.28723
平成29,2017,磯子区,自然増減率,,-0.23014
平成29,2017,金沢区,世帯数増減,,473
平成29,2017,金沢区,人口増減,総数,-817
平成29,2017,金沢区,人口増減,男,-566
平成29,2017,金沢区,人口増減,女,-251
平成29,2017,金沢区,社会増減,総数,-123
平成29,2017,金沢区,社会増減,男,-151
平成29,2017,金沢区,社会増減,女,28
平成29,2017,金沢区,市外移動_転入,総数,6179
平成29,2017,金沢区,市外移動_転入,男,3237
平成29,2017,金沢区,市外移動_転入,女,2942
平成29,2017,金沢区,市外移動_転出,総数,5732
平成29,2017,金沢区,市外移動_転出,男,3152
平成29,2017,金沢区,市外移動_転出,女,2580
平成29,2017,金沢区,市内移動_転入,総数,2350
平成29,2017,金沢区,市内移動_転入,男,1161
平成29,2017,金沢区,市内移動_転入,女,1189
平成29,2017,金沢区,市内移動_転出,総数,2727
平成29,2017,金沢区,市内移動_転出,男,1347
平成29,2017,金沢区,市内移動_転出,女,1380
平成29,2017,金沢区,その他増減,総数,-193
平成29,2017,金沢区,その他増減,男,-50
平成29,2017,金沢区,その他増減,女,-143
平成29,2017,金沢区,自然増減,総数,-694
平成29,2017,金沢区,自然増減,男,-415
平成29,2017,金沢区,自然増減,女,-279
平成29,2017,金沢区,出生,総数,1242
平成29,2017,金沢区,出生,男,628
平成29,2017,金沢区,出生,女,614
平成29,2017,金沢区,死亡,総数,1936
平成29,2017,金沢区,死亡,男,1043
平成29,2017,金沢区,死亡,女,893
平成29,2017,金沢区,人口増減率,,-0.40677
平成29,2017,金沢区,社会増減率,,-0.06124
平成29,2017,金沢区,自然増減率,,-0.34553
平成29,2017,港北区,世帯数増減,,1385
平成29,2017,港北区,人口増減,総数,1815
平成29,2017,港北区,人口増減,男,644
平成29,2017,港北区,人口増減,女,1171
平成29,2017,港北区,社会増減,総数,846
平成29,2017,港北区,社会増減,男,107
平成29,2017,港北区,社会増減,女,739
平成29,2017,港北区,市外移動_転入,総数,18146
平成29,2017,港北区,市外移動_転入,男,9345
平成29,2017,港北区,市外移動_転入,女,8801
平成29,2017,港北区,市外移動_転出,総数,16638
平成29,2017,港北区,市外移動_転出,男,8860
平成29,2017,港北区,市外移動_転出,女,7778
平成29,2017,港北区,市内移動_転入,総数,5414
平成29,2017,港北区,市内移動_転入,男,2743
平成29,2017,港北区,市内移動_転入,女,2671
平成29,2017,港北区,市内移動_転出,総数,6118
平成29,2017,港北区,市内移動_転出,男,3093
平成29,2017,港北区,市内移動_転出,女,3025
平成29,2017,港北区,その他増減,総数,42
平成29,2017,港北区,その他増減,男,-28
平成29,2017,港北区,その他増減,女,70
平成29,2017,港北区,自然増減,総数,969
平成29,2017,港北区,自然増減,男,537
平成29,2017,港北区,自然増減,女,432
平成29,2017,港北区,出生,総数,3446
平成29,2017,港北区,出生,男,1812
平成29,2017,港北区,出生,女,1634
平成29,2017,港北区,死亡,総数,2477
平成29,2017,港北区,死亡,男,1275
平成29,2017,港北区,死亡,女,1202
平成29,2017,港北区,人口増減率,,0.52317
平成29,2017,港北区,社会増減率,,0.24386
平成29,2017,港北区,自然増減率,,0.27931
平成29,2017,緑区,世帯数増減,,538
平成29,2017,緑区,人口増減,総数,50
平成29,2017,緑区,人口増減,男,-115
平成29,2017,緑区,人口増減,女,165
平成29,2017,緑区,社会増減,総数,35
平成29,2017,緑区,社会増減,男,-44
平成29,2017,緑区,社会増減,女,79
平成29,2017,緑区,市外移動_転入,総数,5820
平成29,2017,緑区,市外移動_転入,男,3030
平成29,2017,緑区,市外移動_転入,女,2790
平成29,2017,緑区,市外移動_転出,総数,6439
平成29,2017,緑区,市外移動_転出,男,3409
平成29,2017,緑区,市外移動_転出,女,3030
平成29,2017,緑区,市内移動_転入,総数,3613
平成29,2017,緑区,市内移動_転入,男,1822
平成29,2017,緑区,市内移動_転入,女,1791
平成29,2017,緑区,市内移動_転出,総数,3049
平成29,2017,緑区,市内移動_転出,男,1500
平成29,2017,緑区,市内移動_転出,女,1549
平成29,2017,緑区,その他増減,総数,90
平成29,2017,緑区,その他増減,男,13
平成29,2017,緑区,その他増減,女,77
平成29,2017,緑区,自然増減,総数,15
平成29,2017,緑区,自然増減,男,-71
平成29,2017,緑区,自然増減,女,86
平成29,2017,緑区,出生,総数,1455
平成29,2017,緑区,出生,男,693
平成29,2017,緑区,出生,女,762
平成29,2017,緑区,死亡,総数,1440
平成29,2017,緑区,死亡,男,764
平成29,2017,緑区,死亡,女,676
平成29,2017,緑区,人口増減率,,0.0276
平成29,2017,緑区,社会増減率,,0.01932
平成29,2017,緑区,自然増減率,,0.00828
平成29,2017,青葉区,世帯数増減,,639
平成29,2017,青葉区,人口増減,総数,-619
平成29,2017,青葉区,人口増減,男,-468
平成29,2017,青葉区,人口増減,女,-151
平成29,2017,青葉区,社会増減,総数,-973
平成29,2017,青葉区,社会増減,男,-664
平成29,2017,青葉区,社会増減,女,-309
平成29,2017,青葉区,市外移動_転入,総数,13488
平成29,2017,青葉区,市外移動_転入,男,7034
平成29,2017,青葉区,市外移動_転入,女,6454
平成29,2017,青葉区,市外移動_転出,総数,14868
平成29,2017,青葉区,市外移動_転出,男,7861
平成29,2017,青葉区,市外移動_転出,女,7007
平成29,2017,青葉区,市内移動_転入,総数,3042
平成29,2017,青葉区,市内移動_転入,男,1518
平成29,2017,青葉区,市内移動_転入,女,1524
平成29,2017,青葉区,市内移動_転出,総数,2827
平成29,2017,青葉区,市内移動_転出,男,1435
平成29,2017,青葉区,市内移動_転出,女,1392
平成29,2017,青葉区,その他増減,総数,192
平成29,2017,青葉区,その他増減,男,80
平成29,2017,青葉区,その他増減,女,112
平成29,2017,青葉区,自然増減,総数,354
平成29,2017,青葉区,自然増減,男,196
平成29,2017,青葉区,自然増減,女,158
平成29,2017,青葉区,出生,総数,2344
平成29,2017,青葉区,出生,男,1189
平成29,2017,青葉区,出生,女,1155
平成29,2017,青葉区,死亡,総数,1990
平成29,2017,青葉区,死亡,男,993
平成29,2017,青葉区,死亡,女,997
平成29,2017,青葉区,人口増減率,,-0.19936
平成29,2017,青葉区,社会増減率,,-0.31337
平成29,2017,青葉区,自然増減率,,0.11401
平成29,2017,都筑区,世帯数増減,,317
平成29,2017,都筑区,人口増減,総数,-874
平成29,2017,都筑区,人口増減,男,-580
平成29,2017,都筑区,人口増減,女,-294
平成29,2017,都筑区,社会増減,総数,-1398
平成29,2017,都筑区,社会増減,男,-798
平成29,2017,都筑区,社会増減,女,-600
平成29,2017,都筑区,市外移動_転入,総数,7569
平成29,2017,都筑区,市外移動_転入,男,4035
平成29,2017,都筑区,市外移動_転入,女,3534
平成29,2017,都筑区,市外移動_転出,総数,8342
平成29,2017,都筑区,市外移動_転出,男,4510
平成29,2017,都筑区,市外移動_転出,女,3832
平成29,2017,都筑区,市内移動_転入,総数,3317
平成29,2017,都筑区,市内移動_転入,男,1683
平成29,2017,都筑区,市内移動_転入,女,1634
平成29,2017,都筑区,市内移動_転出,総数,4028
平成29,2017,都筑区,市内移動_転出,男,2033
平成29,2017,都筑区,市内移動_転出,女,1995
平成29,2017,都筑区,その他増減,総数,86
平成29,2017,都筑区,その他増減,男,27
平成29,2017,都筑区,その他増減,女,59
平成29,2017,都筑区,自然増減,総数,524
平成29,2017,都筑区,自然増減,男,218
平成29,2017,都筑区,自然増減,女,306
平成29,2017,都筑区,出生,総数,1738
平成29,2017,都筑区,出生,男,869
平成29,2017,都筑区,出生,女,869
平成29,2017,都筑区,死亡,総数,1214
平成29,2017,都筑区,死亡,男,651
平成29,2017,都筑区,死亡,女,563
平成29,2017,都筑区,人口増減率,,-0.41193
平成29,2017,都筑区,社会増減率,,-0.65891
平成29,2017,都筑区,自然増減率,,0.24697
平成29,2017,戸塚区,世帯数増減,,1356
平成29,2017,戸塚区,人口増減,総数,1020
平成29,2017,戸塚区,人口増減,男,305
平成29,2017,戸塚区,人口増減,女,715
平成29,2017,戸塚区,社会増減,総数,1160
平成29,2017,戸塚区,社会増減,男,455
平成29,2017,戸塚区,社会増減,女,705
平成29,2017,戸塚区,市外移動_転入,総数,8775
平成29,2017,戸塚区,市外移動_転入,男,4683
平成29,2017,戸塚区,市外移動_転入,女,4092
平成29,2017,戸塚区,市外移動_転出,総数,8450
平成29,2017,戸塚区,市外移動_転出,男,4633
平成29,2017,戸塚区,市外移動_転出,女,3817
平成29,2017,戸塚区,市内移動_転入,総数,4875
平成29,2017,戸塚区,市内移動_転入,男,2455
平成29,2017,戸塚区,市内移動_転入,女,2420
平成29,2017,戸塚区,市内移動_転出,総数,4089
平成29,2017,戸塚区,市内移動_転出,男,2036
平成29,2017,戸塚区,市内移動_転出,女,2053
平成29,2017,戸塚区,その他増減,総数,49
平成29,2017,戸塚区,その他増減,男,-14
平成29,2017,戸塚区,その他増減,女,63
平成29,2017,戸塚区,自然増減,総数,-140
平成29,2017,戸塚区,自然増減,男,-150
平成29,2017,戸塚区,自然増減,女,10
平成29,2017,戸塚区,出生,総数,2108
平成29,2017,戸塚区,出生,男,1069
平成29,2017,戸塚区,出生,女,1039
平成29,2017,戸塚区,死亡,総数,2248
平成29,2017,戸塚区,死亡,男,1219
平成29,2017,戸塚区,死亡,女,1029
平成29,2017,戸塚区,人口増減率,,0.36957
平成29,2017,戸塚区,社会増減率,,0.4203
平成29,2017,戸塚区,自然増減率,,-0.05073
平成29,2017,栄区,世帯数増減,,151
平成29,2017,栄区,人口増減,総数,-475
平成29,2017,栄区,人口増減,男,-304
平成29,2017,栄区,人口増減,女,-171
平成29,2017,栄区,社会増減,総数,-155
平成29,2017,栄区,社会増減,男,-87
平成29,2017,栄区,社会増減,女,-68
平成29,2017,栄区,市外移動_転入,総数,3303
平成29,2017,栄区,市外移動_転入,男,1764
平成29,2017,栄区,市外移動_転入,女,1539
平成29,2017,栄区,市外移動_転出,総数,3641
平成29,2017,栄区,市外移動_転出,男,1974
平成29,2017,栄区,市外移動_転出,女,1667
平成29,2017,栄区,市内移動_転入,総数,2069
平成29,2017,栄区,市内移動_転入,男,1085
平成29,2017,栄区,市内移動_転入,女,984
平成29,2017,栄区,市内移動_転出,総数,1899
平成29,2017,栄区,市内移動_転出,男,966
平成29,2017,栄区,市内移動_転出,女,933
平成29,2017,栄区,その他増減,総数,13
平成29,2017,栄区,その他増減,男,4
平成29,2017,栄区,その他増減,女,9
平成29,2017,栄区,自然増減,総数,-320
平成29,2017,栄区,自然増減,男,-217
平成29,2017,栄区,自然増減,女,-103
平成29,2017,栄区,出生,総数,814
平成29,2017,栄区,出生,男,414
平成29,2017,栄区,出生,女,400
平成29,2017,栄区,死亡,総数,1134
平成29,2017,栄区,死亡,男,631
平成29,2017,栄区,死亡,女,503
平成29,2017,栄区,人口増減率,,-0.39139
平成29,2017,栄区,社会増減率,,-0.12772
平成29,2017,栄区,自然増減率,,-0.26367
平成29,2017,泉区,世帯数増減,,208
平成29,2017,泉区,人口増減,総数,-706
平成29,2017,泉区,人口増減,男,-441
平成29,2017,泉区,人口増減,女,-265
平成29,2017,泉区,社会増減,総数,-332
平成29,2017,泉区,社会増減,男,-201
平成29,2017,泉区,社会増減,女,-131
平成29,2017,泉区,市外移動_転入,総数,3475
平成29,2017,泉区,市外移動_転入,男,1856
平成29,2017,泉区,市外移動_転入,女,1619
平成29,2017,泉区,市外移動_転出,総数,4066
平成29,2017,泉区,市外移動_転出,男,2217
平成29,2017,泉区,市外移動_転出,女,1849
平成29,2017,泉区,市内移動_転入,総数,2711
平成29,2017,泉区,市内移動_転入,男,1345
平成29,2017,泉区,市内移動_転入,女,1366
平成29,2017,泉区,市内移動_転出,総数,2485
平成29,2017,泉区,市内移動_転出,男,1200
平成29,2017,泉区,市内移動_転出,女,1285
平成29,2017,泉区,その他増減,総数,33
平成29,2017,泉区,その他増減,男,15
平成29,2017,泉区,その他増減,女,18
平成29,2017,泉区,自然増減,総数,-374
平成29,2017,泉区,自然増減,男,-240
平成29,2017,泉区,自然増減,女,-134
平成29,2017,泉区,出生,総数,1103
平成29,2017,泉区,出生,男,565
平成29,2017,泉区,出生,女,538
平成29,2017,泉区,死亡,総数,1477
平成29,2017,泉区,死亡,男,805
平成29,2017,泉区,死亡,女,672
平成29,2017,泉区,人口増減率,,-0.45937
平成29,2017,泉区,社会増減率,,-0.21602
平成29,2017,泉区,自然増減率,,-0.24335
平成29,2017,瀬谷区,世帯数増減,,242
平成29,2017,瀬谷区,人口増減,総数,-652
平成29,2017,瀬谷区,人口増減,男,-390
平成29,2017,瀬谷区,人口増減,女,-262
平成29,2017,瀬谷区,社会増減,総数,-180
平成29,2017,瀬谷区,社会増減,男,-143
平成29,2017,瀬谷区,社会増減,女,-37
平成29,2017,瀬谷区,市外移動_転入,総数,2929
平成29,2017,瀬谷区,市外移動_転入,男,1554
平成29,2017,瀬谷区,市外移動_転入,女,1375
平成29,2017,瀬谷区,市外移動_転出,総数,3437
平成29,2017,瀬谷区,市外移動_転出,男,1866
平成29,2017,瀬谷区,市外移動_転出,女,1571
平成29,2017,瀬谷区,市内移動_転入,総数,2173
平成29,2017,瀬谷区,市内移動_転入,男,1093
平成29,2017,瀬谷区,市内移動_転入,女,1080
平成29,2017,瀬谷区,市内移動_転出,総数,1891
平成29,2017,瀬谷区,市内移動_転出,男,943
平成29,2017,瀬谷区,市内移動_転出,女,948
平成29,2017,瀬谷区,その他増減,総数,46
平成29,2017,瀬谷区,その他増減,男,19
平成29,2017,瀬谷区,その他増減,女,27
平成29,2017,瀬谷区,自然増減,総数,-472
平成29,2017,瀬谷区,自然増減,男,-247
平成29,2017,瀬谷区,自然増減,女,-225
平成29,2017,瀬谷区,出生,総数,798
平成29,2017,瀬谷区,出生,男,421
平成29,2017,瀬谷区,出生,女,377
平成29,2017,瀬谷区,死亡,総数,1270
平成29,2017,瀬谷区,死亡,男,668
平成29,2017,瀬谷区,死亡,女,602
平成29,2017,瀬谷区,人口増減率,,-0.52497
平成29,2017,瀬谷区,社会増減率,,-0.14493
平成29,2017,瀬谷区,自然増減率,,-0.38004
平成30,2018,鶴見区,世帯数増減,,1984
平成30,2018,鶴見区,人口増減,総数,2225
平成30,2018,鶴見区,人口増減,男,1010
平成30,2018,鶴見区,人口増減,女,1215
平成30,2018,鶴見区,社会増減,総数,2297
平成30,2018,鶴見区,社会増減,男,1154
平成30,2018,鶴見区,社会増減,女,1143
平成30,2018,鶴見区,市外移動_転入,総数,15762
平成30,2018,鶴見区,市外移動_転入,男,8918
平成30,2018,鶴見区,市外移動_転入,女,6844
平成30,2018,鶴見区,市外移動_転出,総数,13040
平成30,2018,鶴見区,市外移動_転出,男,7455
平成30,2018,鶴見区,市外移動_転出,女,5585
平成30,2018,鶴見区,市内移動_転入,総数,3615
平成30,2018,鶴見区,市内移動_転入,男,1881
平成30,2018,鶴見区,市内移動_転入,女,1734
平成30,2018,鶴見区,市内移動_転出,総数,3952
平成30,2018,鶴見区,市内移動_転出,男,2119
平成30,2018,鶴見区,市内移動_転出,女,1833
平成30,2018,鶴見区,その他増減,総数,-88
平成30,2018,鶴見区,その他増減,男,-71
平成30,2018,鶴見区,その他増減,女,-17
平成30,2018,鶴見区,自然増減,総数,-72
平成30,2018,鶴見区,自然増減,男,-144
平成30,2018,鶴見区,自然増減,女,72
平成30,2018,鶴見区,出生,総数,2473
平成30,2018,鶴見区,出生,男,1262
平成30,2018,鶴見区,出生,女,1211
平成30,2018,鶴見区,死亡,総数,2545
平成30,2018,鶴見区,死亡,男,1406
平成30,2018,鶴見区,死亡,女,1139
平成30,2018,鶴見区,人口増減率,,0.76999
平成30,2018,鶴見区,社会増減率,,0.7949
平成30,2018,鶴見区,自然増減率,,-0.02492
平成30,2018,神奈川区,世帯数増減,,1781
平成30,2018,神奈川区,人口増減,総数,1718
平成30,2018,神奈川区,人口増減,男,643
平成30,2018,神奈川区,人口増減,女,1075
平成30,2018,神奈川区,社会増減,総数,1826
平成30,2018,神奈川区,社会増減,男,746
平成30,2018,神奈川区,社会増減,女,1080
平成30,2018,神奈川区,市外移動_転入,総数,12036
平成30,2018,神奈川区,市外移動_転入,男,6514
平成30,2018,神奈川区,市外移動_転入,女,5522
平成30,2018,神奈川区,市外移動_転出,総数,9861
平成30,2018,神奈川区,市外移動_転出,男,5474
平成30,2018,神奈川区,市外移動_転出,女,4387
平成30,2018,神奈川区,市内移動_転入,総数,5733
平成30,2018,神奈川区,市内移動_転入,男,2896
平成30,2018,神奈川区,市内移動_転入,女,2837
平成30,2018,神奈川区,市内移動_転出,総数,6106
平成30,2018,神奈川区,市内移動_転出,男,3166
平成30,2018,神奈川区,市内移動_転出,女,2940
平成30,2018,神奈川区,その他増減,総数,24
平成30,2018,神奈川区,その他増減,男,-24
平成30,2018,神奈川区,その他増減,女,48
平成30,2018,神奈川区,自然増減,総数,-108
平成30,2018,神奈川区,自然増減,男,-103
平成30,2018,神奈川区,自然増減,女,-5
平成30,2018,神奈川区,出生,総数,1980
平成30,2018,神奈川区,出生,男,997
平成30,2018,神奈川区,出生,女,983
平成30,2018,神奈川区,死亡,総数,2088
平成30,2018,神奈川区,死亡,男,1100
平成30,2018,神奈川区,死亡,女,988
平成30,2018,神奈川区,人口増減率,,0.71108
平成30,2018,神奈川区,社会増減率,,0.75578
平成30,2018,神奈川区,自然増減率,,-0.0447
平成30,2018,西区,世帯数増減,,1576
平成30,2018,西区,人口増減,総数,2352
平成30,2018,西区,人口増減,男,1155
平成30,2018,西区,人口増減,女,1197
平成30,2018,西区,社会増減,総数,2456
平成30,2018,西区,社会増減,男,1201
平成30,2018,西区,社会増減,女,1255
平成30,2018,西区,市外移動_転入,総数,6662
平成30,2018,西区,市外移動_転入,男,3679
平成30,2018,西区,市外移動_転入,女,2983
平成30,2018,西区,市外移動_転出,総数,4522
平成30,2018,西区,市外移動_転出,男,2546
平成30,2018,西区,市外移動_転出,女,1976
平成30,2018,西区,市内移動_転入,総数,3948
平成30,2018,西区,市内移動_転入,男,1990
平成30,2018,西区,市内移動_転入,女,1958
平成30,2018,西区,市内移動_転出,総数,3464
平成30,2018,西区,市内移動_転出,男,1798
平成30,2018,西区,市内移動_転出,女,1666
平成30,2018,西区,その他増減,総数,-168
平成30,2018,西区,その他増減,男,-124
平成30,2018,西区,その他増減,女,-44
平成30,2018,西区,自然増減,総数,-104
平成30,2018,西区,自然増減,男,-46
平成30,2018,西区,自然増減,女,-58
平成30,2018,西区,出生,総数,795
平成30,2018,西区,出生,男,407
平成30,2018,西区,出生,女,388
平成30,2018,西区,死亡,総数,899
平成30,2018,西区,死亡,男,453
平成30,2018,西区,死亡,女,446
平成30,2018,西区,人口増減率,,2.35087
平成30,2018,西区,社会増減率,,2.45482
平成30,2018,西区,自然増減率,,-0.10395
平成30,2018,中区,世帯数増減,,431
平成30,2018,中区,人口増減,総数,13
平成30,2018,中区,人口増減,男,61
平成30,2018,中区,人口増減,女,-48
平成30,2018,中区,社会増減,総数,641
平成30,2018,中区,社会増減,男,520
平成30,2018,中区,社会増減,女,121
平成30,2018,中区,市外移動_転入,総数,8886
平成30,2018,中区,市外移動_転入,男,5140
平成30,2018,中区,市外移動_転入,女,3746
平成30,2018,中区,市外移動_転出,総数,6886
平成30,2018,中区,市外移動_転出,男,3892
平成30,2018,中区,市外移動_転出,女,2994
平成30,2018,中区,市内移動_転入,総数,4192
平成30,2018,中区,市内移動_転入,男,2335
平成30,2018,中区,市内移動_転入,女,1857
平成30,2018,中区,市内移動_転出,総数,5095
平成30,2018,中区,市内移動_転出,男,2773
平成30,2018,中区,市内移動_転出,女,2322
平成30,2018,中区,その他増減,総数,-456
平成30,2018,中区,その他増減,男,-290
平成30,2018,中区,その他増減,女,-166
平成30,2018,中区,自然増減,総数,-628
平成30,2018,中区,自然増減,男,-459
平成30,2018,中区,自然増減,女,-169
平成30,2018,中区,出生,総数,991
平成30,2018,中区,出生,男,528
平成30,2018,中区,出生,女,463
平成30,2018,中区,死亡,総数,1619
平成30,2018,中区,死亡,男,987
平成30,2018,中区,死亡,女,632
平成30,2018,中区,人口増減率,,0.00872
平成30,2018,中区,社会増減率,,0.42975
平成30,2018,中区,自然増減率,,-0.42104
平成30,2018,南区,世帯数増減,,1293
平成30,2018,南区,人口増減,総数,368
平成30,2018,南区,人口増減,男,228
平成30,2018,南区,人口増減,女,140
平成30,2018,南区,社会増減,総数,1347
平成30,2018,南区,社会増減,男,770
平成30,2018,南区,社会増減,女,577
平成30,2018,南区,市外移動_転入,総数,7972
平成30,2018,南区,市外移動_転入,男,4244
平成30,2018,南区,市外移動_転入,女,3728
平成30,2018,南区,市外移動_転出,総数,6383
平成30,2018,南区,市外移動_転出,男,3421
平成30,2018,南区,市外移動_転出,女,2962
平成30,2018,南区,市内移動_転入,総数,5554
平成30,2018,南区,市内移動_転入,男,2928
平成30,2018,南区,市内移動_転入,女,2626
平成30,2018,南区,市内移動_転出,総数,5713
平成30,2018,南区,市内移動_転出,男,2916
平成30,2018,南区,市内移動_転出,女,2797
平成30,2018,南区,その他増減,総数,-83
平成30,2018,南区,その他増減,男,-65
平成30,2018,南区,その他増減,女,-18
平成30,2018,南区,自然増減,総数,-979
平成30,2018,南区,自然増減,男,-542
平成30,2018,南区,自然増減,女,-437
平成30,2018,南区,出生,総数,1194
平成30,2018,南区,出生,男,599
平成30,2018,南区,出生,女,595
平成30,2018,南区,死亡,総数,2173
平成30,2018,南区,死亡,男,1141
平成30,2018,南区,死亡,女,1032
平成30,2018,南区,人口増減率,,0.18874
平成30,2018,南区,社会増減率,,0.69086
平成30,2018,南区,自然増減率,,-0.50212
平成30,2018,港南区,世帯数増減,,912
平成30,2018,港南区,人口増減,総数,-65
平成30,2018,港南区,人口増減,男,0
平成30,2018,港南区,人口増減,女,-65
平成30,2018,港南区,社会増減,総数,568
平成30,2018,港南区,社会増減,男,392
平成30,2018,港南区,社会増減,女,176
平成30,2018,港南区,市外移動_転入,総数,5452
平成30,2018,港南区,市外移動_転入,男,2935
平成30,2018,港南区,市外移動_転入,女,2517
平成30,2018,港南区,市外移動_転出,総数,5267
平成30,2018,港南区,市外移動_転出,男,2823
平成30,2018,港南区,市外移動_転出,女,2444
平成30,2018,港南区,市内移動_転入,総数,4536
平成30,2018,港南区,市内移動_転入,男,2312
平成30,2018,港南区,市内移動_転入,女,2224
平成30,2018,港南区,市内移動_転出,総数,4209
平成30,2018,港南区,市内移動_転出,男,2061
平成30,2018,港南区,市内移動_転出,女,2148
平成30,2018,港南区,その他増減,総数,56
平成30,2018,港南区,その他増減,男,29
平成30,2018,港南区,その他増減,女,27
平成30,2018,港南区,自然増減,総数,-633
平成30,2018,港南区,自然増減,男,-392
平成30,2018,港南区,自然増減,女,-241
平成30,2018,港南区,出生,総数,1359
平成30,2018,港南区,出生,男,694
平成30,2018,港南区,出生,女,665
平成30,2018,港南区,死亡,総数,1992
平成30,2018,港南区,死亡,男,1086
平成30,2018,港南区,死亡,女,906
平成30,2018,港南区,人口増減率,,-0.03038
平成30,2018,港南区,社会増減率,,0.26548
平成30,2018,港南区,自然増減率,,-0.29586
平成30,2018,保土ケ谷区,世帯数増減,,489
平成30,2018,保土ケ谷区,人口増減,総数,-938
平成30,2018,保土ケ谷区,人口増減,男,-516
平成30,2018,保土ケ谷区,人口増減,女,-422
平成30,2018,保土ケ谷区,社会増減,総数,-228
平成30,2018,保土ケ谷区,社会増減,男,-169
平成30,2018,保土ケ谷区,社会増減,女,-59
平成30,2018,保土ケ谷区,市外移動_転入,総数,6816
平成30,2018,保土ケ谷区,市外移動_転入,男,3771
平成30,2018,保土ケ谷区,市外移動_転入,女,3045
平成30,2018,保土ケ谷区,市外移動_転出,総数,6470
平成30,2018,保土ケ谷区,市外移動_転出,男,3603
平成30,2018,保土ケ谷区,市外移動_転出,女,2867
平成30,2018,保土ケ谷区,市内移動_転入,総数,4456
平成30,2018,保土ケ谷区,市内移動_転入,男,2282
平成30,2018,保土ケ谷区,市内移動_転入,女,2174
平成30,2018,保土ケ谷区,市内移動_転出,総数,4976
平成30,2018,保土ケ谷区,市内移動_転出,男,2569
平成30,2018,保土ケ谷区,市内移動_転出,女,2407
平成30,2018,保土ケ谷区,その他増減,総数,-54
平成30,2018,保土ケ谷区,その他増減,男,-50
平成30,2018,保土ケ谷区,その他増減,女,-4
平成30,2018,保土ケ谷区,自然増減,総数,-710
平成30,2018,保土ケ谷区,自然増減,男,-347
平成30,2018,保土ケ谷区,自然増減,女,-363
平成30,2018,保土ケ谷区,出生,総数,1350
平成30,2018,保土ケ谷区,出生,男,697
平成30,2018,保土ケ谷区,出生,女,653
平成30,2018,保土ケ谷区,死亡,総数,2060
平成30,2018,保土ケ谷区,死亡,男,1044
平成30,2018,保土ケ谷区,死亡,女,1016
平成30,2018,保土ケ谷区,人口増減率,,-0.4542
平成30,2018,保土ケ谷区,社会増減率,,-0.1104
平成30,2018,保土ケ谷区,自然増減率,,-0.3438
平成30,2018,旭区,世帯数増減,,1077
平成30,2018,旭区,人口増減,総数,-29
平成30,2018,旭区,人口増減,男,-91
平成30,2018,旭区,人口増減,女,62
平成30,2018,旭区,社会増減,総数,994
平成30,2018,旭区,社会増減,男,461
平成30,2018,旭区,社会増減,女,533
平成30,2018,旭区,市外移動_転入,総数,5967
平成30,2018,旭区,市外移動_転入,男,3098
平成30,2018,旭区,市外移動_転入,女,2869
平成30,2018,旭区,市外移動_転出,総数,5965
平成30,2018,旭区,市外移動_転出,男,3136
平成30,2018,旭区,市外移動_転出,女,2829
平成30,2018,旭区,市内移動_転入,総数,5009
平成30,2018,旭区,市内移動_転入,男,2519
平成30,2018,旭区,市内移動_転入,女,2490
平成30,2018,旭区,市内移動_転出,総数,4017
平成30,2018,旭区,市内移動_転出,男,1986
平成30,2018,旭区,市内移動_転出,女,2031
平成30,2018,旭区,その他増減,総数,0
平成30,2018,旭区,その他増減,男,-34
平成30,2018,旭区,その他増減,女,34
平成30,2018,旭区,自然増減,総数,-1023
平成30,2018,旭区,自然増減,男,-552
平成30,2018,旭区,自然増減,女,-471
平成30,2018,旭区,出生,総数,1556
平成30,2018,旭区,出生,男,787
平成30,2018,旭区,出生,女,769
平成30,2018,旭区,死亡,総数,2579
平成30,2018,旭区,死亡,男,1339
平成30,2018,旭区,死亡,女,1240
平成30,2018,旭区,人口増減率,,-0.0118
平成30,2018,旭区,社会増減率,,0.40447
平成30,2018,旭区,自然増減率,,-0.41627
平成30,2018,磯子区,世帯数増減,,558
平成30,2018,磯子区,人口増減,総数,92
平成30,2018,磯子区,人口増減,男,50
平成30,2018,磯子区,人口増減,女,42
平成30,2018,磯子区,社会増減,総数,577
平成30,2018,磯子区,社会増減,男,312
平成30,2018,磯子区,社会増減,女,265
平成30,2018,磯子区,市外移動_転入,総数,5644
平成30,2018,磯子区,市外移動_転入,男,3086
平成30,2018,磯子区,市外移動_転入,女,2558
平成30,2018,磯子区,市外移動_転出,総数,5072
平成30,2018,磯子区,市外移動_転出,男,2715
平成30,2018,磯子区,市外移動_転出,女,2357
平成30,2018,磯子区,市内移動_転入,総数,3780
平成30,2018,磯子区,市内移動_転入,男,1940
平成30,2018,磯子区,市内移動_転入,女,1840
平成30,2018,磯子区,市内移動_転出,総数,3760
平成30,2018,磯子区,市内移動_転出,男,1965
平成30,2018,磯子区,市内移動_転出,女,1795
平成30,2018,磯子区,その他増減,総数,-15
平成30,2018,磯子区,その他増減,男,-34
平成30,2018,磯子区,その他増減,女,19
平成30,2018,磯子区,自然増減,総数,-485
平成30,2018,磯子区,自然増減,男,-262
平成30,2018,磯子区,自然増減,女,-223
平成30,2018,磯子区,出生,総数,1282
平成30,2018,磯子区,出生,男,673
平成30,2018,磯子区,出生,女,609
平成30,2018,磯子区,死亡,総数,1767
平成30,2018,磯子区,死亡,男,935
平成30,2018,磯子区,死亡,女,832
平成30,2018,磯子区,人口増減率,,0.05525
平成30,2018,磯子区,社会増減率,,0.34652
平成30,2018,磯子区,自然増減率,,-0.29127
平成30,2018,金沢区,世帯数増減,,367
平成30,2018,金沢区,人口増減,総数,-999
平成30,2018,金沢区,人口増減,男,-456
平成30,2018,金沢区,人口増減,女,-543
平成30,2018,金沢区,社会増減,総数,-152
平成30,2018,金沢区,社会増減,男,-15
平成30,2018,金沢区,社会増減,女,-137
平成30,2018,金沢区,市外移動_転入,総数,6312
平成30,2018,金沢区,市外移動_転入,男,3353
平成30,2018,金沢区,市外移動_転入,女,2959
平成30,2018,金沢区,市外移動_転出,総数,6131
平成30,2018,金沢区,市外移動_転出,男,3199
平成30,2018,金沢区,市外移動_転出,女,2932
平成30,2018,金沢区,市内移動_転入,総数,2337
平成30,2018,金沢区,市内移動_転入,男,1183
平成30,2018,金沢区,市内移動_転入,女,1154
平成30,2018,金沢区,市内移動_転出,総数,2698
平成30,2018,金沢区,市内移動_転出,男,1339
平成30,2018,金沢区,市内移動_転出,女,1359
平成30,2018,金沢区,その他増減,総数,28
平成30,2018,金沢区,その他増減,男,-13
平成30,2018,金沢区,その他増減,女,41
平成30,2018,金沢区,自然増減,総数,-847
平成30,2018,金沢区,自然増減,男,-441
平成30,2018,金沢区,自然増減,女,-406
平成30,2018,金沢区,出生,総数,1165
平成30,2018,金沢区,出生,男,578
平成30,2018,金沢区,出生,女,587
平成30,2018,金沢区,死亡,総数,2012
平成30,2018,金沢区,死亡,男,1019
平成30,2018,金沢区,死亡,女,993
平成30,2018,金沢区,人口増減率,,-0.49942
平成30,2018,金沢区,社会増減率,,-0.07599
平成30,2018,金沢区,自然増減率,,-0.42343
平成30,2018,港北区,世帯数増減,,2142
平成30,2018,港北区,人口増減,総数,2711
平成30,2018,港北区,人口増減,男,1430
平成30,2018,港北区,人口増減,女,1281
平成30,2018,港北区,社会増減,総数,1578
平成30,2018,港北区,社会増減,男,799
平成30,2018,港北区,社会増減,女,779
平成30,2018,港北区,市外移動_転入,総数,18827
平成30,2018,港北区,市外移動_転入,男,9970
平成30,2018,港北区,市外移動_転入,女,8857
平成30,2018,港北区,市外移動_転出,総数,16492
平成30,2018,港北区,市外移動_転出,男,8764
平成30,2018,港北区,市外移動_転出,女,7728
平成30,2018,港北区,市内移動_転入,総数,5531
平成30,2018,港北区,市内移動_転入,男,2785
平成30,2018,港北区,市内移動_転入,女,2746
平成30,2018,港北区,市内移動_転出,総数,6464
平成30,2018,港北区,市内移動_転出,男,3275
平成30,2018,港北区,市内移動_転出,女,3189
平成30,2018,港北区,その他増減,総数,176
平成30,2018,港北区,その他増減,男,83
平成30,2018,港北区,その他増減,女,93
平成30,2018,港北区,自然増減,総数,1133
平成30,2018,港北区,自然増減,男,631
平成30,2018,港北区,自然増減,女,502
平成30,2018,港北区,出生,総数,3536
平成30,2018,港北区,出生,男,1886
平成30,2018,港北区,出生,女,1650
平成30,2018,港北区,死亡,総数,2403
平成30,2018,港北区,死亡,男,1255
平成30,2018,港北区,死亡,女,1148
平成30,2018,港北区,人口増減率,,0.77738
平成30,2018,港北区,社会増減率,,0.45249
平成30,2018,港北区,自然増減率,,0.32489
平成30,2018,緑区,世帯数増減,,815
平成30,2018,緑区,人口増減,総数,367
平成30,2018,緑区,人口増減,男,150
平成30,2018,緑区,人口増減,女,217
平成30,2018,緑区,社会増減,総数,474
平成30,2018,緑区,社会増減,男,216
平成30,2018,緑区,社会増減,女,258
平成30,2018,緑区,市外移動_転入,総数,6202
平成30,2018,緑区,市外移動_転入,男,3204
平成30,2018,緑区,市外移動_転入,女,2998
平成30,2018,緑区,市外移動_転出,総数,6429
平成30,2018,緑区,市外移動_転出,男,3383
平成30,2018,緑区,市外移動_転出,女,3046
平成30,2018,緑区,市内移動_転入,総数,3778
平成30,2018,緑区,市内移動_転入,男,1946
平成30,2018,緑区,市内移動_転入,女,1832
平成30,2018,緑区,市内移動_転出,総数,3153
平成30,2018,緑区,市内移動_転出,男,1580
平成30,2018,緑区,市内移動_転出,女,1573
平成30,2018,緑区,その他増減,総数,76
平成30,2018,緑区,その他増減,男,29
平成30,2018,緑区,その他増減,女,47
平成30,2018,緑区,自然増減,総数,-107
平成30,2018,緑区,自然増減,男,-66
平成30,2018,緑区,自然増減,女,-41
平成30,2018,緑区,出生,総数,1432
平成30,2018,緑区,出生,男,716
平成30,2018,緑区,出生,女,716
平成30,2018,緑区,死亡,総数,1539
平成30,2018,緑区,死亡,男,782
平成30,2018,緑区,死亡,女,757
平成30,2018,緑区,人口増減率,,0.20252
平成30,2018,緑区,社会増減率,,0.26157
平成30,2018,緑区,自然増減率,,-0.05905
平成30,2018,青葉区,世帯数増減,,1205
平成30,2018,青葉区,人口増減,総数,13
平成30,2018,青葉区,人口増減,男,-180
平成30,2018,青葉区,人口増減,女,193
平成30,2018,青葉区,社会増減,総数,-129
平成30,2018,青葉区,社会増減,男,-324
平成30,2018,青葉区,社会増減,女,195
平成30,2018,青葉区,市外移動_転入,総数,13872
平成30,2018,青葉区,市外移動_転入,男,7146
平成30,2018,青葉区,市外移動_転入,女,6726
平成30,2018,青葉区,市外移動_転出,総数,14203
平成30,2018,青葉区,市外移動_転出,男,7534
平成30,2018,青葉区,市外移動_転出,女,6669
平成30,2018,青葉区,市内移動_転入,総数,3004
平成30,2018,青葉区,市内移動_転入,男,1505
平成30,2018,青葉区,市内移動_転入,女,1499
平成30,2018,青葉区,市内移動_転出,総数,3001
平成30,2018,青葉区,市内移動_転出,男,1513
平成30,2018,青葉区,市内移動_転出,女,1488
平成30,2018,青葉区,その他増減,総数,199
平成30,2018,青葉区,その他増減,男,72
平成30,2018,青葉区,その他増減,女,127
平成30,2018,青葉区,自然増減,総数,142
平成30,2018,青葉区,自然増減,男,144
平成30,2018,青葉区,自然増減,女,-2
平成30,2018,青葉区,出生,総数,2228
平成30,2018,青葉区,出生,男,1165
平成30,2018,青葉区,出生,女,1063
平成30,2018,青葉区,死亡,総数,2086
平成30,2018,青葉区,死亡,男,1021
平成30,2018,青葉区,死亡,女,1065
平成30,2018,青葉区,人口増減率,,0.0042
平成30,2018,青葉区,社会増減率,,-0.04163
平成30,2018,青葉区,自然増減率,,0.04582
平成30,2018,都筑区,世帯数増減,,826
平成30,2018,都筑区,人口増減,総数,254
平成30,2018,都筑区,人口増減,男,-84
平成30,2018,都筑区,人口増減,女,338
平成30,2018,都筑区,社会増減,総数,-90
平成30,2018,都筑区,社会増減,男,-221
平成30,2018,都筑区,社会増減,女,131
平成30,2018,都筑区,市外移動_転入,総数,8167
平成30,2018,都筑区,市外移動_転入,男,4228
平成30,2018,都筑区,市外移動_転入,女,3939
平成30,2018,都筑区,市外移動_転出,総数,8086
平成30,2018,都筑区,市外移動_転出,男,4296
平成30,2018,都筑区,市外移動_転出,女,3790
平成30,2018,都筑区,市内移動_転入,総数,3428
平成30,2018,都筑区,市内移動_転入,男,1710
平成30,2018,都筑区,市内移動_転入,女,1718
平成30,2018,都筑区,市内移動_転出,総数,3644
平成30,2018,都筑区,市内移動_転出,男,1867
平成30,2018,都筑区,市内移動_転出,女,1777
平成30,2018,都筑区,その他増減,総数,45
平成30,2018,都筑区,その他増減,男,4
平成30,2018,都筑区,その他増減,女,41
平成30,2018,都筑区,自然増減,総数,344
平成30,2018,都筑区,自然増減,男,137
平成30,2018,都筑区,自然増減,女,207
平成30,2018,都筑区,出生,総数,1618
平成30,2018,都筑区,出生,男,835
平成30,2018,都筑区,出生,女,783
平成30,2018,都筑区,死亡,総数,1274
平成30,2018,都筑区,死亡,男,698
平成30,2018,都筑区,死亡,女,576
平成30,2018,都筑区,人口増減率,,0.12021
平成30,2018,都筑区,社会増減率,,-0.04259
平成30,2018,都筑区,自然増減率,,0.1628
平成30,2018,戸塚区,世帯数増減,,1987
平成30,2018,戸塚区,人口増減,総数,2203
平成30,2018,戸塚区,人口増減,男,910
平成30,2018,戸塚区,人口増減,女,1293
平成30,2018,戸塚区,社会増減,総数,2430
平成30,2018,戸塚区,社会増減,男,1140
平成30,2018,戸塚区,社会増減,女,1290
平成30,2018,戸塚区,市外移動_転入,総数,9304
平成30,2018,戸塚区,市外移動_転入,男,4864
平成30,2018,戸塚区,市外移動_転入,女,4440
平成30,2018,戸塚区,市外移動_転出,総数,8244
平成30,2018,戸塚区,市外移動_転出,男,4407
平成30,2018,戸塚区,市外移動_転出,女,3837
平成30,2018,戸塚区,市内移動_転入,総数,5252
平成30,2018,戸塚区,市内移動_転入,男,2648
平成30,2018,戸塚区,市内移動_転入,女,2604
平成30,2018,戸塚区,市内移動_転出,総数,3925
平成30,2018,戸塚区,市内移動_転出,男,1943
平成30,2018,戸塚区,市内移動_転出,女,1982
平成30,2018,戸塚区,その他増減,総数,43
平成30,2018,戸塚区,その他増減,男,-22
平成30,2018,戸塚区,その他増減,女,65
平成30,2018,戸塚区,自然増減,総数,-227
平成30,2018,戸塚区,自然増減,男,-230
平成30,2018,戸塚区,自然増減,女,3
平成30,2018,戸塚区,出生,総数,2232
平成30,2018,戸塚区,出生,男,1125
平成30,2018,戸塚区,出生,女,1107
平成30,2018,戸塚区,死亡,総数,2459
平成30,2018,戸塚区,死亡,男,1355
平成30,2018,戸塚区,死亡,女,1104
平成30,2018,戸塚区,人口増減率,,0.79526
平成30,2018,戸塚区,社会増減率,,0.87721
平成30,2018,戸塚区,自然増減率,,-0.08194
平成30,2018,栄区,世帯数増減,,38
平成30,2018,栄区,人口増減,総数,-839
平成30,2018,栄区,人口増減,男,-557
平成30,2018,栄区,人口増減,女,-282
平成30,2018,栄区,社会増減,総数,-440
平成30,2018,栄区,社会増減,男,-310
平成30,2018,栄区,社会増減,女,-130
平成30,2018,栄区,市外移動_転入,総数,3424
平成30,2018,栄区,市外移動_転入,男,1834
平成30,2018,栄区,市外移動_転入,女,1590
平成30,2018,栄区,市外移動_転出,総数,3714
平成30,2018,栄区,市外移動_転出,男,2046
平成30,2018,栄区,市外移動_転出,女,1668
平成30,2018,栄区,市内移動_転入,総数,1976
平成30,2018,栄区,市内移動_転入,男,1024
平成30,2018,栄区,市内移動_転入,女,952
平成30,2018,栄区,市内移動_転出,総数,2128
平成30,2018,栄区,市内移動_転出,男,1120
平成30,2018,栄区,市内移動_転出,女,1008
平成30,2018,栄区,その他増減,総数,2
平成30,2018,栄区,その他増減,男,-2
平成30,2018,栄区,その他増減,女,4
平成30,2018,栄区,自然増減,総数,-399
平成30,2018,栄区,自然増減,男,-247
平成30,2018,栄区,自然増減,女,-152
平成30,2018,栄区,出生,総数,799
平成30,2018,栄区,出生,男,401
平成30,2018,栄区,出生,女,398
平成30,2018,栄区,死亡,総数,1198
平成30,2018,栄区,死亡,男,648
平成30,2018,栄区,死亡,女,550
平成30,2018,栄区,人口増減率,,-0.69404
平成30,2018,栄区,社会増減率,,-0.36398
平成30,2018,栄区,自然増減率,,-0.33006
平成30,2018,泉区,世帯数増減,,396
平成30,2018,泉区,人口増減,総数,-688
平成30,2018,泉区,人口増減,男,-366
平成30,2018,泉区,人口増減,女,-322
平成30,2018,泉区,社会増減,総数,-254
平成30,2018,泉区,社会増減,男,-128
平成30,2018,泉区,社会増減,女,-126
平成30,2018,泉区,市外移動_転入,総数,3699
平成30,2018,泉区,市外移動_転入,男,1956
平成30,2018,泉区,市外移動_転入,女,1743
平成30,2018,泉区,市外移動_転出,総数,4148
平成30,2018,泉区,市外移動_転出,男,2166
平成30,2018,泉区,市外移動_転出,女,1982
平成30,2018,泉区,市内移動_転入,総数,2689
平成30,2018,泉区,市内移動_転入,男,1312
平成30,2018,泉区,市内移動_転入,女,1377
平成30,2018,泉区,市内移動_転出,総数,2535
平成30,2018,泉区,市内移動_転出,男,1236
平成30,2018,泉区,市内移動_転出,女,1299
平成30,2018,泉区,その他増減,総数,41
平成30,2018,泉区,その他増減,男,6
平成30,2018,泉区,その他増減,女,35
平成30,2018,泉区,自然増減,総数,-434
平成30,2018,泉区,自然増減,男,-238
平成30,2018,泉区,自然増減,女,-196
平成30,2018,泉区,出生,総数,1061
平成30,2018,泉区,出生,男,547
平成30,2018,泉区,出生,女,514
平成30,2018,泉区,死亡,総数,1495
平成30,2018,泉区,死亡,男,785
平成30,2018,泉区,死亡,女,710
平成30,2018,泉区,人口増減率,,-0.44972
平成30,2018,泉区,社会増減率,,-0.16603
平成30,2018,泉区,自然増減率,,-0.28369
平成30,2018,瀬谷区,世帯数増減,,132
平成30,2018,瀬谷区,人口増減,総数,-898
平成30,2018,瀬谷区,人口増減,男,-471
平成30,2018,瀬谷区,人口増減,女,-427
平成30,2018,瀬谷区,社会増減,総数,-439
平成30,2018,瀬谷区,社会増減,男,-220
平成30,2018,瀬谷区,社会増減,女,-219
平成30,2018,瀬谷区,市外移動_転入,総数,2973
平成30,2018,瀬谷区,市外移動_転入,男,1594
平成30,2018,瀬谷区,市外移動_転入,女,1379
平成30,2018,瀬谷区,市外移動_転出,総数,3484
平成30,2018,瀬谷区,市外移動_転出,男,1864
平成30,2018,瀬谷区,市外移動_転出,女,1620
平成30,2018,瀬谷区,市内移動_転入,総数,2046
平成30,2018,瀬谷区,市内移動_転入,男,1015
平成30,2018,瀬谷区,市内移動_転入,女,1031
平成30,2018,瀬谷区,市内移動_転出,総数,1984
平成30,2018,瀬谷区,市内移動_転出,男,954
平成30,2018,瀬谷区,市内移動_転出,女,1030
平成30,2018,瀬谷区,その他増減,総数,10
平成30,2018,瀬谷区,その他増減,男,-11
平成30,2018,瀬谷区,その他増減,女,21
平成30,2018,瀬谷区,自然増減,総数,-459
平成30,2018,瀬谷区,自然増減,男,-251
平成30,2018,瀬谷区,自然増減,女,-208
平成30,2018,瀬谷区,出生,総数,840
平成30,2018,瀬谷区,出生,男,454
平成30,2018,瀬谷区,出生,女,386
平成30,2018,瀬谷区,死亡,総数,1299
平成30,2018,瀬谷区,死亡,男,705
平成30,2018,瀬谷区,死亡,女,594
平成30,2018,瀬谷区,人口増減率,,-0.72686
平成30,2018,瀬谷区,社会増減率,,-0.35534
平成30,2018,瀬谷区,自然増減率,,-0.37152
令和元,2019,鶴見区,世帯数増減,,2255
令和元,2019,鶴見区,人口増減,総数,1784
令和元,2019,鶴見区,人口増減,男,1011
令和元,2019,鶴見区,人口増減,女,773
令和元,2019,鶴見区,社会増減,総数,1856
令和元,2019,鶴見区,社会増減,男,1088
令和元,2019,鶴見区,社会増減,女,768
令和元,2019,鶴見区,市外移動_転入,総数,16005
令和元,2019,鶴見区,市外移動_転入,男,9115
令和元,2019,鶴見区,市外移動_転入,女,6890
令和元,2019,鶴見区,市外移動_転出,総数,13657
令和元,2019,鶴見区,市外移動_転出,男,7712
令和元,2019,鶴見区,市外移動_転出,女,5945
令和元,2019,鶴見区,市内移動_転入,総数,3448
令和元,2019,鶴見区,市内移動_転入,男,1802
令和元,2019,鶴見区,市内移動_転入,女,1646
令和元,2019,鶴見区,市内移動_転出,総数,3873
令和元,2019,鶴見区,市内移動_転出,男,2069
令和元,2019,鶴見区,市内移動_転出,女,1804
令和元,2019,鶴見区,その他増減,総数,-67
令和元,2019,鶴見区,その他増減,男,-48
令和元,2019,鶴見区,その他増減,女,-19
令和元,2019,鶴見区,自然増減,総数,-72
令和元,2019,鶴見区,自然増減,男,-77
令和元,2019,鶴見区,自然増減,女,5
令和元,2019,鶴見区,出生,総数,2384
令和元,2019,鶴見区,出生,男,1255
令和元,2019,鶴見区,出生,女,1129
令和元,2019,鶴見区,死亡,総数,2456
令和元,2019,鶴見区,死亡,男,1332
令和元,2019,鶴見区,死亡,女,1124
令和元,2019,鶴見区,人口増減率,,0.61266
令和元,2019,鶴見区,社会増減率,,0.63738
令和元,2019,鶴見区,自然増減率,,-0.02473
令和元,2019,神奈川区,世帯数増減,,1886
令和元,2019,神奈川区,人口増減,総数,1712
令和元,2019,神奈川区,人口増減,男,875
令和元,2019,神奈川区,人口増減,女,837
令和元,2019,神奈川区,社会増減,総数,2011
令和元,2019,神奈川区,社会増減,男,1092
令和元,2019,神奈川区,社会増減,女,919
令和元,2019,神奈川区,市外移動_転入,総数,12518
令和元,2019,神奈川区,市外移動_転入,男,6891
令和元,2019,神奈川区,市外移動_転入,女,5627
令和元,2019,神奈川区,市外移動_転出,総数,10066
令和元,2019,神奈川区,市外移動_転出,男,5537
令和元,2019,神奈川区,市外移動_転出,女,4529
令和元,2019,神奈川区,市内移動_転入,総数,5675
令和元,2019,神奈川区,市内移動_転入,男,2863
令和元,2019,神奈川区,市内移動_転入,女,2812
令和元,2019,神奈川区,市内移動_転出,総数,6102
令和元,2019,神奈川区,市内移動_転出,男,3119
令和元,2019,神奈川区,市内移動_転出,女,2983
令和元,2019,神奈川区,その他増減,総数,-14
令和元,2019,神奈川区,その他増減,男,-6
令和元,2019,神奈川区,その他増減,女,-8
令和元,2019,神奈川区,自然増減,総数,-299
令和元,2019,神奈川区,自然増減,男,-217
令和元,2019,神奈川区,自然増減,女,-82
令和元,2019,神奈川区,出生,総数,1821
令和元,2019,神奈川区,出生,男,895
令和元,2019,神奈川区,出生,女,926
令和元,2019,神奈川区,死亡,総数,2120
令和元,2019,神奈川区,死亡,男,1112
令和元,2019,神奈川区,死亡,女,1008
令和元,2019,神奈川区,人口増減率,,0.70359
令和元,2019,神奈川区,社会増減率,,0.82647
令和元,2019,神奈川区,自然増減率,,-0.12288
令和元,2019,西区,世帯数増減,,1175
令和元,2019,西区,人口増減,総数,1585
令和元,2019,西区,人口増減,男,757
令和元,2019,西区,人口増減,女,828
令和元,2019,西区,社会増減,総数,1610
令和元,2019,西区,社会増減,男,774
令和元,2019,西区,社会増減,女,836
令和元,2019,西区,市外移動_転入,総数,6436
令和元,2019,西区,市外移動_転入,男,3654
令和元,2019,西区,市外移動_転入,女,2782
令和元,2019,西区,市外移動_転出,総数,4870
令和元,2019,西区,市外移動_転出,男,2809
令和元,2019,西区,市外移動_転出,女,2061
令和元,2019,西区,市内移動_転入,総数,3562
令和元,2019,西区,市内移動_転入,男,1825
令和元,2019,西区,市内移動_転入,女,1737
令和元,2019,西区,市内移動_転出,総数,3319
令和元,2019,西区,市内移動_転出,男,1766
令和元,2019,西区,市内移動_転出,女,1553
令和元,2019,西区,その他増減,総数,-199
令和元,2019,西区,その他増減,男,-130
令和元,2019,西区,その他増減,女,-69
令和元,2019,西区,自然増減,総数,-25
令和元,2019,西区,自然増減,男,-17
令和元,2019,西区,自然増減,女,-8
令和元,2019,西区,出生,総数,878
令和元,2019,西区,出生,男,445
令和元,2019,西区,出生,女,433
令和元,2019,西区,死亡,総数,903
令和元,2019,西区,死亡,男,462
令和元,2019,西区,死亡,女,441
令和元,2019,西区,人口増減率,,1.54785
令和元,2019,西区,社会増減率,,1.57227
令和元,2019,西区,自然増減率,,-0.02441
令和元,2019,中区,世帯数増減,,1085
令和元,2019,中区,人口増減,総数,742
令和元,2019,中区,人口増減,男,399
令和元,2019,中区,人口増減,女,343
令和元,2019,中区,社会増減,総数,1408
令和元,2019,中区,社会増減,男,888
令和元,2019,中区,社会増減,女,520
令和元,2019,中区,市外移動_転入,総数,9177
令和元,2019,中区,市外移動_転入,男,5288
令和元,2019,中区,市外移動_転入,女,3889
令和元,2019,中区,市外移動_転出,総数,6968
令和元,2019,中区,市外移動_転出,男,3952
令和元,2019,中区,市外移動_転出,女,3016
令和元,2019,中区,市内移動_転入,総数,4364
令和元,2019,中区,市内移動_転入,男,2417
令和元,2019,中区,市内移動_転入,女,1947
令和元,2019,中区,市内移動_転出,総数,4753
令和元,2019,中区,市内移動_転出,男,2569
令和元,2019,中区,市内移動_転出,女,2184
令和元,2019,中区,その他増減,総数,-412
令和元,2019,中区,その他増減,男,-296
令和元,2019,中区,その他増減,女,-116
令和元,2019,中区,自然増減,総数,-666
令和元,2019,中区,自然増減,男,-489
令和元,2019,中区,自然増減,女,-177
令和元,2019,中区,出生,総数,889
令和元,2019,中区,出生,男,453
令和元,2019,中区,出生,女,436
令和元,2019,中区,死亡,総数,1555
令和元,2019,中区,死亡,男,942
令和元,2019,中区,死亡,女,613
令和元,2019,中区,人口増減率,,0.49743
令和元,2019,中区,社会増減率,,0.9439
令和元,2019,中区,自然増減率,,-0.44648
令和元,2019,南区,世帯数増減,,1051
令和元,2019,南区,人口増減,総数,140
令和元,2019,南区,人口増減,男,219
令和元,2019,南区,人口増減,女,-79
令和元,2019,南区,社会増減,総数,1152
令和元,2019,南区,社会増減,男,792
令和元,2019,南区,社会増減,女,360
令和元,2019,南区,市外移動_転入,総数,8191
令和元,2019,南区,市外移動_転入,男,4472
令和元,2019,南区,市外移動_転入,女,3719
令和元,2019,南区,市外移動_転出,総数,6511
令和元,2019,南区,市外移動_転出,男,3509
令和元,2019,南区,市外移動_転出,女,3002
令和元,2019,南区,市内移動_転入,総数,5289
令和元,2019,南区,市内移動_転入,男,2757
令和元,2019,南区,市内移動_転入,女,2532
令和元,2019,南区,市内移動_転出,総数,5710
令和元,2019,南区,市内移動_転出,男,2873
令和元,2019,南区,市内移動_転出,女,2837
令和元,2019,南区,その他増減,総数,-107
令和元,2019,南区,その他増減,男,-55
令和元,2019,南区,その他増減,女,-52
令和元,2019,南区,自然増減,総数,-1012
令和元,2019,南区,自然増減,男,-573
令和元,2019,南区,自然増減,女,-439
令和元,2019,南区,出生,総数,1236
令和元,2019,南区,出生,男,629
令和元,2019,南区,出生,女,607
令和元,2019,南区,死亡,総数,2248
令和元,2019,南区,死亡,男,1202
令和元,2019,南区,死亡,女,1046
令和元,2019,南区,人口増減率,,0.07167
令和元,2019,南区,社会増減率,,0.58973
令和元,2019,南区,自然増減率,,-0.51807
令和元,2019,港南区,世帯数増減,,955
令和元,2019,港南区,人口増減,総数,-140
令和元,2019,港南区,人口増減,男,-173
令和元,2019,港南区,人口増減,女,33
令和元,2019,港南区,社会増減,総数,712
令和元,2019,港南区,社会増減,男,330
令和元,2019,港南区,社会増減,女,382
令和元,2019,港南区,市外移動_転入,総数,5671
令和元,2019,港南区,市外移動_転入,男,3019
令和元,2019,港南区,市外移動_転入,女,2652
令和元,2019,港南区,市外移動_転出,総数,5350
令和元,2019,港南区,市外移動_転出,男,2920
令和元,2019,港南区,市外移動_転出,女,2430
令和元,2019,港南区,市内移動_転入,総数,4356
令和元,2019,港南区,市内移動_転入,男,2246
令和元,2019,港南区,市内移動_転入,女,2110
令和元,2019,港南区,市内移動_転出,総数,3966
令和元,2019,港南区,市内移動_転出,男,1990
令和元,2019,港南区,市内移動_転出,女,1976
令和元,2019,港南区,その他増減,総数,1
令和元,2019,港南区,その他増減,男,-25
令和元,2019,港南区,その他増減,女,26
令和元,2019,港南区,自然増減,総数,-852
令和元,2019,港南区,自然増減,男,-503
令和元,2019,港南区,自然増減,女,-349
令和元,2019,港南区,出生,総数,1288
令和元,2019,港南区,出生,男,665
令和元,2019,港南区,出生,女,623
令和元,2019,港南区,死亡,総数,2140
令和元,2019,港南区,死亡,男,1168
令和元,2019,港南区,死亡,女,972
令和元,2019,港南区,人口増減率,,-0.06545
令和元,2019,港南区,社会増減率,,0.33288
令和元,2019,港南区,自然増減率,,-0.39833
令和元,2019,保土ケ谷区,世帯数増減,,1365
令和元,2019,保土ケ谷区,人口増減,総数,362
令和元,2019,保土ケ谷区,人口増減,男,100
令和元,2019,保土ケ谷区,人口増減,女,262
令和元,2019,保土ケ谷区,社会増減,総数,1147
令和元,2019,保土ケ谷区,社会増減,男,540
令和元,2019,保土ケ谷区,社会増減,女,607
令和元,2019,保土ケ谷区,市外移動_転入,総数,7584
令和元,2019,保土ケ谷区,市外移動_転入,男,4141
令和元,2019,保土ケ谷区,市外移動_転入,女,3443
令和元,2019,保土ケ谷区,市外移動_転出,総数,6243
令和元,2019,保土ケ谷区,市外移動_転出,男,3440
令和元,2019,保土ケ谷区,市外移動_転出,女,2803
令和元,2019,保土ケ谷区,市内移動_転入,総数,4686
令和元,2019,保土ケ谷区,市内移動_転入,男,2374
令和元,2019,保土ケ谷区,市内移動_転入,女,2312
令和元,2019,保土ケ谷区,市内移動_転出,総数,4784
令和元,2019,保土ケ谷区,市内移動_転出,男,2446
令和元,2019,保土ケ谷区,市内移動_転出,女,2338
令和元,2019,保土ケ谷区,その他増減,総数,-96
令和元,2019,保土ケ谷区,その他増減,男,-89
令和元,2019,保土ケ谷区,その他増減,女,-7
令和元,2019,保土ケ谷区,自然増減,総数,-785
令和元,2019,保土ケ谷区,自然増減,男,-440
令和元,2019,保土ケ谷区,自然増減,女,-345
令和元,2019,保土ケ谷区,出生,総数,1279
令和元,2019,保土ケ谷区,出生,男,670
令和元,2019,保土ケ谷区,出生,女,609
令和元,2019,保土ケ谷区,死亡,総数,2064
令和元,2019,保土ケ谷区,死亡,男,1110
令和元,2019,保土ケ谷区,死亡,女,954
令和元,2019,保土ケ谷区,人口増減率,,0.17609
令和元,2019,保土ケ谷区,社会増減率,,0.55794
令和元,2019,保土ケ谷区,自然増減率,,-0.38185
令和元,2019,旭区,世帯数増減,,903
令和元,2019,旭区,人口増減,総数,-600
令和元,2019,旭区,人口増減,男,-340
令和元,2019,旭区,人口増減,女,-260
令和元,2019,旭区,社会増減,総数,559
令和元,2019,旭区,社会増減,男,331
令和元,2019,旭区,社会増減,女,228
令和元,2019,旭区,市外移動_転入,総数,5830
令和元,2019,旭区,市外移動_転入,男,3076
令和元,2019,旭区,市外移動_転入,女,2754
令和元,2019,旭区,市外移動_転出,総数,5936
令和元,2019,旭区,市外移動_転出,男,3157
令和元,2019,旭区,市外移動_転出,女,2779
令和元,2019,旭区,市内移動_転入,総数,4491
令和元,2019,旭区,市内移動_転入,男,2277
令和元,2019,旭区,市内移動_転入,女,2214
令和元,2019,旭区,市内移動_転出,総数,3875
令和元,2019,旭区,市内移動_転出,男,1869
令和元,2019,旭区,市内移動_転出,女,2006
令和元,2019,旭区,その他増減,総数,49
令和元,2019,旭区,その他増減,男,4
令和元,2019,旭区,その他増減,女,45
令和元,2019,旭区,自然増減,総数,-1159
令和元,2019,旭区,自然増減,男,-671
令和元,2019,旭区,自然増減,女,-488
令和元,2019,旭区,出生,総数,1511
令和元,2019,旭区,出生,男,758
令和元,2019,旭区,出生,女,753
令和元,2019,旭区,死亡,総数,2670
令和元,2019,旭区,死亡,男,1429
令和元,2019,旭区,死亡,女,1241
令和元,2019,旭区,人口増減率,,-0.24417
令和元,2019,旭区,社会増減率,,0.22749
令和元,2019,旭区,自然増減率,,-0.47166
令和元,2019,磯子区,世帯数増減,,632
令和元,2019,磯子区,人口増減,総数,-260
令和元,2019,磯子区,人口増減,男,-148
令和元,2019,磯子区,人口増減,女,-112
令和元,2019,磯子区,社会増減,総数,274
令和元,2019,磯子区,社会増減,男,160
令和元,2019,磯子区,社会増減,女,114
令和元,2019,磯子区,市外移動_転入,総数,6074
令和元,2019,磯子区,市外移動_転入,男,3442
令和元,2019,磯子区,市外移動_転入,女,2632
令和元,2019,磯子区,市外移動_転出,総数,5508
令和元,2019,磯子区,市外移動_転出,男,3029
令和元,2019,磯子区,市外移動_転出,女,2479
令和元,2019,磯子区,市内移動_転入,総数,3618
令和元,2019,磯子区,市内移動_転入,男,1833
令和元,2019,磯子区,市内移動_転入,女,1785
令和元,2019,磯子区,市内移動_転出,総数,3904
令和元,2019,磯子区,市内移動_転出,男,2052
令和元,2019,磯子区,市内移動_転出,女,1852
令和元,2019,磯子区,その他増減,総数,-6
令和元,2019,磯子区,その他増減,男,-34
令和元,2019,磯子区,その他増減,女,28
令和元,2019,磯子区,自然増減,総数,-534
令和元,2019,磯子区,自然増減,男,-308
令和元,2019,磯子区,自然増減,女,-226
令和元,2019,磯子区,出生,総数,1105
令和元,2019,磯子区,出生,男,554
令和元,2019,磯子区,出生,女,551
令和元,2019,磯子区,死亡,総数,1639
令和元,2019,磯子区,死亡,男,862
令和元,2019,磯子区,死亡,女,777
令和元,2019,磯子区,人口増減率,,-0.15606
令和元,2019,磯子区,社会増減率,,0.16446
令和元,2019,磯子区,自然増減率,,-0.32051
令和元,2019,金沢区,世帯数増減,,474
令和元,2019,金沢区,人口増減,総数,-980
令和元,2019,金沢区,人口増減,男,-430
令和元,2019,金沢区,人口増減,女,-550
令和元,2019,金沢区,社会増減,総数,-251
令和元,2019,金沢区,社会増減,男,-9
令和元,2019,金沢区,社会増減,女,-242
令和元,2019,金沢区,市外移動_転入,総数,6315
令和元,2019,金沢区,市外移動_転入,男,3405
令和元,2019,金沢区,市外移動_転入,女,2910
令和元,2019,金沢区,市外移動_転出,総数,6086
令和元,2019,金沢区,市外移動_転出,男,3219
令和元,2019,金沢区,市外移動_転出,女,2867
令和元,2019,金沢区,市内移動_転入,総数,2167
令和元,2019,金沢区,市内移動_転入,男,1113
令和元,2019,金沢区,市内移動_転入,女,1054
令和元,2019,金沢区,市内移動_転出,総数,2659
令和元,2019,金沢区,市内移動_転出,男,1302
令和元,2019,金沢区,市内移動_転出,女,1357
令和元,2019,金沢区,その他増減,総数,12
令和元,2019,金沢区,その他増減,男,-6
令和元,2019,金沢区,その他増減,女,18
令和元,2019,金沢区,自然増減,総数,-729
令和元,2019,金沢区,自然増減,男,-421
令和元,2019,金沢区,自然増減,女,-308
令和元,2019,金沢区,出生,総数,1138
令和元,2019,金沢区,出生,男,593
令和元,2019,金沢区,出生,女,545
令和元,2019,金沢区,死亡,総数,1867
令和元,2019,金沢区,死亡,男,1014
令和元,2019,金沢区,死亡,女,853
令和元,2019,金沢区,人口増減率,,-0.49238
令和元,2019,金沢区,社会増減率,,-0.12611
令和元,2019,金沢区,自然増減率,,-0.36627
令和元,2019,港北区,世帯数増減,,2317
令和元,2019,港北区,人口増減,総数,2172
令和元,2019,港北区,人口増減,男,856
令和元,2019,港北区,人口増減,女,1316
令和元,2019,港北区,社会増減,総数,1468
令和元,2019,港北区,社会増減,男,517
令和元,2019,港北区,社会増減,女,951
令和元,2019,港北区,市外移動_転入,総数,18982
令和元,2019,港北区,市外移動_転入,男,9994
令和元,2019,港北区,市外移動_転入,女,8988
令和元,2019,港北区,市外移動_転出,総数,16659
令和元,2019,港北区,市外移動_転出,男,8942
令和元,2019,港北区,市外移動_転出,女,7717
令和元,2019,港北区,市内移動_転入,総数,5525
令和元,2019,港北区,市内移動_転入,男,2746
令和元,2019,港北区,市内移動_転入,女,2779
令和元,2019,港北区,市内移動_転出,総数,6450
令和元,2019,港北区,市内移動_転出,男,3311
令和元,2019,港北区,市内移動_転出,女,3139
令和元,2019,港北区,その他増減,総数,70
令和元,2019,港北区,その他増減,男,30
令和元,2019,港北区,その他増減,女,40
令和元,2019,港北区,自然増減,総数,704
令和元,2019,港北区,自然増減,男,339
令和元,2019,港北区,自然増減,女,365
令和元,2019,港北区,出生,総数,3175
令和元,2019,港北区,出生,男,1645
令和元,2019,港北区,出生,女,1530
令和元,2019,港北区,死亡,総数,2471
令和元,2019,港北区,死亡,男,1306
令和元,2019,港北区,死亡,女,1165
令和元,2019,港北区,人口増減率,,0.61801
令和元,2019,港北区,社会増減率,,0.4177
令和元,2019,港北区,自然増減率,,0.20031
令和元,2019,緑区,世帯数増減,,1190
令和元,2019,緑区,人口増減,総数,913
令和元,2019,緑区,人口増減,男,448
令和元,2019,緑区,人口増減,女,465
令和元,2019,緑区,社会増減,総数,1076
令和元,2019,緑区,社会増減,男,537
令和元,2019,緑区,社会増減,女,539
令和元,2019,緑区,市外移動_転入,総数,6565
令和元,2019,緑区,市外移動_転入,男,3431
令和元,2019,緑区,市外移動_転入,女,3134
令和元,2019,緑区,市外移動_転出,総数,6312
令和元,2019,緑区,市外移動_転出,男,3304
令和元,2019,緑区,市外移動_転出,女,3008
令和元,2019,緑区,市内移動_転入,総数,3783
令和元,2019,緑区,市内移動_転入,男,1901
令和元,2019,緑区,市内移動_転入,女,1882
令和元,2019,緑区,市内移動_転出,総数,3055
令和元,2019,緑区,市内移動_転出,男,1531
令和元,2019,緑区,市内移動_転出,女,1524
令和元,2019,緑区,その他増減,総数,95
令和元,2019,緑区,その他増減,男,40
令和元,2019,緑区,その他増減,女,55
令和元,2019,緑区,自然増減,総数,-163
令和元,2019,緑区,自然増減,男,-89
令和元,2019,緑区,自然増減,女,-74
令和元,2019,緑区,出生,総数,1371
令和元,2019,緑区,出生,男,706
令和元,2019,緑区,出生,女,665
令和元,2019,緑区,死亡,総数,1534
令和元,2019,緑区,死亡,男,795
令和元,2019,緑区,死亡,女,739
令和元,2019,緑区,人口増減率,,0.5028
令和元,2019,緑区,社会増減率,,0.59257
令和元,2019,緑区,自然増減率,,-0.08977
令和元,2019,青葉区,世帯数増減,,1261
令和元,2019,青葉区,人口増減,総数,494
令和元,2019,青葉区,人口増減,男,-58
令和元,2019,青葉区,人口増減,女,552
令和元,2019,青葉区,社会増減,総数,632
令和元,2019,青葉区,社会増減,男,-22
令和元,2019,青葉区,社会増減,女,654
令和元,2019,青葉区,市外移動_転入,総数,14521
令和元,2019,青葉区,市外移動_転入,男,7347
令和元,2019,青葉区,市外移動_転入,女,7174
令和元,2019,青葉区,市外移動_転出,総数,14283
令和元,2019,青葉区,市外移動_転出,男,7483
令和元,2019,青葉区,市外移動_転出,女,6800
令和元,2019,青葉区,市内移動_転入,総数,3006
令和元,2019,青葉区,市内移動_転入,男,1450
令和元,2019,青葉区,市内移動_転入,女,1556
令和元,2019,青葉区,市内移動_転出,総数,2871
令和元,2019,青葉区,市内移動_転出,男,1434
令和元,2019,青葉区,市内移動_転出,女,1437
令和元,2019,青葉区,その他増減,総数,259
令和元,2019,青葉区,その他増減,男,98
令和元,2019,青葉区,その他増減,女,161
令和元,2019,青葉区,自然増減,総数,-138
令和元,2019,青葉区,自然増減,男,-36
令和元,2019,青葉区,自然増減,女,-102
令和元,2019,青葉区,出生,総数,2045
令和元,2019,青葉区,出生,男,1057
令和元,2019,青葉区,出生,女,988
令和元,2019,青葉区,死亡,総数,2183
令和元,2019,青葉区,死亡,男,1093
令和元,2019,青葉区,死亡,女,1090
令和元,2019,青葉区,人口増減率,,0.15941
令和元,2019,青葉区,社会増減率,,0.20394
令和元,2019,青葉区,自然増減率,,-0.04453
令和元,2019,都筑区,世帯数増減,,1421
令和元,2019,都筑区,人口増減,総数,1092
令和元,2019,都筑区,人口増減,男,483
令和元,2019,都筑区,人口増減,女,609
令和元,2019,都筑区,社会増減,総数,800
令和元,2019,都筑区,社会増減,男,358
令和元,2019,都筑区,社会増減,女,442
令和元,2019,都筑区,市外移動_転入,総数,8703
令和元,2019,都筑区,市外移動_転入,男,4490
令和元,2019,都筑区,市外移動_転入,女,4213
令和元,2019,都筑区,市外移動_転出,総数,7991
令和元,2019,都筑区,市外移動_転出,男,4169
令和元,2019,都筑区,市外移動_転出,女,3822
令和元,2019,都筑区,市内移動_転入,総数,3638
令和元,2019,都筑区,市内移動_転入,男,1818
令和元,2019,都筑区,市内移動_転入,女,1820
令和元,2019,都筑区,市内移動_転出,総数,3625
令和元,2019,都筑区,市内移動_転出,男,1799
令和元,2019,都筑区,市内移動_転出,女,1826
令和元,2019,都筑区,その他増減,総数,75
令和元,2019,都筑区,その他増減,男,18
令和元,2019,都筑区,その他増減,女,57
令和元,2019,都筑区,自然増減,総数,292
令和元,2019,都筑区,自然増減,男,125
令和元,2019,都筑区,自然増減,女,167
令和元,2019,都筑区,出生,総数,1572
令和元,2019,都筑区,出生,男,808
令和元,2019,都筑区,出生,女,764
令和元,2019,都筑区,死亡,総数,1280
令和元,2019,都筑区,死亡,男,683
令和元,2019,都筑区,死亡,女,597
令和元,2019,都筑区,人口増減率,,0.51619
令和元,2019,都筑区,社会増減率,,0.37816
令和元,2019,都筑区,自然増減率,,0.13803
令和元,2019,戸塚区,世帯数増減,,1706
令和元,2019,戸塚区,人口増減,総数,1514
令和元,2019,戸塚区,人口増減,男,646
令和元,2019,戸塚区,人口増減,女,868
令和元,2019,戸塚区,社会増減,総数,1753
令和元,2019,戸塚区,社会増減,男,851
令和元,2019,戸塚区,社会増減,女,902
令和元,2019,戸塚区,市外移動_転入,総数,9044
令和元,2019,戸塚区,市外移動_転入,男,4783
令和元,2019,戸塚区,市外移動_転入,女,4261
令和元,2019,戸塚区,市外移動_転出,総数,8293
令和元,2019,戸塚区,市外移動_転出,男,4396
令和元,2019,戸塚区,市外移動_転出,女,3897
令和元,2019,戸塚区,市内移動_転入,総数,4939
令和元,2019,戸塚区,市内移動_転入,男,2487
令和元,2019,戸塚区,市内移動_転入,女,2452
令和元,2019,戸塚区,市内移動_転出,総数,4034
令和元,2019,戸塚区,市内移動_転出,男,2038
令和元,2019,戸塚区,市内移動_転出,女,1996
令和元,2019,戸塚区,その他増減,総数,97
令和元,2019,戸塚区,その他増減,男,15
令和元,2019,戸塚区,その他増減,女,82
令和元,2019,戸塚区,自然増減,総数,-239
令和元,2019,戸塚区,自然増減,男,-205
令和元,2019,戸塚区,自然増減,女,-34
令和元,2019,戸塚区,出生,総数,2204
令和元,2019,戸塚区,出生,男,1092
令和元,2019,戸塚区,出生,女,1112
令和元,2019,戸塚区,死亡,総数,2443
令和元,2019,戸塚区,死亡,男,1297
令和元,2019,戸塚区,死亡,女,1146
令和元,2019,戸塚区,人口増減率,,0.54223
令和元,2019,戸塚区,社会増減率,,0.62782
令和元,2019,戸塚区,自然増減率,,-0.0856
令和元,2019,栄区,世帯数増減,,297
令和元,2019,栄区,人口増減,総数,-436
令和元,2019,栄区,人口増減,男,-230
令和元,2019,栄区,人口増減,女,-206
令和元,2019,栄区,社会増減,総数,65
令和元,2019,栄区,社会増減,男,44
令和元,2019,栄区,社会増減,女,21
令和元,2019,栄区,市外移動_転入,総数,3590
令和元,2019,栄区,市外移動_転入,男,1932
令和元,2019,栄区,市外移動_転入,女,1658
令和元,2019,栄区,市外移動_転出,総数,3455
令和元,2019,栄区,市外移動_転出,男,1859
令和元,2019,栄区,市外移動_転出,女,1596
令和元,2019,栄区,市内移動_転入,総数,1856
令和元,2019,栄区,市内移動_転入,男,978
令和元,2019,栄区,市内移動_転入,女,878
令和元,2019,栄区,市内移動_転出,総数,1946
令和元,2019,栄区,市内移動_転出,男,1005
令和元,2019,栄区,市内移動_転出,女,941
令和元,2019,栄区,その他増減,総数,20
令和元,2019,栄区,その他増減,男,-2
令和元,2019,栄区,その他増減,女,22
令和元,2019,栄区,自然増減,総数,-501
令和元,2019,栄区,自然増減,男,-274
令和元,2019,栄区,自然増減,女,-227
令和元,2019,栄区,出生,総数,709
令和元,2019,栄区,出生,男,371
令和元,2019,栄区,出生,女,338
令和元,2019,栄区,死亡,総数,1210
令和元,2019,栄区,死亡,男,645
令和元,2019,栄区,死亡,女,565
令和元,2019,栄区,人口増減率,,-0.36319
令和元,2019,栄区,社会増減率,,0.05415
令和元,2019,栄区,自然増減率,,-0.41733
令和元,2019,泉区,世帯数増減,,495
令和元,2019,泉区,人口増減,総数,-466
令和元,2019,泉区,人口増減,男,-226
令和元,2019,泉区,人口増減,女,-240
令和元,2019,泉区,社会増減,総数,1
令和元,2019,泉区,社会増減,男,27
令和元,2019,泉区,社会増減,女,-26
令和元,2019,泉区,市外移動_転入,総数,3674
令和元,2019,泉区,市外移動_転入,男,1996
令和元,2019,泉区,市外移動_転入,女,1678
令和元,2019,泉区,市外移動_転出,総数,4015
令和元,2019,泉区,市外移動_転出,男,2145
令和元,2019,泉区,市外移動_転出,女,1870
令和元,2019,泉区,市内移動_転入,総数,2728
令和元,2019,泉区,市内移動_転入,男,1354
令和元,2019,泉区,市内移動_転入,女,1374
令和元,2019,泉区,市内移動_転出,総数,2411
令和元,2019,泉区,市内移動_転出,男,1165
令和元,2019,泉区,市内移動_転出,女,1246
令和元,2019,泉区,その他増減,総数,25
令和元,2019,泉区,その他増減,男,-13
令和元,2019,泉区,その他増減,女,38
令和元,2019,泉区,自然増減,総数,-467
令和元,2019,泉区,自然増減,男,-253
令和元,2019,泉区,自然増減,女,-214
令和元,2019,泉区,出生,総数,1020
令和元,2019,泉区,出生,男,530
令和元,2019,泉区,出生,女,490
令和元,2019,泉区,死亡,総数,1487
令和元,2019,泉区,死亡,男,783
令和元,2019,泉区,死亡,女,704
令和元,2019,泉区,人口増減率,,-0.30598
令和元,2019,泉区,社会増減率,,0.00066
令和元,2019,泉区,自然増減率,,-0.30664
令和元,2019,瀬谷区,世帯数増減,,278
令和元,2019,瀬谷区,人口増減,総数,-643
令和元,2019,瀬谷区,人口増減,男,-323
令和元,2019,瀬谷区,人口増減,女,-320
令和元,2019,瀬谷区,社会増減,総数,-88
令和元,2019,瀬谷区,社会増減,男,-26
令和元,2019,瀬谷区,社会増減,女,-62
令和元,2019,瀬谷区,市外移動_転入,総数,3050
令和元,2019,瀬谷区,市外移動_転入,男,1649
令和元,2019,瀬谷区,市外移動_転入,女,1401
令和元,2019,瀬谷区,市外移動_転出,総数,3450
令和元,2019,瀬谷区,市外移動_転出,男,1836
令和元,2019,瀬谷区,市外移動_転出,女,1614
令和元,2019,瀬谷区,市内移動_転入,総数,2111
令和元,2019,瀬谷区,市内移動_転入,男,1051
令和元,2019,瀬谷区,市内移動_転入,女,1060
令和元,2019,瀬谷区,市内移動_転出,総数,1858
令和元,2019,瀬谷区,市内移動_転出,男,912
令和元,2019,瀬谷区,市内移動_転出,女,946
令和元,2019,瀬谷区,その他増減,総数,59
令和元,2019,瀬谷区,その他増減,男,22
令和元,2019,瀬谷区,その他増減,女,37
令和元,2019,瀬谷区,自然増減,総数,-555
令和元,2019,瀬谷区,自然増減,男,-297
令和元,2019,瀬谷区,自然増減,女,-258
令和元,2019,瀬谷区,出生,総数,769
令和元,2019,瀬谷区,出生,男,396
令和元,2019,瀬谷区,出生,女,373
令和元,2019,瀬谷区,死亡,総数,1324
令和元,2019,瀬谷区,死亡,男,693
令和元,2019,瀬谷区,死亡,女,631
令和元,2019,瀬谷区,人口増減率,,-0.52427
令和元,2019,瀬谷区,社会増減率,,-0.07175
令和元,2019,瀬谷区,自然増減率,,-0.45252
令和２,2020,鶴見区,世帯数増減,,1324
令和２,2020,鶴見区,人口増減,総数,237
令和２,2020,鶴見区,人口増減,男,175
令和２,2020,鶴見区,人口増減,女,62
令和２,2020,鶴見区,社会増減,総数,469
令和２,2020,鶴見区,社会増減,男,375
令和２,2020,鶴見区,社会増減,女,94
令和２,2020,鶴見区,市外移動_転入,総数,13921
令和２,2020,鶴見区,市外移動_転入,男,7930
令和２,2020,鶴見区,市外移動_転入,女,5991
令和２,2020,鶴見区,市外移動_転出,総数,12455
令和２,2020,鶴見区,市外移動_転出,男,7021
令和２,2020,鶴見区,市外移動_転出,女,5434
令和２,2020,鶴見区,市内移動_転入,総数,3384
令和２,2020,鶴見区,市内移動_転入,男,1803
令和２,2020,鶴見区,市内移動_転入,女,1581
令和２,2020,鶴見区,市内移動_転出,総数,4015
令和２,2020,鶴見区,市内移動_転出,男,2131
令和２,2020,鶴見区,市内移動_転出,女,1884
令和２,2020,鶴見区,その他増減,総数,-366
令和２,2020,鶴見区,その他増減,男,-206
令和２,2020,鶴見区,その他増減,女,-160
令和２,2020,鶴見区,自然増減,総数,-232
令和２,2020,鶴見区,自然増減,男,-200
令和２,2020,鶴見区,自然増減,女,-32
令和２,2020,鶴見区,出生,総数,2198
令和２,2020,鶴見区,出生,男,1135
令和２,2020,鶴見区,出生,女,1063
令和２,2020,鶴見区,死亡,総数,2430
令和２,2020,鶴見区,死亡,男,1335
令和２,2020,鶴見区,死亡,女,1095
令和２,2020,鶴見区,人口増減率,,0.08089
令和２,2020,鶴見区,社会増減率,,0.16008
令和２,2020,鶴見区,自然増減率,,-0.07919
令和２,2020,神奈川区,世帯数増減,,1407
令和２,2020,神奈川区,人口増減,総数,886
令和２,2020,神奈川区,人口増減,男,535
令和２,2020,神奈川区,人口増減,女,351
令和２,2020,神奈川区,社会増減,総数,982
令和２,2020,神奈川区,社会増減,男,596
令和２,2020,神奈川区,社会増減,女,386
令和２,2020,神奈川区,市外移動_転入,総数,11856
令和２,2020,神奈川区,市外移動_転入,男,6538
令和２,2020,神奈川区,市外移動_転入,女,5318
令和２,2020,神奈川区,市外移動_転出,総数,9745
令和２,2020,神奈川区,市外移動_転出,男,5354
令和２,2020,神奈川区,市外移動_転出,女,4391
令和２,2020,神奈川区,市内移動_転入,総数,5694
令和２,2020,神奈川区,市内移動_転入,男,2935
令和２,2020,神奈川区,市内移動_転入,女,2759
令和２,2020,神奈川区,市内移動_転出,総数,6754
令和２,2020,神奈川区,市内移動_転出,男,3473
令和２,2020,神奈川区,市内移動_転出,女,3281
令和２,2020,神奈川区,その他増減,総数,-69
令和２,2020,神奈川区,その他増減,男,-50
令和２,2020,神奈川区,その他増減,女,-19
令和２,2020,神奈川区,自然増減,総数,-96
令和２,2020,神奈川区,自然増減,男,-61
令和２,2020,神奈川区,自然増減,女,-35
令和２,2020,神奈川区,出生,総数,1874
令和２,2020,神奈川区,出生,男,986
令和２,2020,神奈川区,出生,女,888
令和２,2020,神奈川区,死亡,総数,1970
令和２,2020,神奈川区,死亡,男,1047
令和２,2020,神奈川区,死亡,女,923
令和２,2020,神奈川区,人口増減率,,0.36158
令和２,2020,神奈川区,社会増減率,,0.40076
令和２,2020,神奈川区,自然増減率,,-0.03918
令和２,2020,西区,世帯数増減,,467
令和２,2020,西区,人口増減,総数,164
令和２,2020,西区,人口増減,男,131
令和２,2020,西区,人口増減,女,33
令和２,2020,西区,社会増減,総数,236
令和２,2020,西区,社会増減,男,136
令和２,2020,西区,社会増減,女,100
令和２,2020,西区,市外移動_転入,総数,6109
令和２,2020,西区,市外移動_転入,男,3380
令和２,2020,西区,市外移動_転入,女,2729
令和２,2020,西区,市外移動_転出,総数,5031
令和２,2020,西区,市外移動_転出,男,2742
令和２,2020,西区,市外移動_転出,女,2289
令和２,2020,西区,市内移動_転入,総数,3354
令和２,2020,西区,市内移動_転入,男,1704
令和２,2020,西区,市内移動_転入,女,1650
令和２,2020,西区,市内移動_転出,総数,3980
令和２,2020,西区,市内移動_転出,男,2082
令和２,2020,西区,市内移動_転出,女,1898
令和２,2020,西区,その他増減,総数,-216
令和２,2020,西区,その他増減,男,-124
令和２,2020,西区,その他増減,女,-92
令和２,2020,西区,自然増減,総数,-72
令和２,2020,西区,自然増減,男,-5
令和２,2020,西区,自然増減,女,-67
令和２,2020,西区,出生,総数,792
令和２,2020,西区,出生,男,418
令和２,2020,西区,出生,女,374
令和２,2020,西区,死亡,総数,864
令和２,2020,西区,死亡,男,423
令和２,2020,西区,死亡,女,441
令和２,2020,西区,人口増減率,,0.15772
令和２,2020,西区,社会増減率,,0.22696
令和２,2020,西区,自然増減率,,-0.06924
令和２,2020,中区,世帯数増減,,1480
令和２,2020,中区,人口増減,総数,1096
令和２,2020,中区,人口増減,男,508
令和２,2020,中区,人口増減,女,588
令和２,2020,中区,社会増減,総数,1895
令和２,2020,中区,社会増減,男,1045
令和２,2020,中区,社会増減,女,850
令和２,2020,中区,市外移動_転入,総数,9238
令和２,2020,中区,市外移動_転入,男,5332
令和２,2020,中区,市外移動_転入,女,3906
令和２,2020,中区,市外移動_転出,総数,6928
令和２,2020,中区,市外移動_転出,男,4067
令和２,2020,中区,市外移動_転出,女,2861
令和２,2020,中区,市内移動_転入,総数,5228
令和２,2020,中区,市内移動_転入,男,2853
令和２,2020,中区,市内移動_転入,女,2375
令和２,2020,中区,市内移動_転出,総数,4928
令和２,2020,中区,市内移動_転出,男,2685
令和２,2020,中区,市内移動_転出,女,2243
令和２,2020,中区,その他増減,総数,-715
令和２,2020,中区,その他増減,男,-388
令和２,2020,中区,その他増減,女,-327
令和２,2020,中区,自然増減,総数,-799
令和２,2020,中区,自然増減,男,-537
令和２,2020,中区,自然増減,女,-262
令和２,2020,中区,出生,総数,800
令和２,2020,中区,出生,男,414
令和２,2020,中区,出生,女,386
令和２,2020,中区,死亡,総数,1599
令和２,2020,中区,死亡,男,951
令和２,2020,中区,死亡,女,648
令和２,2020,中区,人口増減率,,0.73111
令和２,2020,中区,社会増減率,,1.26409
令和２,2020,中区,自然増減率,,-0.53299
令和２,2020,南区,世帯数増減,,1109
令和２,2020,南区,人口増減,総数,-189
令和２,2020,南区,人口増減,男,-44
令和２,2020,南区,人口増減,女,-145
令和２,2020,南区,社会増減,総数,873
令和２,2020,南区,社会増減,男,566
令和２,2020,南区,社会増減,女,307
令和２,2020,南区,市外移動_転入,総数,7664
令和２,2020,南区,市外移動_転入,男,4163
令和２,2020,南区,市外移動_転入,女,3501
令和２,2020,南区,市外移動_転出,総数,6182
令和２,2020,南区,市外移動_転出,男,3332
令和２,2020,南区,市外移動_転出,女,2850
令和２,2020,南区,市内移動_転入,総数,5560
令和２,2020,南区,市内移動_転入,男,2870
令和２,2020,南区,市内移動_転入,女,2690
令和２,2020,南区,市内移動_転出,総数,5919
令和２,2020,南区,市内移動_転出,男,3008
令和２,2020,南区,市内移動_転出,女,2911
令和２,2020,南区,その他増減,総数,-250
令和２,2020,南区,その他増減,男,-127
令和２,2020,南区,その他増減,女,-123
令和２,2020,南区,自然増減,総数,-1062
令和２,2020,南区,自然増減,男,-610
令和２,2020,南区,自然増減,女,-452
令和２,2020,南区,出生,総数,1153
令和２,2020,南区,出生,男,567
令和２,2020,南区,出生,女,586
令和２,2020,南区,死亡,総数,2215
令和２,2020,南区,死亡,男,1177
令和２,2020,南区,死亡,女,1038
令和２,2020,南区,人口増減率,,-0.09668
令和２,2020,南区,社会増減率,,0.44659
令和２,2020,南区,自然増減率,,-0.54327
令和２,2020,港南区,世帯数増減,,927
令和２,2020,港南区,人口増減,総数,-120
令和２,2020,港南区,人口増減,男,-89
令和２,2020,港南区,人口増減,女,-31
令和２,2020,港南区,社会増減,総数,699
令和２,2020,港南区,社会増減,男,393
令和２,2020,港南区,社会増減,女,306
令和２,2020,港南区,市外移動_転入,総数,5165
令和２,2020,港南区,市外移動_転入,男,2810
令和２,2020,港南区,市外移動_転入,女,2355
令和２,2020,港南区,市外移動_転出,総数,5107
令和２,2020,港南区,市外移動_転出,男,2767
令和２,2020,港南区,市外移動_転出,女,2340
令和２,2020,港南区,市内移動_転入,総数,4640
令和２,2020,港南区,市内移動_転入,男,2288
令和２,2020,港南区,市内移動_転入,女,2352
令和２,2020,港南区,市内移動_転出,総数,4121
令和２,2020,港南区,市内移動_転出,男,2052
令和２,2020,港南区,市内移動_転出,女,2069
令和２,2020,港南区,その他増減,総数,122
令和２,2020,港南区,その他増減,男,114
令和２,2020,港南区,その他増減,女,8
令和２,2020,港南区,自然増減,総数,-819
令和２,2020,港南区,自然増減,男,-482
令和２,2020,港南区,自然増減,女,-337
令和２,2020,港南区,出生,総数,1349
令和２,2020,港南区,出生,男,688
令和２,2020,港南区,出生,女,661
令和２,2020,港南区,死亡,総数,2168
令和２,2020,港南区,死亡,男,1170
令和２,2020,港南区,死亡,女,998
令和２,2020,港南区,人口増減率,,-0.05614
令和２,2020,港南区,社会増減率,,0.32702
令和２,2020,港南区,自然増減率,,-0.38316
令和２,2020,保土ケ谷区,世帯数増減,,1077
令和２,2020,保土ケ谷区,人口増減,総数,-13
令和２,2020,保土ケ谷区,人口増減,男,27
令和２,2020,保土ケ谷区,人口増減,女,-40
令和２,2020,保土ケ谷区,社会増減,総数,881
令和２,2020,保土ケ谷区,社会増減,男,453
令和２,2020,保土ケ谷区,社会増減,女,428
令和２,2020,保土ケ谷区,市外移動_転入,総数,7039
令和２,2020,保土ケ谷区,市外移動_転入,男,3877
令和２,2020,保土ケ谷区,市外移動_転入,女,3162
令和２,2020,保土ケ谷区,市外移動_転出,総数,6165
令和２,2020,保土ケ谷区,市外移動_転出,男,3433
令和２,2020,保土ケ谷区,市外移動_転出,女,2732
令和２,2020,保土ケ谷区,市内移動_転入,総数,4772
令和２,2020,保土ケ谷区,市内移動_転入,男,2389
令和２,2020,保土ケ谷区,市内移動_転入,女,2383
令和２,2020,保土ケ谷区,市内移動_転出,総数,4651
令和２,2020,保土ケ谷区,市内移動_転出,男,2307
令和２,2020,保土ケ谷区,市内移動_転出,女,2344
令和２,2020,保土ケ谷区,その他増減,総数,-114
令和２,2020,保土ケ谷区,その他増減,男,-73
令和２,2020,保土ケ谷区,その他増減,女,-41
令和２,2020,保土ケ谷区,自然増減,総数,-894
令和２,2020,保土ケ谷区,自然増減,男,-426
令和２,2020,保土ケ谷区,自然増減,女,-468
令和２,2020,保土ケ谷区,出生,総数,1243
令和２,2020,保土ケ谷区,出生,男,672
令和２,2020,保土ケ谷区,出生,女,571
令和２,2020,保土ケ谷区,死亡,総数,2137
令和２,2020,保土ケ谷区,死亡,男,1098
令和２,2020,保土ケ谷区,死亡,女,1039
令和２,2020,保土ケ谷区,人口増減率,,-0.00631
令和２,2020,保土ケ谷区,社会増減率,,0.4278
令和２,2020,保土ケ谷区,自然増減率,,-0.43411
令和２,2020,旭区,世帯数増減,,723
令和２,2020,旭区,人口増減,総数,-884
令和２,2020,旭区,人口増減,男,-501
令和２,2020,旭区,人口増減,女,-383
令和２,2020,旭区,社会増減,総数,350
令和２,2020,旭区,社会増減,男,231
令和２,2020,旭区,社会増減,女,119
令和２,2020,旭区,市外移動_転入,総数,5501
令和２,2020,旭区,市外移動_転入,男,2900
令和２,2020,旭区,市外移動_転入,女,2601
令和２,2020,旭区,市外移動_転出,総数,5431
令和２,2020,旭区,市外移動_転出,男,2848
令和２,2020,旭区,市外移動_転出,女,2583
令和２,2020,旭区,市内移動_転入,総数,4191
令和２,2020,旭区,市内移動_転入,男,2127
令和２,2020,旭区,市内移動_転入,女,2064
令和２,2020,旭区,市内移動_転出,総数,3982
令和２,2020,旭区,市内移動_転出,男,1967
令和２,2020,旭区,市内移動_転出,女,2015
令和２,2020,旭区,その他増減,総数,71
令和２,2020,旭区,その他増減,男,19
令和２,2020,旭区,その他増減,女,52
令和２,2020,旭区,自然増減,総数,-1234
令和２,2020,旭区,自然増減,男,-732
令和２,2020,旭区,自然増減,女,-502
令和２,2020,旭区,出生,総数,1512
令和２,2020,旭区,出生,男,730
令和２,2020,旭区,出生,女,782
令和２,2020,旭区,死亡,総数,2746
令和２,2020,旭区,死亡,男,1462
令和２,2020,旭区,死亡,女,1284
令和２,2020,旭区,人口増減率,,-0.36063
令和２,2020,旭区,社会増減率,,0.14278
令和２,2020,旭区,自然増減率,,-0.50341
令和２,2020,磯子区,世帯数増減,,672
令和２,2020,磯子区,人口増減,総数,-132
令和２,2020,磯子区,人口増減,男,1
令和２,2020,磯子区,人口増減,女,-133
令和２,2020,磯子区,社会増減,総数,512
令和２,2020,磯子区,社会増減,男,344
令和２,2020,磯子区,社会増減,女,168
令和２,2020,磯子区,市外移動_転入,総数,5112
令和２,2020,磯子区,市外移動_転入,男,2888
令和２,2020,磯子区,市外移動_転入,女,2224
令和２,2020,磯子区,市外移動_転出,総数,4769
令和２,2020,磯子区,市外移動_転出,男,2639
令和２,2020,磯子区,市外移動_転出,女,2130
令和２,2020,磯子区,市内移動_転入,総数,4187
令和２,2020,磯子区,市内移動_転入,男,2131
令和２,2020,磯子区,市内移動_転入,女,2056
令和２,2020,磯子区,市内移動_転出,総数,3943
令和２,2020,磯子区,市内移動_転出,男,2008
令和２,2020,磯子区,市内移動_転出,女,1935
令和２,2020,磯子区,その他増減,総数,-75
令和２,2020,磯子区,その他増減,男,-28
令和２,2020,磯子区,その他増減,女,-47
令和２,2020,磯子区,自然増減,総数,-644
令和２,2020,磯子区,自然増減,男,-343
令和２,2020,磯子区,自然増減,女,-301
令和２,2020,磯子区,出生,総数,1071
令和２,2020,磯子区,出生,男,539
令和２,2020,磯子区,出生,女,532
令和２,2020,磯子区,死亡,総数,1715
令和２,2020,磯子区,死亡,男,882
令和２,2020,磯子区,死亡,女,833
令和２,2020,磯子区,人口増減率,,-0.07935
令和２,2020,磯子区,社会増減率,,0.30779
令和２,2020,磯子区,自然増減率,,-0.38714
令和２,2020,金沢区,世帯数増減,,452
令和２,2020,金沢区,人口増減,総数,-892
令和２,2020,金沢区,人口増減,男,-445
令和２,2020,金沢区,人口増減,女,-447
令和２,2020,金沢区,社会増減,総数,-10
令和２,2020,金沢区,社会増減,男,9
令和２,2020,金沢区,社会増減,女,-19
令和２,2020,金沢区,市外移動_転入,総数,5836
令和２,2020,金沢区,市外移動_転入,男,3198
令和２,2020,金沢区,市外移動_転入,女,2638
令和２,2020,金沢区,市外移動_転出,総数,5517
令和２,2020,金沢区,市外移動_転出,男,3040
令和２,2020,金沢区,市外移動_転出,女,2477
令和２,2020,金沢区,市内移動_転入,総数,2369
令和２,2020,金沢区,市内移動_転入,男,1179
令和２,2020,金沢区,市内移動_転入,女,1190
令和２,2020,金沢区,市内移動_転出,総数,2754
令和２,2020,金沢区,市内移動_転出,男,1362
令和２,2020,金沢区,市内移動_転出,女,1392
令和２,2020,金沢区,その他増減,総数,56
令和２,2020,金沢区,その他増減,男,34
令和２,2020,金沢区,その他増減,女,22
令和２,2020,金沢区,自然増減,総数,-882
令和２,2020,金沢区,自然増減,男,-454
令和２,2020,金沢区,自然増減,女,-428
令和２,2020,金沢区,出生,総数,1088
令和２,2020,金沢区,出生,男,573
令和２,2020,金沢区,出生,女,515
令和２,2020,金沢区,死亡,総数,1970
令和２,2020,金沢区,死亡,男,1027
令和２,2020,金沢区,死亡,女,943
令和２,2020,金沢区,人口増減率,,-0.45038
令和２,2020,金沢区,社会増減率,,-0.00505
令和２,2020,金沢区,自然増減率,,-0.44533
令和２,2020,港北区,世帯数増減,,2443
令和２,2020,港北区,人口増減,総数,2758
令和２,2020,港北区,人口増減,男,1341
令和２,2020,港北区,人口増減,女,1417
令和２,2020,港北区,社会増減,総数,2046
令和２,2020,港北区,社会増減,男,988
令和２,2020,港北区,社会増減,女,1058
令和２,2020,港北区,市外移動_転入,総数,18460
令和２,2020,港北区,市外移動_転入,男,9763
令和２,2020,港北区,市外移動_転入,女,8697
令和２,2020,港北区,市外移動_転出,総数,15717
令和２,2020,港北区,市外移動_転出,男,8315
令和２,2020,港北区,市外移動_転出,女,7402
令和２,2020,港北区,市内移動_転入,総数,5595
令和２,2020,港北区,市内移動_転入,男,2757
令和２,2020,港北区,市内移動_転入,女,2838
令和２,2020,港北区,市内移動_転出,総数,6342
令和２,2020,港北区,市内移動_転出,男,3237
令和２,2020,港北区,市内移動_転出,女,3105
令和２,2020,港北区,その他増減,総数,50
令和２,2020,港北区,その他増減,男,20
令和２,2020,港北区,その他増減,女,30
令和２,2020,港北区,自然増減,総数,712
令和２,2020,港北区,自然増減,男,353
令和２,2020,港北区,自然増減,女,359
令和２,2020,港北区,出生,総数,3204
令和２,2020,港北区,出生,男,1632
令和２,2020,港北区,出生,女,1572
令和２,2020,港北区,死亡,総数,2492
令和２,2020,港北区,死亡,男,1279
令和２,2020,港北区,死亡,女,1213
令和２,2020,港北区,人口増減率,,0.77993
令和２,2020,港北区,社会増減率,,0.57859
令和２,2020,港北区,自然増減率,,0.20135
令和２,2020,緑区,世帯数増減,,1024
令和２,2020,緑区,人口増減,総数,570
令和２,2020,緑区,人口増減,男,278
令和２,2020,緑区,人口増減,女,292
令和２,2020,緑区,社会増減,総数,772
令和２,2020,緑区,社会増減,男,422
令和２,2020,緑区,社会増減,女,350
令和２,2020,緑区,市外移動_転入,総数,5823
令和２,2020,緑区,市外移動_転入,男,3023
令和２,2020,緑区,市外移動_転入,女,2800
令和２,2020,緑区,市外移動_転出,総数,5889
令和２,2020,緑区,市外移動_転出,男,3100
令和２,2020,緑区,市外移動_転出,女,2789
令和２,2020,緑区,市内移動_転入,総数,3761
令和２,2020,緑区,市内移動_転入,男,1910
令和２,2020,緑区,市内移動_転入,女,1851
令和２,2020,緑区,市内移動_転出,総数,3009
令和２,2020,緑区,市内移動_転出,男,1449
令和２,2020,緑区,市内移動_転出,女,1560
令和２,2020,緑区,その他増減,総数,86
令和２,2020,緑区,その他増減,男,38
令和２,2020,緑区,その他増減,女,48
令和２,2020,緑区,自然増減,総数,-202
令和２,2020,緑区,自然増減,男,-144
令和２,2020,緑区,自然増減,女,-58
令和２,2020,緑区,出生,総数,1326
令和２,2020,緑区,出生,男,659
令和２,2020,緑区,出生,女,667
令和２,2020,緑区,死亡,総数,1528
令和２,2020,緑区,死亡,男,803
令和２,2020,緑区,死亡,女,725
令和２,2020,緑区,人口増減率,,0.31234
令和２,2020,緑区,社会増減率,,0.42303
令和２,2020,緑区,自然増減率,,-0.11069
令和２,2020,青葉区,世帯数増減,,1835
令和２,2020,青葉区,人口増減,総数,1254
令和２,2020,青葉区,人口増減,男,364
令和２,2020,青葉区,人口増減,女,890
令和２,2020,青葉区,社会増減,総数,1411
令和２,2020,青葉区,社会増減,男,474
令和２,2020,青葉区,社会増減,女,937
令和２,2020,青葉区,市外移動_転入,総数,13790
令和２,2020,青葉区,市外移動_転入,男,7133
令和２,2020,青葉区,市外移動_転入,女,6657
令和２,2020,青葉区,市外移動_転出,総数,13169
令和２,2020,青葉区,市外移動_転出,男,7022
令和２,2020,青葉区,市外移動_転出,女,6147
令和２,2020,青葉区,市内移動_転入,総数,3202
令和２,2020,青葉区,市内移動_転入,男,1561
令和２,2020,青葉区,市内移動_転入,女,1641
令和２,2020,青葉区,市内移動_転出,総数,2627
令和２,2020,青葉区,市内移動_転出,男,1324
令和２,2020,青葉区,市内移動_転出,女,1303
令和２,2020,青葉区,その他増減,総数,215
令和２,2020,青葉区,その他増減,男,126
令和２,2020,青葉区,その他増減,女,89
令和２,2020,青葉区,自然増減,総数,-157
令和２,2020,青葉区,自然増減,男,-110
令和２,2020,青葉区,自然増減,女,-47
令和２,2020,青葉区,出生,総数,2034
令和２,2020,青葉区,出生,男,1045
令和２,2020,青葉区,出生,女,989
令和２,2020,青葉区,死亡,総数,2191
令和２,2020,青葉区,死亡,男,1155
令和２,2020,青葉区,死亡,女,1036
令和２,2020,青葉区,人口増減率,,0.40401
令和２,2020,青葉区,社会増減率,,0.45459
令和２,2020,青葉区,自然増減率,,-0.05058
令和２,2020,都筑区,世帯数増減,,1256
令和２,2020,都筑区,人口増減,総数,738
令和２,2020,都筑区,人口増減,男,201
令和２,2020,都筑区,人口増減,女,537
令和２,2020,都筑区,社会増減,総数,484
令和２,2020,都筑区,社会増減,男,57
令和２,2020,都筑区,社会増減,女,427
令和２,2020,都筑区,市外移動_転入,総数,8012
令和２,2020,都筑区,市外移動_転入,男,4026
令和２,2020,都筑区,市外移動_転入,女,3986
令和２,2020,都筑区,市外移動_転出,総数,7413
令和２,2020,都筑区,市外移動_転出,男,3936
令和２,2020,都筑区,市外移動_転出,女,3477
令和２,2020,都筑区,市内移動_転入,総数,3344
令和２,2020,都筑区,市内移動_転入,男,1693
令和２,2020,都筑区,市内移動_転入,女,1651
令和２,2020,都筑区,市内移動_転出,総数,3537
令和２,2020,都筑区,市内移動_転出,男,1763
令和２,2020,都筑区,市内移動_転出,女,1774
令和２,2020,都筑区,その他増減,総数,78
令和２,2020,都筑区,その他増減,男,37
令和２,2020,都筑区,その他増減,女,41
令和２,2020,都筑区,自然増減,総数,254
令和２,2020,都筑区,自然増減,男,144
令和２,2020,都筑区,自然増減,女,110
令和２,2020,都筑区,出生,総数,1547
令和２,2020,都筑区,出生,男,816
令和２,2020,都筑区,出生,女,731
令和２,2020,都筑区,死亡,総数,1293
令和２,2020,都筑区,死亡,男,672
令和２,2020,都筑区,死亡,女,621
令和２,2020,都筑区,人口増減率,,0.34706
令和２,2020,都筑区,社会増減率,,0.22761
令和２,2020,都筑区,自然増減率,,0.11945
令和２,2020,戸塚区,世帯数増減,,1350
令和２,2020,戸塚区,人口増減,総数,584
令和２,2020,戸塚区,人口増減,男,233
令和２,2020,戸塚区,人口増減,女,351
令和２,2020,戸塚区,社会増減,総数,1005
令和２,2020,戸塚区,社会増減,男,534
令和２,2020,戸塚区,社会増減,女,471
令和２,2020,戸塚区,市外移動_転入,総数,8384
令和２,2020,戸塚区,市外移動_転入,男,4467
令和２,2020,戸塚区,市外移動_転入,女,3917
令和２,2020,戸塚区,市外移動_転出,総数,7733
令和２,2020,戸塚区,市外移動_転出,男,4089
令和２,2020,戸塚区,市外移動_転出,女,3644
令和２,2020,戸塚区,市内移動_転入,総数,4453
令和２,2020,戸塚区,市内移動_転入,男,2206
令和２,2020,戸塚区,市内移動_転入,女,2247
令和２,2020,戸塚区,市内移動_転出,総数,4058
令和２,2020,戸塚区,市内移動_転出,男,1988
令和２,2020,戸塚区,市内移動_転出,女,2070
令和２,2020,戸塚区,その他増減,総数,-41
令和２,2020,戸塚区,その他増減,男,-62
令和２,2020,戸塚区,その他増減,女,21
令和２,2020,戸塚区,自然増減,総数,-421
令和２,2020,戸塚区,自然増減,男,-301
令和２,2020,戸塚区,自然増減,女,-120
令和２,2020,戸塚区,出生,総数,2043
令和２,2020,戸塚区,出生,男,1038
令和２,2020,戸塚区,出生,女,1005
令和２,2020,戸塚区,死亡,総数,2464
令和２,2020,戸塚区,死亡,男,1339
令和２,2020,戸塚区,死亡,女,1125
令和２,2020,戸塚区,人口増減率,,0.20803
令和２,2020,戸塚区,社会増減率,,0.35799
令和２,2020,戸塚区,自然増減率,,-0.14996
令和２,2020,栄区,世帯数増減,,441
令和２,2020,栄区,人口増減,総数,-271
令和２,2020,栄区,人口増減,男,-287
令和２,2020,栄区,人口増減,女,16
令和２,2020,栄区,社会増減,総数,257
令和２,2020,栄区,社会増減,男,52
令和２,2020,栄区,社会増減,女,205
令和２,2020,栄区,市外移動_転入,総数,3550
令和２,2020,栄区,市外移動_転入,男,1885
令和２,2020,栄区,市外移動_転入,女,1665
令和２,2020,栄区,市外移動_転出,総数,3540
令和２,2020,栄区,市外移動_転出,男,1966
令和２,2020,栄区,市外移動_転出,女,1574
令和２,2020,栄区,市内移動_転入,総数,2140
令和２,2020,栄区,市内移動_転入,男,1097
令和２,2020,栄区,市内移動_転入,女,1043
令和２,2020,栄区,市内移動_転出,総数,1940
令和２,2020,栄区,市内移動_転出,男,983
令和２,2020,栄区,市内移動_転出,女,957
令和２,2020,栄区,その他増減,総数,47
令和２,2020,栄区,その他増減,男,19
令和２,2020,栄区,その他増減,女,28
令和２,2020,栄区,自然増減,総数,-528
令和２,2020,栄区,自然増減,男,-339
令和２,2020,栄区,自然増減,女,-189
令和２,2020,栄区,出生,総数,722
令和２,2020,栄区,出生,男,362
令和２,2020,栄区,出生,女,360
令和２,2020,栄区,死亡,総数,1250
令和２,2020,栄区,死亡,男,701
令和２,2020,栄区,死亡,女,549
令和２,2020,栄区,人口増減率,,-0.22657
令和２,2020,栄区,社会増減率,,0.21486
令和２,2020,栄区,自然増減率,,-0.44143
令和２,2020,泉区,世帯数増減,,738
令和２,2020,泉区,人口増減,総数,-112
令和２,2020,泉区,人口増減,男,-201
令和２,2020,泉区,人口増減,女,89
令和２,2020,泉区,社会増減,総数,478
令和２,2020,泉区,社会増減,男,162
令和２,2020,泉区,社会増減,女,316
令和２,2020,泉区,市外移動_転入,総数,3620
令和２,2020,泉区,市外移動_転入,男,1903
令和２,2020,泉区,市外移動_転入,女,1717
令和２,2020,泉区,市外移動_転出,総数,3573
令和２,2020,泉区,市外移動_転出,男,1905
令和２,2020,泉区,市外移動_転出,女,1668
令和２,2020,泉区,市内移動_転入,総数,2637
令和２,2020,泉区,市内移動_転入,男,1279
令和２,2020,泉区,市内移動_転入,女,1358
令和２,2020,泉区,市内移動_転出,総数,2223
令和２,2020,泉区,市内移動_転出,男,1118
令和２,2020,泉区,市内移動_転出,女,1105
令和２,2020,泉区,その他増減,総数,17
令和２,2020,泉区,その他増減,男,3
令和２,2020,泉区,その他増減,女,14
令和２,2020,泉区,自然増減,総数,-590
令和２,2020,泉区,自然増減,男,-363
令和２,2020,泉区,自然増減,女,-227
令和２,2020,泉区,出生,総数,992
令和２,2020,泉区,出生,男,524
令和２,2020,泉区,出生,女,468
令和２,2020,泉区,死亡,総数,1582
令和２,2020,泉区,死亡,男,887
令和２,2020,泉区,死亡,女,695
令和２,2020,泉区,人口増減率,,-0.07377
令和２,2020,泉区,社会増減率,,0.31483
令和２,2020,泉区,自然増減率,,-0.38859
令和２,2020,瀬谷区,世帯数増減,,409
令和２,2020,瀬谷区,人口増減,総数,-396
令和２,2020,瀬谷区,人口増減,男,-211
令和２,2020,瀬谷区,人口増減,女,-185
令和２,2020,瀬谷区,社会増減,総数,141
令和２,2020,瀬谷区,社会増減,男,77
令和２,2020,瀬谷区,社会増減,女,64
令和２,2020,瀬谷区,市外移動_転入,総数,2971
令和２,2020,瀬谷区,市外移動_転入,男,1550
令和２,2020,瀬谷区,市外移動_転入,女,1421
令和２,2020,瀬谷区,市外移動_転出,総数,3198
令和２,2020,瀬谷区,市外移動_転出,男,1689
令和２,2020,瀬谷区,市外移動_転出,女,1509
令和２,2020,瀬谷区,市内移動_転入,総数,2062
令和２,2020,瀬谷区,市内移動_転入,男,1047
令和２,2020,瀬谷区,市内移動_転入,女,1015
令和２,2020,瀬谷区,市内移動_転出,総数,1749
令和２,2020,瀬谷区,市内移動_転出,男,865
令和２,2020,瀬谷区,市内移動_転出,女,884
令和２,2020,瀬谷区,その他増減,総数,55
令和２,2020,瀬谷区,その他増減,男,34
令和２,2020,瀬谷区,その他増減,女,21
令和２,2020,瀬谷区,自然増減,総数,-537
令和２,2020,瀬谷区,自然増減,男,-288
令和２,2020,瀬谷区,自然増減,女,-249
令和２,2020,瀬谷区,出生,総数,772
令和２,2020,瀬谷区,出生,男,420
令和２,2020,瀬谷区,出生,女,352
令和２,2020,瀬谷区,死亡,総数,1309
令和２,2020,瀬谷区,死亡,男,708
令和２,2020,瀬谷区,死亡,女,601
令和２,2020,瀬谷区,人口増減率,,-0.32458
令和２,2020,瀬谷区,社会増減率,,0.11557
令和２,2020,瀬谷区,自然増減率,,-0.44015
令和３,2021,鶴見区,世帯数増減,,-34
令和３,2021,鶴見区,人口増減,総数,-1567
令和３,2021,鶴見区,人口増減,男,-947
令和３,2021,鶴見区,人口増減,女,-620
令和３,2021,鶴見区,社会増減,総数,-1083
令和３,2021,鶴見区,社会増減,男,-650
令和３,2021,鶴見区,社会増減,女,-433
令和３,2021,鶴見区,市外移動_転入,総数,13285
令和３,2021,鶴見区,市外移動_転入,男,7445
令和３,2021,鶴見区,市外移動_転入,女,5840
令和３,2021,鶴見区,市外移動_転出,総数,13044
令和３,2021,鶴見区,市外移動_転出,男,7355
令和３,2021,鶴見区,市外移動_転出,女,5689
令和３,2021,鶴見区,市内移動_転入,総数,3341
令和３,2021,鶴見区,市内移動_転入,男,1738
令和３,2021,鶴見区,市内移動_転入,女,1603
令和３,2021,鶴見区,市内移動_転出,総数,4359
令和３,2021,鶴見区,市内移動_転出,男,2284
令和３,2021,鶴見区,市内移動_転出,女,2075
令和３,2021,鶴見区,その他増減,総数,-306
令和３,2021,鶴見区,その他増減,男,-194
令和３,2021,鶴見区,その他増減,女,-112
令和３,2021,鶴見区,自然増減,総数,-484
令和３,2021,鶴見区,自然増減,男,-297
令和３,2021,鶴見区,自然増減,女,-187
令和３,2021,鶴見区,出生,総数,2084
令和３,2021,鶴見区,出生,男,1075
令和３,2021,鶴見区,出生,女,1009
令和３,2021,鶴見区,死亡,総数,2568
令和３,2021,鶴見区,死亡,男,1372
令和３,2021,鶴見区,死亡,女,1196
令和３,2021,鶴見区,人口増減率,,-0.52735
令和３,2021,鶴見区,社会増減率,,-0.36447
令和３,2021,鶴見区,自然増減率,,-0.16288
令和３,2021,神奈川区,世帯数増減,,1291
令和３,2021,神奈川区,人口増減,総数,335
令和３,2021,神奈川区,人口増減,男,218
令和３,2021,神奈川区,人口増減,女,117
令和３,2021,神奈川区,社会増減,総数,762
令和３,2021,神奈川区,社会増減,男,407
令和３,2021,神奈川区,社会増減,女,355
令和３,2021,神奈川区,市外移動_転入,総数,11616
令和３,2021,神奈川区,市外移動_転入,男,6368
令和３,2021,神奈川区,市外移動_転入,女,5248
令和３,2021,神奈川区,市外移動_転出,総数,10034
令和３,2021,神奈川区,市外移動_転出,男,5524
令和３,2021,神奈川区,市外移動_転出,女,4510
令和３,2021,神奈川区,市内移動_転入,総数,5518
令和３,2021,神奈川区,市内移動_転入,男,2816
令和３,2021,神奈川区,市内移動_転入,女,2702
令和３,2021,神奈川区,市内移動_転出,総数,6353
令和３,2021,神奈川区,市内移動_転出,男,3268
令和３,2021,神奈川区,市内移動_転出,女,3085
令和３,2021,神奈川区,その他増減,総数,15
令和３,2021,神奈川区,その他増減,男,15
令和３,2021,神奈川区,その他増減,女,0
令和３,2021,神奈川区,自然増減,総数,-427
令和３,2021,神奈川区,自然増減,男,-189
令和３,2021,神奈川区,自然増減,女,-238
令和３,2021,神奈川区,出生,総数,1747
令和３,2021,神奈川区,出生,男,951
令和３,2021,神奈川区,出生,女,796
令和３,2021,神奈川区,死亡,総数,2174
令和３,2021,神奈川区,死亡,男,1140
令和３,2021,神奈川区,死亡,女,1034
令和３,2021,神奈川区,人口増減率,,0.13557
令和３,2021,神奈川区,社会増減率,,0.30837
令和３,2021,神奈川区,自然増減率,,-0.1728
令和３,2021,西区,世帯数増減,,287
令和３,2021,西区,人口増減,総数,-278
令和３,2021,西区,人口増減,男,-300
令和３,2021,西区,人口増減,女,22
令和３,2021,西区,社会増減,総数,-144
令和３,2021,西区,社会増減,男,-211
令和３,2021,西区,社会増減,女,67
令和３,2021,西区,市外移動_転入,総数,5965
令和３,2021,西区,市外移動_転入,男,3190
令和３,2021,西区,市外移動_転入,女,2775
令和３,2021,西区,市外移動_転出,総数,5342
令和３,2021,西区,市外移動_転出,男,3011
令和３,2021,西区,市外移動_転出,女,2331
令和３,2021,西区,市内移動_転入,総数,3298
令和３,2021,西区,市内移動_転入,男,1676
令和３,2021,西区,市内移動_転入,女,1622
令和３,2021,西区,市内移動_転出,総数,3955
令和３,2021,西区,市内移動_転出,男,1995
令和３,2021,西区,市内移動_転出,女,1960
令和３,2021,西区,その他増減,総数,-110
令和３,2021,西区,その他増減,男,-71
令和３,2021,西区,その他増減,女,-39
令和３,2021,西区,自然増減,総数,-134
令和３,2021,西区,自然増減,男,-89
令和３,2021,西区,自然増減,女,-45
令和３,2021,西区,出生,総数,776
令和３,2021,西区,出生,男,393
令和３,2021,西区,出生,女,383
令和３,2021,西区,死亡,総数,910
令和３,2021,西区,死亡,男,482
令和３,2021,西区,死亡,女,428
令和３,2021,西区,人口増減率,,-0.26537
令和３,2021,西区,社会増減率,,-0.13746
令和３,2021,西区,自然増減率,,-0.12791
令和３,2021,中区,世帯数増減,,-334
令和３,2021,中区,人口増減,総数,-1118
令和３,2021,中区,人口増減,男,-637
令和３,2021,中区,人口増減,女,-481
令和３,2021,中区,社会増減,総数,-187
令和３,2021,中区,社会増減,男,-47
令和３,2021,中区,社会増減,女,-140
令和３,2021,中区,市外移動_転入,総数,7802
令和３,2021,中区,市外移動_転入,男,4515
令和３,2021,中区,市外移動_転入,女,3287
令和３,2021,中区,市外移動_転出,総数,6984
令和３,2021,中区,市外移動_転出,男,3978
令和３,2021,中区,市外移動_転出,女,3006
令和３,2021,中区,市内移動_転入,総数,4236
令和３,2021,中区,市内移動_転入,男,2302
令和３,2021,中区,市内移動_転入,女,1934
令和３,2021,中区,市内移動_転出,総数,4746
令和３,2021,中区,市内移動_転出,男,2638
令和３,2021,中区,市内移動_転出,女,2108
令和３,2021,中区,その他増減,総数,-495
令和３,2021,中区,その他増減,男,-248
令和３,2021,中区,その他増減,女,-247
令和３,2021,中区,自然増減,総数,-931
令和３,2021,中区,自然増減,男,-590
令和３,2021,中区,自然増減,女,-341
令和３,2021,中区,出生,総数,819
令和３,2021,中区,出生,男,448
令和３,2021,中区,出生,女,371
令和３,2021,中区,死亡,総数,1750
令和３,2021,中区,死亡,男,1038
令和３,2021,中区,死亡,女,712
令和３,2021,中区,人口増減率,,-0.73849
令和３,2021,中区,社会増減率,,-0.12352
令和３,2021,中区,自然増減率,,-0.61497
令和３,2021,南区,世帯数増減,,694
令和３,2021,南区,人口増減,総数,-579
令和３,2021,南区,人口増減,男,-302
令和３,2021,南区,人口増減,女,-277
令和３,2021,南区,社会増減,総数,653
令和３,2021,南区,社会増減,男,361
令和３,2021,南区,社会増減,女,292
令和３,2021,南区,市外移動_転入,総数,7447
令和３,2021,南区,市外移動_転入,男,4003
令和３,2021,南区,市外移動_転入,女,3444
令和３,2021,南区,市外移動_転出,総数,6477
令和３,2021,南区,市外移動_転出,男,3480
令和３,2021,南区,市外移動_転出,女,2997
令和３,2021,南区,市内移動_転入,総数,5543
令和３,2021,南区,市内移動_転入,男,2910
令和３,2021,南区,市内移動_転入,女,2633
令和３,2021,南区,市内移動_転出,総数,5703
令和３,2021,南区,市内移動_転出,男,2966
令和３,2021,南区,市内移動_転出,女,2737
令和３,2021,南区,その他増減,総数,-157
令和３,2021,南区,その他増減,男,-106
令和３,2021,南区,その他増減,女,-51
令和３,2021,南区,自然増減,総数,-1232
令和３,2021,南区,自然増減,男,-663
令和３,2021,南区,自然増減,女,-569
令和３,2021,南区,出生,総数,1055
令和３,2021,南区,出生,男,587
令和３,2021,南区,出生,女,468
令和３,2021,南区,死亡,総数,2287
令和３,2021,南区,死亡,男,1250
令和３,2021,南区,死亡,女,1037
令和３,2021,南区,人口増減率,,-0.29228
令和３,2021,南区,社会増減率,,0.32964
令和３,2021,南区,自然増減率,,-0.62192
令和３,2021,港南区,世帯数増減,,1008
令和３,2021,港南区,人口増減,総数,123
令和３,2021,港南区,人口増減,男,-14
令和３,2021,港南区,人口増減,女,137
令和３,2021,港南区,社会増減,総数,987
令和３,2021,港南区,社会増減,男,455
令和３,2021,港南区,社会増減,女,532
令和３,2021,港南区,市外移動_転入,総数,5272
令和３,2021,港南区,市外移動_転入,男,2817
令和３,2021,港南区,市外移動_転入,女,2455
令和３,2021,港南区,市外移動_転出,総数,5041
令和３,2021,港南区,市外移動_転出,男,2736
令和３,2021,港南区,市外移動_転出,女,2305
令和３,2021,港南区,市内移動_転入,総数,4671
令和３,2021,港南区,市内移動_転入,男,2323
令和３,2021,港南区,市内移動_転入,女,2348
令和３,2021,港南区,市内移動_転出,総数,3948
令和３,2021,港南区,市内移動_転出,男,1963
令和３,2021,港南区,市内移動_転出,女,1985
令和３,2021,港南区,その他増減,総数,33
令和３,2021,港南区,その他増減,男,14
令和３,2021,港南区,その他増減,女,19
令和３,2021,港南区,自然増減,総数,-864
令和３,2021,港南区,自然増減,男,-469
令和３,2021,港南区,自然増減,女,-395
令和３,2021,港南区,出生,総数,1342
令和３,2021,港南区,出生,男,696
令和３,2021,港南区,出生,女,646
令和３,2021,港南区,死亡,総数,2206
令和３,2021,港南区,死亡,男,1165
令和３,2021,港南区,死亡,女,1041
令和３,2021,港南区,人口増減率,,0.05718
令和３,2021,港南区,社会増減率,,0.45886
令和３,2021,港南区,自然増減率,,-0.40168
令和３,2021,保土ケ谷区,世帯数増減,,463
令和３,2021,保土ケ谷区,人口増減,総数,-1018
令和３,2021,保土ケ谷区,人口増減,男,-640
令和３,2021,保土ケ谷区,人口増減,女,-378
令和３,2021,保土ケ谷区,社会増減,総数,38
令和３,2021,保土ケ谷区,社会増減,男,-47
令和３,2021,保土ケ谷区,社会増減,女,85
令和３,2021,保土ケ谷区,市外移動_転入,総数,6610
令和３,2021,保土ケ谷区,市外移動_転入,男,3577
令和３,2021,保土ケ谷区,市外移動_転入,女,3033
令和３,2021,保土ケ谷区,市外移動_転出,総数,6436
令和３,2021,保土ケ谷区,市外移動_転出,男,3539
令和３,2021,保土ケ谷区,市外移動_転出,女,2897
令和３,2021,保土ケ谷区,市内移動_転入,総数,4587
令和３,2021,保土ケ谷区,市内移動_転入,男,2330
令和３,2021,保土ケ谷区,市内移動_転入,女,2257
令和３,2021,保土ケ谷区,市内移動_転出,総数,4682
令和３,2021,保土ケ谷区,市内移動_転出,男,2366
令和３,2021,保土ケ谷区,市内移動_転出,女,2316
令和３,2021,保土ケ谷区,その他増減,総数,-41
令和３,2021,保土ケ谷区,その他増減,男,-49
令和３,2021,保土ケ谷区,その他増減,女,8
令和３,2021,保土ケ谷区,自然増減,総数,-1056
令和３,2021,保土ケ谷区,自然増減,男,-593
令和３,2021,保土ケ谷区,自然増減,女,-463
令和３,2021,保土ケ谷区,出生,総数,1244
令和３,2021,保土ケ谷区,出生,男,602
令和３,2021,保土ケ谷区,出生,女,642
令和３,2021,保土ケ谷区,死亡,総数,2300
令和３,2021,保土ケ谷区,死亡,男,1195
令和３,2021,保土ケ谷区,死亡,女,1105
令和３,2021,保土ケ谷区,人口増減率,,-0.49025
令和３,2021,保土ケ谷区,社会増減率,,0.0183
令和３,2021,保土ケ谷区,自然増減率,,-0.50855
令和３,2021,旭区,世帯数増減,,234
令和３,2021,旭区,人口増減,総数,-1441
令和３,2021,旭区,人口増減,男,-686
令和３,2021,旭区,人口増減,女,-755
令和３,2021,旭区,社会増減,総数,86
令和３,2021,旭区,社会増減,男,83
令和３,2021,旭区,社会増減,女,3
令和３,2021,旭区,市外移動_転入,総数,5190
令和３,2021,旭区,市外移動_転入,男,2701
令和３,2021,旭区,市外移動_転入,女,2489
令和３,2021,旭区,市外移動_転出,総数,5573
令和３,2021,旭区,市外移動_転出,男,2954
令和３,2021,旭区,市外移動_転出,女,2619
令和３,2021,旭区,市内移動_転入,総数,4327
令和３,2021,旭区,市内移動_転入,男,2213
令和３,2021,旭区,市内移動_転入,女,2114
令和３,2021,旭区,市内移動_転出,総数,3868
令和３,2021,旭区,市内移動_転出,男,1870
令和３,2021,旭区,市内移動_転出,女,1998
令和３,2021,旭区,その他増減,総数,10
令和３,2021,旭区,その他増減,男,-7
令和３,2021,旭区,その他増減,女,17
令和３,2021,旭区,自然増減,総数,-1527
令和３,2021,旭区,自然増減,男,-769
令和３,2021,旭区,自然増減,女,-758
令和３,2021,旭区,出生,総数,1431
令和３,2021,旭区,出生,男,740
令和３,2021,旭区,出生,女,691
令和３,2021,旭区,死亡,総数,2958
令和３,2021,旭区,死亡,男,1509
令和３,2021,旭区,死亡,女,1449
令和３,2021,旭区,人口増減率,,-0.58864
令和３,2021,旭区,社会増減率,,0.03513
令和３,2021,旭区,自然増減率,,-0.62377
令和３,2021,磯子区,世帯数増減,,392
令和３,2021,磯子区,人口増減,総数,-380
令和３,2021,磯子区,人口増減,男,-237
令和３,2021,磯子区,人口増減,女,-143
令和３,2021,磯子区,社会増減,総数,307
令和３,2021,磯子区,社会増減,男,127
令和３,2021,磯子区,社会増減,女,180
令和３,2021,磯子区,市外移動_転入,総数,4800
令和３,2021,磯子区,市外移動_転入,男,2689
令和３,2021,磯子区,市外移動_転入,女,2111
令和３,2021,磯子区,市外移動_転出,総数,4771
令和３,2021,磯子区,市外移動_転出,男,2677
令和３,2021,磯子区,市外移動_転出,女,2094
令和３,2021,磯子区,市内移動_転入,総数,4114
令和３,2021,磯子区,市内移動_転入,男,2061
令和３,2021,磯子区,市内移動_転入,女,2053
令和３,2021,磯子区,市内移動_転出,総数,3785
令和３,2021,磯子区,市内移動_転出,男,1903
令和３,2021,磯子区,市内移動_転出,女,1882
令和３,2021,磯子区,その他増減,総数,-51
令和３,2021,磯子区,その他増減,男,-43
令和３,2021,磯子区,その他増減,女,-8
令和３,2021,磯子区,自然増減,総数,-687
令和３,2021,磯子区,自然増減,男,-364
令和３,2021,磯子区,自然増減,女,-323
令和３,2021,磯子区,出生,総数,1080
令和３,2021,磯子区,出生,男,532
令和３,2021,磯子区,出生,女,548
令和３,2021,磯子区,死亡,総数,1767
令和３,2021,磯子区,死亡,男,896
令和３,2021,磯子区,死亡,女,871
令和３,2021,磯子区,人口増減率,,-0.22804
令和３,2021,磯子区,社会増減率,,0.18423
令和３,2021,磯子区,自然増減率,,-0.41227
令和３,2021,金沢区,世帯数増減,,649
令和３,2021,金沢区,人口増減,総数,-950
令和３,2021,金沢区,人口増減,男,-704
令和３,2021,金沢区,人口増減,女,-246
令和３,2021,金沢区,社会増減,総数,129
令和３,2021,金沢区,社会増減,男,-142
令和３,2021,金沢区,社会増減,女,271
令和３,2021,金沢区,市外移動_転入,総数,6465
令和３,2021,金沢区,市外移動_転入,男,3363
令和３,2021,金沢区,市外移動_転入,女,3102
令和３,2021,金沢区,市外移動_転出,総数,5900
令和３,2021,金沢区,市外移動_転出,男,3242
令和３,2021,金沢区,市外移動_転出,女,2658
令和３,2021,金沢区,市内移動_転入,総数,2400
令和３,2021,金沢区,市内移動_転入,男,1217
令和３,2021,金沢区,市内移動_転入,女,1183
令和３,2021,金沢区,市内移動_転出,総数,2909
令和３,2021,金沢区,市内移動_転出,男,1516
令和３,2021,金沢区,市内移動_転出,女,1393
令和３,2021,金沢区,その他増減,総数,73
令和３,2021,金沢区,その他増減,男,36
令和３,2021,金沢区,その他増減,女,37
令和３,2021,金沢区,自然増減,総数,-1079
令和３,2021,金沢区,自然増減,男,-562
令和３,2021,金沢区,自然増減,女,-517
令和３,2021,金沢区,出生,総数,964
令和３,2021,金沢区,出生,男,501
令和３,2021,金沢区,出生,女,463
令和３,2021,金沢区,死亡,総数,2043
令和３,2021,金沢区,死亡,男,1063
令和３,2021,金沢区,死亡,女,980
令和３,2021,金沢区,人口増減率,,-0.47836
令和３,2021,金沢区,社会増減率,,0.06496
令和３,2021,金沢区,自然増減率,,-0.54331
令和３,2021,港北区,世帯数増減,,1371
令和３,2021,港北区,人口増減,総数,994
令和３,2021,港北区,人口増減,男,250
令和３,2021,港北区,人口増減,女,744
令和３,2021,港北区,社会増減,総数,665
令和３,2021,港北区,社会増減,男,151
令和３,2021,港北区,社会増減,女,514
令和３,2021,港北区,市外移動_転入,総数,17915
令和３,2021,港北区,市外移動_転入,男,9414
令和３,2021,港北区,市外移動_転入,女,8501
令和３,2021,港北区,市外移動_転出,総数,16037
令和３,2021,港北区,市外移動_転出,男,8578
令和３,2021,港北区,市外移動_転出,女,7459
令和３,2021,港北区,市内移動_転入,総数,5530
令和３,2021,港北区,市内移動_転入,男,2760
令和３,2021,港北区,市内移動_転入,女,2770
令和３,2021,港北区,市内移動_転出,総数,6853
令和３,2021,港北区,市内移動_転出,男,3465
令和３,2021,港北区,市内移動_転出,女,3388
令和３,2021,港北区,その他増減,総数,110
令和３,2021,港北区,その他増減,男,20
令和３,2021,港北区,その他増減,女,90
令和３,2021,港北区,自然増減,総数,329
令和３,2021,港北区,自然増減,男,99
令和３,2021,港北区,自然増減,女,230
令和３,2021,港北区,出生,総数,3036
令和３,2021,港北区,出生,男,1502
令和３,2021,港北区,出生,女,1534
令和３,2021,港北区,死亡,総数,2707
令和３,2021,港北区,死亡,男,1403
令和３,2021,港北区,死亡,女,1304
令和３,2021,港北区,人口増減率,,0.27725
令和３,2021,港北区,社会増減率,,0.18548
令和３,2021,港北区,自然増減率,,0.09176
令和３,2021,緑区,世帯数増減,,678
令和３,2021,緑区,人口増減,総数,-106
令和３,2021,緑区,人口増減,男,-223
令和３,2021,緑区,人口増減,女,117
令和３,2021,緑区,社会増減,総数,345
令和３,2021,緑区,社会増減,男,32
令和３,2021,緑区,社会増減,女,313
令和３,2021,緑区,市外移動_転入,総数,5642
令和３,2021,緑区,市外移動_転入,男,2925
令和３,2021,緑区,市外移動_転入,女,2717
令和３,2021,緑区,市外移動_転出,総数,6138
令和３,2021,緑区,市外移動_転出,男,3254
令和３,2021,緑区,市外移動_転出,女,2884
令和３,2021,緑区,市内移動_転入,総数,3763
令和３,2021,緑区,市内移動_転入,男,1895
令和３,2021,緑区,市内移動_転入,女,1868
令和３,2021,緑区,市内移動_転出,総数,2965
令和３,2021,緑区,市内移動_転出,男,1528
令和３,2021,緑区,市内移動_転出,女,1437
令和３,2021,緑区,その他増減,総数,43
令和３,2021,緑区,その他増減,男,-6
令和３,2021,緑区,その他増減,女,49
令和３,2021,緑区,自然増減,総数,-451
令和３,2021,緑区,自然増減,男,-255
令和３,2021,緑区,自然増減,女,-196
令和３,2021,緑区,出生,総数,1283
令和３,2021,緑区,出生,男,664
令和３,2021,緑区,出生,女,619
令和３,2021,緑区,死亡,総数,1734
令和３,2021,緑区,死亡,男,919
令和３,2021,緑区,死亡,女,815
令和３,2021,緑区,人口増減率,,-0.05782
令和３,2021,緑区,社会増減率,,0.18819
令和３,2021,緑区,自然増減率,,-0.24601
令和３,2021,青葉区,世帯数増減,,1147
令和３,2021,青葉区,人口増減,総数,137
令和３,2021,青葉区,人口増減,男,-253
令和３,2021,青葉区,人口増減,女,390
令和３,2021,青葉区,社会増減,総数,609
令和３,2021,青葉区,社会増減,男,-14
令和３,2021,青葉区,社会増減,女,623
令和３,2021,青葉区,市外移動_転入,総数,13903
令和３,2021,青葉区,市外移動_転入,男,6984
令和３,2021,青葉区,市外移動_転入,女,6919
令和３,2021,青葉区,市外移動_転出,総数,13727
令和３,2021,青葉区,市外移動_転出,男,7186
令和３,2021,青葉区,市外移動_転出,女,6541
令和３,2021,青葉区,市内移動_転入,総数,3188
令和３,2021,青葉区,市内移動_転入,男,1547
令和３,2021,青葉区,市内移動_転入,女,1641
令和３,2021,青葉区,市内移動_転出,総数,2994
令和３,2021,青葉区,市内移動_転出,男,1473
令和３,2021,青葉区,市内移動_転出,女,1521
令和３,2021,青葉区,その他増減,総数,239
令和３,2021,青葉区,その他増減,男,114
令和３,2021,青葉区,その他増減,女,125
令和３,2021,青葉区,自然増減,総数,-472
令和３,2021,青葉区,自然増減,男,-239
令和３,2021,青葉区,自然増減,女,-233
令和３,2021,青葉区,出生,総数,1989
令和３,2021,青葉区,出生,男,1023
令和３,2021,青葉区,出生,女,966
令和３,2021,青葉区,死亡,総数,2461
令和３,2021,青葉区,死亡,男,1262
令和３,2021,青葉区,死亡,女,1199
令和３,2021,青葉区,人口増減率,,0.04405
令和３,2021,青葉区,社会増減率,,0.19581
令和３,2021,青葉区,自然増減率,,-0.15176
令和３,2021,都筑区,世帯数増減,,1587
令和３,2021,都筑区,人口増減,総数,1489
令和３,2021,都筑区,人口増減,男,577
令和３,2021,都筑区,人口増減,女,912
令和３,2021,都筑区,社会増減,総数,1361
令和３,2021,都筑区,社会増減,男,529
令和３,2021,都筑区,社会増減,女,832
令和３,2021,都筑区,市外移動_転入,総数,8285
令和３,2021,都筑区,市外移動_転入,男,4261
令和３,2021,都筑区,市外移動_転入,女,4024
令和３,2021,都筑区,市外移動_転出,総数,7596
令和３,2021,都筑区,市外移動_転出,男,4083
令和３,2021,都筑区,市外移動_転出,女,3513
令和３,2021,都筑区,市内移動_転入,総数,4148
令和３,2021,都筑区,市内移動_転入,男,2089
令和３,2021,都筑区,市内移動_転入,女,2059
令和３,2021,都筑区,市内移動_転出,総数,3539
令和３,2021,都筑区,市内移動_転出,男,1756
令和３,2021,都筑区,市内移動_転出,女,1783
令和３,2021,都筑区,その他増減,総数,63
令和３,2021,都筑区,その他増減,男,18
令和３,2021,都筑区,その他増減,女,45
令和３,2021,都筑区,自然増減,総数,128
令和３,2021,都筑区,自然増減,男,48
令和３,2021,都筑区,自然増減,女,80
令和３,2021,都筑区,出生,総数,1513
令和３,2021,都筑区,出生,男,766
令和３,2021,都筑区,出生,女,747
令和３,2021,都筑区,死亡,総数,1385
令和３,2021,都筑区,死亡,男,718
令和３,2021,都筑区,死亡,女,667
令和３,2021,都筑区,人口増減率,,0.69774
令和３,2021,都筑区,社会増減率,,0.63776
令和３,2021,都筑区,自然増減率,,0.05998
令和３,2021,戸塚区,世帯数増減,,1111
令和３,2021,戸塚区,人口増減,総数,220
令和３,2021,戸塚区,人口増減,男,18
令和３,2021,戸塚区,人口増減,女,202
令和３,2021,戸塚区,社会増減,総数,837
令和３,2021,戸塚区,社会増減,男,373
令和３,2021,戸塚区,社会増減,女,464
令和３,2021,戸塚区,市外移動_転入,総数,8256
令和３,2021,戸塚区,市外移動_転入,男,4329
令和３,2021,戸塚区,市外移動_転入,女,3927
令和３,2021,戸塚区,市外移動_転出,総数,7834
令和３,2021,戸塚区,市外移動_転出,男,4207
令和３,2021,戸塚区,市外移動_転出,女,3627
令和３,2021,戸塚区,市内移動_転入,総数,4592
令和３,2021,戸塚区,市内移動_転入,男,2333
令和３,2021,戸塚区,市内移動_転入,女,2259
令和３,2021,戸塚区,市内移動_転出,総数,4200
令和３,2021,戸塚区,市内移動_転出,男,2093
令和３,2021,戸塚区,市内移動_転出,女,2107
令和３,2021,戸塚区,その他増減,総数,23
令和３,2021,戸塚区,その他増減,男,11
令和３,2021,戸塚区,その他増減,女,12
令和３,2021,戸塚区,自然増減,総数,-617
令和３,2021,戸塚区,自然増減,男,-355
令和３,2021,戸塚区,自然増減,女,-262
令和３,2021,戸塚区,出生,総数,2075
令和３,2021,戸塚区,出生,男,1044
令和３,2021,戸塚区,出生,女,1031
令和３,2021,戸塚区,死亡,総数,2692
令和３,2021,戸塚区,死亡,男,1399
令和３,2021,戸塚区,死亡,女,1293
令和３,2021,戸塚区,人口増減率,,0.0775
令和３,2021,戸塚区,社会増減率,,0.29486
令和３,2021,戸塚区,自然増減率,,-0.21736
令和３,2021,栄区,世帯数増減,,727
令和３,2021,栄区,人口増減,総数,562
令和３,2021,栄区,人口増減,男,305
令和３,2021,栄区,人口増減,女,257
令和３,2021,栄区,社会増減,総数,1068
令和３,2021,栄区,社会増減,男,616
令和３,2021,栄区,社会増減,女,452
令和３,2021,栄区,市外移動_転入,総数,3943
令和３,2021,栄区,市外移動_転入,男,2107
令和３,2021,栄区,市外移動_転入,女,1836
令和３,2021,栄区,市外移動_転出,総数,3370
令和３,2021,栄区,市外移動_転出,男,1802
令和３,2021,栄区,市外移動_転出,女,1568
令和３,2021,栄区,市内移動_転入,総数,2329
令和３,2021,栄区,市内移動_転入,男,1205
令和３,2021,栄区,市内移動_転入,女,1124
令和３,2021,栄区,市内移動_転出,総数,1868
令和３,2021,栄区,市内移動_転出,男,923
令和３,2021,栄区,市内移動_転出,女,945
令和３,2021,栄区,その他増減,総数,34
令和３,2021,栄区,その他増減,男,29
令和３,2021,栄区,その他増減,女,5
令和３,2021,栄区,自然増減,総数,-506
令和３,2021,栄区,自然増減,男,-311
令和３,2021,栄区,自然増減,女,-195
令和３,2021,栄区,出生,総数,763
令和３,2021,栄区,出生,男,396
令和３,2021,栄区,出生,女,367
令和３,2021,栄区,死亡,総数,1269
令和３,2021,栄区,死亡,男,707
令和３,2021,栄区,死亡,女,562
令和３,2021,栄区,人口増減率,,0.46813
令和３,2021,栄区,社会増減率,,0.88962
令和３,2021,栄区,自然増減率,,-0.42149
令和３,2021,泉区,世帯数増減,,542
令和３,2021,泉区,人口増減,総数,-252
令和３,2021,泉区,人口増減,男,-212
令和３,2021,泉区,人口増減,女,-40
令和３,2021,泉区,社会増減,総数,440
令和３,2021,泉区,社会増減,男,190
令和３,2021,泉区,社会増減,女,250
令和３,2021,泉区,市外移動_転入,総数,3660
令和３,2021,泉区,市外移動_転入,男,1901
令和３,2021,泉区,市外移動_転入,女,1759
令和３,2021,泉区,市外移動_転出,総数,3743
令和３,2021,泉区,市外移動_転出,男,1957
令和３,2021,泉区,市外移動_転出,女,1786
令和３,2021,泉区,市内移動_転入,総数,2753
令和３,2021,泉区,市内移動_転入,男,1347
令和３,2021,泉区,市内移動_転入,女,1406
令和３,2021,泉区,市内移動_転出,総数,2212
令和３,2021,泉区,市内移動_転出,男,1071
令和３,2021,泉区,市内移動_転出,女,1141
令和３,2021,泉区,その他増減,総数,-18
令和３,2021,泉区,その他増減,男,-30
令和３,2021,泉区,その他増減,女,12
令和３,2021,泉区,自然増減,総数,-692
令和３,2021,泉区,自然増減,男,-402
令和３,2021,泉区,自然増減,女,-290
令和３,2021,泉区,出生,総数,965
令和３,2021,泉区,出生,男,465
令和３,2021,泉区,出生,女,500
令和３,2021,泉区,死亡,総数,1657
令和３,2021,泉区,死亡,男,867
令和３,2021,泉区,死亡,女,790
令和３,2021,泉区,人口増減率,,-0.16542
令和３,2021,泉区,社会増減率,,0.28883
令和３,2021,泉区,自然増減率,,-0.45425
令和３,2021,瀬谷区,世帯数増減,,548
令和３,2021,瀬谷区,人口増減,総数,-428
令和３,2021,瀬谷区,人口増減,男,-269
令和３,2021,瀬谷区,人口増減,女,-159
令和３,2021,瀬谷区,社会増減,総数,327
令和３,2021,瀬谷区,社会増減,男,142
令和３,2021,瀬谷区,社会増減,女,185
令和３,2021,瀬谷区,市外移動_転入,総数,2965
令和３,2021,瀬谷区,市外移動_転入,男,1556
令和３,2021,瀬谷区,市外移動_転入,女,1409
令和３,2021,瀬谷区,市外移動_転出,総数,3315
令和３,2021,瀬谷区,市外移動_転出,男,1764
令和３,2021,瀬谷区,市外移動_転出,女,1551
令和３,2021,瀬谷区,市内移動_転入,総数,2322
令和３,2021,瀬谷区,市内移動_転入,男,1153
令和３,2021,瀬谷区,市内移動_転入,女,1169
令和３,2021,瀬谷区,市内移動_転出,総数,1689
令和３,2021,瀬谷区,市内移動_転出,男,813
令和３,2021,瀬谷区,市内移動_転出,女,876
令和３,2021,瀬谷区,その他増減,総数,44
令和３,2021,瀬谷区,その他増減,男,10
令和３,2021,瀬谷区,その他増減,女,34
令和３,2021,瀬谷区,自然増減,総数,-755
令和３,2021,瀬谷区,自然増減,男,-411
令和３,2021,瀬谷区,自然増減,女,-344
令和３,2021,瀬谷区,出生,総数,710
令和３,2021,瀬谷区,出生,男,382
令和３,2021,瀬谷区,出生,女,328
令和３,2021,瀬谷区,死亡,総数,1465
令和３,2021,瀬谷区,死亡,男,793
令和３,2021,瀬谷区,死亡,女,672
令和３,2021,瀬谷区,人口増減率,,-0.34944
令和３,2021,瀬谷区,社会増減率,,0.26698
令和３,2021,瀬谷区,自然増減率,,-0.61643
令和４,2022,鶴見区,世帯数増減,,915
令和４,2022,鶴見区,人口増減,総数,-599
令和４,2022,鶴見区,人口増減,男,-285
令和４,2022,鶴見区,人口増減,女,-314
令和４,2022,鶴見区,社会増減,総数,298
令和４,2022,鶴見区,社会増減,男,270
令和４,2022,鶴見区,社会増減,女,28
令和４,2022,鶴見区,市外移動_転入,総数,14347
令和４,2022,鶴見区,市外移動_転入,男,8222
令和４,2022,鶴見区,市外移動_転入,女,6125
令和４,2022,鶴見区,市外移動_転出,総数,13063
令和４,2022,鶴見区,市外移動_転出,男,7408
令和４,2022,鶴見区,市外移動_転出,女,5655
令和４,2022,鶴見区,市内移動_転入,総数,3290
令和４,2022,鶴見区,市内移動_転入,男,1752
令和４,2022,鶴見区,市内移動_転入,女,1538
令和４,2022,鶴見区,市内移動_転出,総数,4077
令和４,2022,鶴見区,市内移動_転出,男,2152
令和４,2022,鶴見区,市内移動_転出,女,1925
令和４,2022,鶴見区,その他増減,総数,-199
令和４,2022,鶴見区,その他増減,男,-144
令和４,2022,鶴見区,その他増減,女,-55
令和４,2022,鶴見区,自然増減,総数,-897
令和４,2022,鶴見区,自然増減,男,-555
令和４,2022,鶴見区,自然増減,女,-342
令和４,2022,鶴見区,出生,総数,1966
令和４,2022,鶴見区,出生,男,990
令和４,2022,鶴見区,出生,女,976
令和４,2022,鶴見区,死亡,総数,2863
令和４,2022,鶴見区,死亡,男,1545
令和４,2022,鶴見区,死亡,女,1318
令和４,2022,鶴見区,人口増減率,,-0.20265
令和４,2022,鶴見区,社会増減率,,0.10082
令和４,2022,鶴見区,自然増減率,,-0.30347
令和４,2022,神奈川区,世帯数増減,,1781
令和４,2022,神奈川区,人口増減,総数,1434
令和４,2022,神奈川区,人口増減,男,706
令和４,2022,神奈川区,人口増減,女,728
令和４,2022,神奈川区,社会増減,総数,2060
令和４,2022,神奈川区,社会増減,男,1050
令和４,2022,神奈川区,社会増減,女,1010
令和４,2022,神奈川区,市外移動_転入,総数,12878
令和４,2022,神奈川区,市外移動_転入,男,7063
令和４,2022,神奈川区,市外移動_転入,女,5815
令和４,2022,神奈川区,市外移動_転出,総数,10493
令和４,2022,神奈川区,市外移動_転出,男,5798
令和４,2022,神奈川区,市外移動_転出,女,4695
令和４,2022,神奈川区,市内移動_転入,総数,5663
令和４,2022,神奈川区,市内移動_転入,男,2886
令和４,2022,神奈川区,市内移動_転入,女,2777
令和４,2022,神奈川区,市内移動_転出,総数,6053
令和４,2022,神奈川区,市内移動_転出,男,3139
令和４,2022,神奈川区,市内移動_転出,女,2914
令和４,2022,神奈川区,その他増減,総数,65
令和４,2022,神奈川区,その他増減,男,38
令和４,2022,神奈川区,その他増減,女,27
令和４,2022,神奈川区,自然増減,総数,-626
令和４,2022,神奈川区,自然増減,男,-344
令和４,2022,神奈川区,自然増減,女,-282
令和４,2022,神奈川区,出生,総数,1736
令和４,2022,神奈川区,出生,男,887
令和４,2022,神奈川区,出生,女,849
令和４,2022,神奈川区,死亡,総数,2362
令和４,2022,神奈川区,死亡,男,1231
令和４,2022,神奈川区,死亡,女,1131
令和４,2022,神奈川区,人口増減率,,0.57953
令和４,2022,神奈川区,社会増減率,,0.83251
令和４,2022,神奈川区,自然増減率,,-0.25299
令和４,2022,西区,世帯数増減,,1065
令和４,2022,西区,人口増減,総数,1151
令和４,2022,西区,人口増減,男,561
令和４,2022,西区,人口増減,女,590
令和４,2022,西区,社会増減,総数,1375
令和４,2022,西区,社会増減,男,691
令和４,2022,西区,社会増減,女,684
令和４,2022,西区,市外移動_転入,総数,6959
令和４,2022,西区,市外移動_転入,男,3775
令和４,2022,西区,市外移動_転入,女,3184
令和４,2022,西区,市外移動_転出,総数,5228
令和４,2022,西区,市外移動_転出,男,2861
令和４,2022,西区,市外移動_転出,女,2367
令和４,2022,西区,市内移動_転入,総数,3234
令和４,2022,西区,市内移動_転入,男,1643
令和４,2022,西区,市内移動_転入,女,1591
令和４,2022,西区,市内移動_転出,総数,3514
令和４,2022,西区,市内移動_転出,男,1800
令和４,2022,西区,市内移動_転出,女,1714
令和４,2022,西区,その他増減,総数,-76
令和４,2022,西区,その他増減,男,-66
令和４,2022,西区,その他増減,女,-10
令和４,2022,西区,自然増減,総数,-224
令和４,2022,西区,自然増減,男,-130
令和４,2022,西区,自然増減,女,-94
令和４,2022,西区,出生,総数,718
令和４,2022,西区,出生,男,340
令和４,2022,西区,出生,女,378
令和４,2022,西区,死亡,総数,942
令和４,2022,西区,死亡,男,470
令和４,2022,西区,死亡,女,472
令和４,2022,西区,人口増減率,,1.10161
令和４,2022,西区,社会増減率,,1.316
令和４,2022,西区,自然増減率,,-0.21439
令和４,2022,中区,世帯数増減,,1429
令和４,2022,中区,人口増減,総数,760
令和４,2022,中区,人口増減,男,194
令和４,2022,中区,人口増減,女,566
令和４,2022,中区,社会増減,総数,1849
令和４,2022,中区,社会増減,男,930
令和４,2022,中区,社会増減,女,919
令和４,2022,中区,市外移動_転入,総数,9351
令和４,2022,中区,市外移動_転入,男,5192
令和４,2022,中区,市外移動_転入,女,4159
令和４,2022,中区,市外移動_転出,総数,6912
令和４,2022,中区,市外移動_転出,男,3938
令和４,2022,中区,市外移動_転出,女,2974
令和４,2022,中区,市内移動_転入,総数,4260
令和４,2022,中区,市内移動_転入,男,2353
令和４,2022,中区,市内移動_転入,女,1907
令和４,2022,中区,市内移動_転出,総数,4607
令和４,2022,中区,市内移動_転出,男,2537
令和４,2022,中区,市内移動_転出,女,2070
令和４,2022,中区,その他増減,総数,-243
令和４,2022,中区,その他増減,男,-140
令和４,2022,中区,その他増減,女,-103
令和４,2022,中区,自然増減,総数,-1089
令和４,2022,中区,自然増減,男,-736
令和４,2022,中区,自然増減,女,-353
令和４,2022,中区,出生,総数,763
令和４,2022,中区,出生,男,383
令和４,2022,中区,出生,女,380
令和４,2022,中区,死亡,総数,1852
令和４,2022,中区,死亡,男,1119
令和４,2022,中区,死亡,女,733
令和４,2022,中区,人口増減率,,0.50575
令和４,2022,中区,社会増減率,,1.23044
令和４,2022,中区,自然増減率,,-0.72469
令和４,2022,南区,世帯数増減,,1287
令和４,2022,南区,人口増減,総数,-87
令和４,2022,南区,人口増減,男,-166
令和４,2022,南区,人口増減,女,79
令和４,2022,南区,社会増減,総数,1353
令和４,2022,南区,社会増減,男,667
令和４,2022,南区,社会増減,女,686
令和４,2022,南区,市外移動_転入,総数,8314
令和４,2022,南区,市外移動_転入,男,4427
令和４,2022,南区,市外移動_転入,女,3887
令和４,2022,南区,市外移動_転出,総数,6603
令和４,2022,南区,市外移動_転出,男,3549
令和４,2022,南区,市外移動_転出,女,3054
令和４,2022,南区,市内移動_転入,総数,5303
令和４,2022,南区,市内移動_転入,男,2729
令和４,2022,南区,市内移動_転入,女,2574
令和４,2022,南区,市内移動_転出,総数,5554
令和４,2022,南区,市内移動_転出,男,2848
令和４,2022,南区,市内移動_転出,女,2706
令和４,2022,南区,その他増減,総数,-107
令和４,2022,南区,その他増減,男,-92
令和４,2022,南区,その他増減,女,-15
令和４,2022,南区,自然増減,総数,-1440
令和４,2022,南区,自然増減,男,-833
令和４,2022,南区,自然増減,女,-607
令和４,2022,南区,出生,総数,1067
令和４,2022,南区,出生,男,556
令和４,2022,南区,出生,女,511
令和４,2022,南区,死亡,総数,2507
令和４,2022,南区,死亡,男,1389
令和４,2022,南区,死亡,女,1118
令和４,2022,南区,人口増減率,,-0.04405
令和４,2022,南区,社会増減率,,0.685
令和４,2022,南区,自然増減率,,-0.72905
令和４,2022,港南区,世帯数増減,,424
令和４,2022,港南区,人口増減,総数,-910
令和４,2022,港南区,人口増減,男,-689
令和４,2022,港南区,人口増減,女,-221
令和４,2022,港南区,社会増減,総数,290
令和４,2022,港南区,社会増減,男,6
令和４,2022,港南区,社会増減,女,284
令和４,2022,港南区,市外移動_転入,総数,5276
令和４,2022,港南区,市外移動_転入,男,2809
令和４,2022,港南区,市外移動_転入,女,2467
令和４,2022,港南区,市外移動_転出,総数,5415
令和４,2022,港南区,市外移動_転出,男,3013
令和４,2022,港南区,市外移動_転出,女,2402
令和４,2022,港南区,市内移動_転入,総数,4154
令和４,2022,港南区,市内移動_転入,男,2059
令和４,2022,港南区,市内移動_転入,女,2095
令和４,2022,港南区,市内移動_転出,総数,3784
令和４,2022,港南区,市内移動_転出,男,1886
令和４,2022,港南区,市内移動_転出,女,1898
令和４,2022,港南区,その他増減,総数,59
令和４,2022,港南区,その他増減,男,37
令和４,2022,港南区,その他増減,女,22
令和４,2022,港南区,自然増減,総数,-1200
令和４,2022,港南区,自然増減,男,-695
令和４,2022,港南区,自然増減,女,-505
令和４,2022,港南区,出生,総数,1232
令和４,2022,港南区,出生,男,585
令和４,2022,港南区,出生,女,647
令和４,2022,港南区,死亡,総数,2432
令和４,2022,港南区,死亡,男,1280
令和４,2022,港南区,死亡,女,1152
令和４,2022,港南区,人口増減率,,-0.42282
令和４,2022,港南区,社会増減率,,0.13474
令和４,2022,港南区,自然増減率,,-0.55756
令和４,2022,保土ケ谷区,世帯数増減,,516
令和４,2022,保土ケ谷区,人口増減,総数,-779
令和４,2022,保土ケ谷区,人口増減,男,-384
令和４,2022,保土ケ谷区,人口増減,女,-395
令和４,2022,保土ケ谷区,社会増減,総数,604
令和４,2022,保土ケ谷区,社会増減,男,312
令和４,2022,保土ケ谷区,社会増減,女,292
令和４,2022,保土ケ谷区,市外移動_転入,総数,7145
令和４,2022,保土ケ谷区,市外移動_転入,男,3878
令和４,2022,保土ケ谷区,市外移動_転入,女,3267
令和４,2022,保土ケ谷区,市外移動_転出,総数,6260
令和４,2022,保土ケ谷区,市外移動_転出,男,3454
令和４,2022,保土ケ谷区,市外移動_転出,女,2806
令和４,2022,保土ケ谷区,市内移動_転入,総数,4448
令和４,2022,保土ケ谷区,市内移動_転入,男,2262
令和４,2022,保土ケ谷区,市内移動_転入,女,2186
令和４,2022,保土ケ谷区,市内移動_転出,総数,4744
令和４,2022,保土ケ谷区,市内移動_転出,男,2383
令和４,2022,保土ケ谷区,市内移動_転出,女,2361
令和４,2022,保土ケ谷区,その他増減,総数,15
令和４,2022,保土ケ谷区,その他増減,男,9
令和４,2022,保土ケ谷区,その他増減,女,6
令和４,2022,保土ケ谷区,自然増減,総数,-1383
令和４,2022,保土ケ谷区,自然増減,男,-696
令和４,2022,保土ケ谷区,自然増減,女,-687
令和４,2022,保土ケ谷区,出生,総数,1174
令和４,2022,保土ケ谷区,出生,男,590
令和４,2022,保土ケ谷区,出生,女,584
令和４,2022,保土ケ谷区,死亡,総数,2557
令和４,2022,保土ケ谷区,死亡,男,1286
令和４,2022,保土ケ谷区,死亡,女,1271
令和４,2022,保土ケ谷区,人口増減率,,-0.377
令和４,2022,保土ケ谷区,社会増減率,,0.29231
令和４,2022,保土ケ谷区,自然増減率,,-0.66931
令和４,2022,旭区,世帯数増減,,543
令和４,2022,旭区,人口増減,総数,-977
令和４,2022,旭区,人口増減,男,-718
令和４,2022,旭区,人口増減,女,-259
令和４,2022,旭区,社会増減,総数,796
令和４,2022,旭区,社会増減,男,236
令和４,2022,旭区,社会増減,女,560
令和４,2022,旭区,市外移動_転入,総数,5838
令和４,2022,旭区,市外移動_転入,男,2952
令和４,2022,旭区,市外移動_転入,女,2886
令和４,2022,旭区,市外移動_転出,総数,6050
令和４,2022,旭区,市外移動_転出,男,3223
令和４,2022,旭区,市外移動_転出,女,2827
令和４,2022,旭区,市内移動_転入,総数,4328
令和４,2022,旭区,市内移動_転入,男,2161
令和４,2022,旭区,市内移動_転入,女,2167
令和４,2022,旭区,市内移動_転出,総数,3387
令和４,2022,旭区,市内移動_転出,男,1657
令和４,2022,旭区,市内移動_転出,女,1730
令和４,2022,旭区,その他増減,総数,67
令和４,2022,旭区,その他増減,男,3
令和４,2022,旭区,その他増減,女,64
令和４,2022,旭区,自然増減,総数,-1773
令和４,2022,旭区,自然増減,男,-954
令和４,2022,旭区,自然増減,女,-819
令和４,2022,旭区,出生,総数,1369
令和４,2022,旭区,出生,男,714
令和４,2022,旭区,出生,女,655
令和４,2022,旭区,死亡,総数,3142
令和４,2022,旭区,死亡,男,1668
令和４,2022,旭区,死亡,女,1474
令和４,2022,旭区,人口増減率,,-0.40146
令和４,2022,旭区,社会増減率,,0.32709
令和４,2022,旭区,自然増減率,,-0.72855
令和４,2022,磯子区,世帯数増減,,263
令和４,2022,磯子区,人口増減,総数,-810
令和４,2022,磯子区,人口増減,男,-374
令和４,2022,磯子区,人口増減,女,-436
令和４,2022,磯子区,社会増減,総数,130
令和４,2022,磯子区,社会増減,男,139
令和４,2022,磯子区,社会増減,女,-9
令和４,2022,磯子区,市外移動_転入,総数,5129
令和４,2022,磯子区,市外移動_転入,男,2874
令和４,2022,磯子区,市外移動_転入,女,2255
令和４,2022,磯子区,市外移動_転出,総数,4695
令和４,2022,磯子区,市外移動_転出,男,2611
令和４,2022,磯子区,市外移動_転出,女,2084
令和４,2022,磯子区,市内移動_転入,総数,3593
令和４,2022,磯子区,市内移動_転入,男,1875
令和４,2022,磯子区,市内移動_転入,女,1718
令和４,2022,磯子区,市内移動_転出,総数,3897
令和４,2022,磯子区,市内移動_転出,男,1990
令和４,2022,磯子区,市内移動_転出,女,1907
令和４,2022,磯子区,その他増減,総数,0
令和４,2022,磯子区,その他増減,男,-9
令和４,2022,磯子区,その他増減,女,9
令和４,2022,磯子区,自然増減,総数,-940
令和４,2022,磯子区,自然増減,男,-513
令和４,2022,磯子区,自然増減,女,-427
令和４,2022,磯子区,出生,総数,977
令和４,2022,磯子区,出生,男,495
令和４,2022,磯子区,出生,女,482
令和４,2022,磯子区,死亡,総数,1917
令和４,2022,磯子区,死亡,男,1008
令和４,2022,磯子区,死亡,女,909
令和４,2022,磯子区,人口増減率,,-0.48719
令和４,2022,磯子区,社会増減率,,0.07819
令和４,2022,磯子区,自然増減率,,-0.56538
令和４,2022,金沢区,世帯数増減,,38
令和４,2022,金沢区,人口増減,総数,-1754
令和４,2022,金沢区,人口増減,男,-948
令和４,2022,金沢区,人口増減,女,-806
令和４,2022,金沢区,社会増減,総数,-375
令和４,2022,金沢区,社会増減,男,-269
令和４,2022,金沢区,社会増減,女,-106
令和４,2022,金沢区,市外移動_転入,総数,6203
令和４,2022,金沢区,市外移動_転入,男,3279
令和４,2022,金沢区,市外移動_転入,女,2924
令和４,2022,金沢区,市外移動_転出,総数,6296
令和４,2022,金沢区,市外移動_転出,男,3391
令和４,2022,金沢区,市外移動_転出,女,2905
令和４,2022,金沢区,市内移動_転入,総数,2224
令和４,2022,金沢区,市内移動_転入,男,1119
令和４,2022,金沢区,市内移動_転入,女,1105
令和４,2022,金沢区,市内移動_転出,総数,2559
令和４,2022,金沢区,市内移動_転出,男,1289
令和４,2022,金沢区,市内移動_転出,女,1270
令和４,2022,金沢区,その他増減,総数,53
令和４,2022,金沢区,その他増減,男,13
令和４,2022,金沢区,その他増減,女,40
令和４,2022,金沢区,自然増減,総数,-1379
令和４,2022,金沢区,自然増減,男,-679
令和４,2022,金沢区,自然増減,女,-700
令和４,2022,金沢区,出生,総数,948
令和４,2022,金沢区,出生,男,501
令和４,2022,金沢区,出生,女,447
令和４,2022,金沢区,死亡,総数,2327
令和４,2022,金沢区,死亡,男,1180
令和４,2022,金沢区,死亡,女,1147
令和４,2022,金沢区,人口増減率,,-0.88745
令和４,2022,金沢区,社会増減率,,-0.18973
令和４,2022,金沢区,自然増減率,,-0.69771
令和４,2022,港北区,世帯数増減,,2428
令和４,2022,港北区,人口増減,総数,2563
令和４,2022,港北区,人口増減,男,1113
令和４,2022,港北区,人口増減,女,1450
令和４,2022,港北区,社会増減,総数,2566
令和４,2022,港北区,社会増減,男,1162
令和４,2022,港北区,社会増減,女,1404
令和４,2022,港北区,市外移動_転入,総数,19770
令和４,2022,港北区,市外移動_転入,男,10396
令和４,2022,港北区,市外移動_転入,女,9374
令和４,2022,港北区,市外移動_転出,総数,16819
令和４,2022,港北区,市外移動_転出,男,8978
令和４,2022,港北区,市外移動_転出,女,7841
令和４,2022,港北区,市内移動_転入,総数,5722
令和４,2022,港北区,市内移動_転入,男,2838
令和４,2022,港北区,市内移動_転入,女,2884
令和４,2022,港北区,市内移動_転出,総数,6276
令和４,2022,港北区,市内移動_転出,男,3172
令和４,2022,港北区,市内移動_転出,女,3104
令和４,2022,港北区,その他増減,総数,169
令和４,2022,港北区,その他増減,男,78
令和４,2022,港北区,その他増減,女,91
令和４,2022,港北区,自然増減,総数,-3
令和４,2022,港北区,自然増減,男,-49
令和４,2022,港北区,自然増減,女,46
令和４,2022,港北区,出生,総数,2973
令和４,2022,港北区,出生,男,1510
令和４,2022,港北区,出生,女,1463
令和４,2022,港北区,死亡,総数,2976
令和４,2022,港北区,死亡,男,1559
令和４,2022,港北区,死亡,女,1417
令和４,2022,港北区,人口増減率,,0.71289
令和４,2022,港北区,社会増減率,,0.71373
令和４,2022,港北区,自然増減率,,-0.00083
令和４,2022,緑区,世帯数増減,,612
令和４,2022,緑区,人口増減,総数,-432
令和４,2022,緑区,人口増減,男,-280
令和４,2022,緑区,人口増減,女,-152
令和４,2022,緑区,社会増減,総数,188
令和４,2022,緑区,社会増減,男,78
令和４,2022,緑区,社会増減,女,110
令和４,2022,緑区,市外移動_転入,総数,6000
令和４,2022,緑区,市外移動_転入,男,3162
令和４,2022,緑区,市外移動_転入,女,2838
令和４,2022,緑区,市外移動_転出,総数,6162
令和４,2022,緑区,市外移動_転出,男,3220
令和４,2022,緑区,市外移動_転出,女,2942
令和４,2022,緑区,市内移動_転入,総数,3209
令和４,2022,緑区,市内移動_転入,男,1566
令和４,2022,緑区,市内移動_転入,女,1643
令和４,2022,緑区,市内移動_転出,総数,2898
令和４,2022,緑区,市内移動_転出,男,1446
令和４,2022,緑区,市内移動_転出,女,1452
令和４,2022,緑区,その他増減,総数,39
令和４,2022,緑区,その他増減,男,16
令和４,2022,緑区,その他増減,女,23
令和４,2022,緑区,自然増減,総数,-620
令和４,2022,緑区,自然増減,男,-358
令和４,2022,緑区,自然増減,女,-262
令和４,2022,緑区,出生,総数,1174
令和４,2022,緑区,出生,男,575
令和４,2022,緑区,出生,女,599
令和４,2022,緑区,死亡,総数,1794
令和４,2022,緑区,死亡,男,933
令和４,2022,緑区,死亡,女,861
令和４,2022,緑区,人口増減率,,-0.23578
令和４,2022,緑区,社会増減率,,0.10261
令和４,2022,緑区,自然増減率,,-0.33839
令和４,2022,青葉区,世帯数増減,,943
令和４,2022,青葉区,人口増減,総数,-675
令和４,2022,青葉区,人口増減,男,-385
令和４,2022,青葉区,人口増減,女,-290
令和４,2022,青葉区,社会増減,総数,-67
令和４,2022,青葉区,社会増減,男,-42
令和４,2022,青葉区,社会増減,女,-25
令和４,2022,青葉区,市外移動_転入,総数,13499
令和４,2022,青葉区,市外移動_転入,男,6929
令和４,2022,青葉区,市外移動_転入,女,6570
令和４,2022,青葉区,市外移動_転出,総数,13971
令和４,2022,青葉区,市外移動_転出,男,7264
令和４,2022,青葉区,市外移動_転出,女,6707
令和４,2022,青葉区,市内移動_転入,総数,2927
令和４,2022,青葉区,市内移動_転入,男,1493
令和４,2022,青葉区,市内移動_転入,女,1434
令和４,2022,青葉区,市内移動_転出,総数,2807
令和４,2022,青葉区,市内移動_転出,男,1353
令和４,2022,青葉区,市内移動_転出,女,1454
令和４,2022,青葉区,その他増減,総数,285
令和４,2022,青葉区,その他増減,男,153
令和４,2022,青葉区,その他増減,女,132
令和４,2022,青葉区,自然増減,総数,-608
令和４,2022,青葉区,自然増減,男,-343
令和４,2022,青葉区,自然増減,女,-265
令和４,2022,青葉区,出生,総数,1927
令和４,2022,青葉区,出生,男,968
令和４,2022,青葉区,出生,女,959
令和４,2022,青葉区,死亡,総数,2535
令和４,2022,青葉区,死亡,男,1311
令和４,2022,青葉区,死亡,女,1224
令和４,2022,青葉区,人口増減率,,-0.21694
令和４,2022,青葉区,社会増減率,,-0.02153
令和４,2022,青葉区,自然増減率,,-0.19541
令和４,2022,都筑区,世帯数増減,,1010
令和４,2022,都筑区,人口増減,総数,-5
令和４,2022,都筑区,人口増減,男,-54
令和４,2022,都筑区,人口増減,女,49
令和４,2022,都筑区,社会増減,総数,155
令和４,2022,都筑区,社会増減,男,12
令和４,2022,都筑区,社会増減,女,143
令和４,2022,都筑区,市外移動_転入,総数,8302
令和４,2022,都筑区,市外移動_転入,男,4362
令和４,2022,都筑区,市外移動_転入,女,3940
令和４,2022,都筑区,市外移動_転出,総数,8247
令和４,2022,都筑区,市外移動_転出,男,4406
令和４,2022,都筑区,市外移動_転出,女,3841
令和４,2022,都筑区,市内移動_転入,総数,3587
令和４,2022,都筑区,市内移動_転入,男,1793
令和４,2022,都筑区,市内移動_転入,女,1794
令和４,2022,都筑区,市内移動_転出,総数,3575
令和４,2022,都筑区,市内移動_転出,男,1773
令和４,2022,都筑区,市内移動_転出,女,1802
令和４,2022,都筑区,その他増減,総数,88
令和４,2022,都筑区,その他増減,男,36
令和４,2022,都筑区,その他増減,女,52
令和４,2022,都筑区,自然増減,総数,-160
令和４,2022,都筑区,自然増減,男,-66
令和４,2022,都筑区,自然増減,女,-94
令和４,2022,都筑区,出生,総数,1414
令和４,2022,都筑区,出生,男,746
令和４,2022,都筑区,出生,女,668
令和４,2022,都筑区,死亡,総数,1574
令和４,2022,都筑区,死亡,男,812
令和４,2022,都筑区,死亡,女,762
令和４,2022,都筑区,人口増減率,,-0.00233
令和４,2022,都筑区,社会増減率,,0.07213
令和４,2022,都筑区,自然増減率,,-0.07446
令和４,2022,戸塚区,世帯数増減,,993
令和４,2022,戸塚区,人口増減,総数,-569
令和４,2022,戸塚区,人口増減,男,-392
令和４,2022,戸塚区,人口増減,女,-177
令和４,2022,戸塚区,社会増減,総数,492
令和４,2022,戸塚区,社会増減,男,235
令和４,2022,戸塚区,社会増減,女,257
令和４,2022,戸塚区,市外移動_転入,総数,8396
令和４,2022,戸塚区,市外移動_転入,男,4455
令和４,2022,戸塚区,市外移動_転入,女,3941
令和４,2022,戸塚区,市外移動_転出,総数,8238
令和４,2022,戸塚区,市外移動_転出,男,4380
令和４,2022,戸塚区,市外移動_転出,女,3858
令和４,2022,戸塚区,市内移動_転入,総数,4181
令和４,2022,戸塚区,市内移動_転入,男,2070
令和４,2022,戸塚区,市内移動_転入,女,2111
令和４,2022,戸塚区,市内移動_転出,総数,3897
令和４,2022,戸塚区,市内移動_転出,男,1910
令和４,2022,戸塚区,市内移動_転出,女,1987
令和４,2022,戸塚区,その他増減,総数,50
令和４,2022,戸塚区,その他増減,男,0
令和４,2022,戸塚区,その他増減,女,50
令和４,2022,戸塚区,自然増減,総数,-1061
令和４,2022,戸塚区,自然増減,男,-627
令和４,2022,戸塚区,自然増減,女,-434
令和４,2022,戸塚区,出生,総数,1888
令和４,2022,戸塚区,出生,男,950
令和４,2022,戸塚区,出生,女,938
令和４,2022,戸塚区,死亡,総数,2949
令和４,2022,戸塚区,死亡,男,1577
令和４,2022,戸塚区,死亡,女,1372
令和４,2022,戸塚区,人口増減率,,-0.20029
令和４,2022,戸塚区,社会増減率,,0.17319
令和４,2022,戸塚区,自然増減率,,-0.37348
令和４,2022,栄区,世帯数増減,,710
令和４,2022,栄区,人口増減,総数,361
令和４,2022,栄区,人口増減,男,17
令和４,2022,栄区,人口増減,女,344
令和４,2022,栄区,社会増減,総数,1029
令和４,2022,栄区,社会増減,男,425
令和４,2022,栄区,社会増減,女,604
令和４,2022,栄区,市外移動_転入,総数,3975
令和４,2022,栄区,市外移動_転入,男,2104
令和４,2022,栄区,市外移動_転入,女,1871
令和４,2022,栄区,市外移動_転出,総数,3387
令和４,2022,栄区,市外移動_転出,男,1871
令和４,2022,栄区,市外移動_転出,女,1516
令和４,2022,栄区,市内移動_転入,総数,2284
令和４,2022,栄区,市内移動_転入,男,1158
令和４,2022,栄区,市内移動_転入,女,1126
令和４,2022,栄区,市内移動_転出,総数,1837
令和４,2022,栄区,市内移動_転出,男,958
令和４,2022,栄区,市内移動_転出,女,879
令和４,2022,栄区,その他増減,総数,-6
令和４,2022,栄区,その他増減,男,-8
令和４,2022,栄区,その他増減,女,2
令和４,2022,栄区,自然増減,総数,-668
令和４,2022,栄区,自然増減,男,-408
令和４,2022,栄区,自然増減,女,-260
令和４,2022,栄区,出生,総数,754
令和４,2022,栄区,出生,男,376
令和４,2022,栄区,出生,女,378
令和４,2022,栄区,死亡,総数,1422
令和４,2022,栄区,死亡,男,784
令和４,2022,栄区,死亡,女,638
令和４,2022,栄区,人口増減率,,0.2993
令和４,2022,栄区,社会増減率,,0.85314
令和４,2022,栄区,自然増減率,,-0.55384
令和４,2022,泉区,世帯数増減,,359
令和４,2022,泉区,人口増減,総数,-670
令和４,2022,泉区,人口増減,男,-478
令和４,2022,泉区,人口増減,女,-192
令和４,2022,泉区,社会増減,総数,155
令和４,2022,泉区,社会増減,男,64
令和４,2022,泉区,社会増減,女,91
令和４,2022,泉区,市外移動_転入,総数,3590
令和４,2022,泉区,市外移動_転入,男,1897
令和４,2022,泉区,市外移動_転入,女,1693
令和４,2022,泉区,市外移動_転出,総数,3972
令和４,2022,泉区,市外移動_転出,男,2141
令和４,2022,泉区,市外移動_転出,女,1831
令和４,2022,泉区,市内移動_転入,総数,2593
令和４,2022,泉区,市内移動_転入,男,1290
令和４,2022,泉区,市内移動_転入,女,1303
令和４,2022,泉区,市内移動_転出,総数,2109
令和４,2022,泉区,市内移動_転出,男,1008
令和４,2022,泉区,市内移動_転出,女,1101
令和４,2022,泉区,その他増減,総数,53
令和４,2022,泉区,その他増減,男,26
令和４,2022,泉区,その他増減,女,27
令和４,2022,泉区,自然増減,総数,-825
令和４,2022,泉区,自然増減,男,-542
令和４,2022,泉区,自然増減,女,-283
令和４,2022,泉区,出生,総数,992
令和４,2022,泉区,出生,男,468
令和４,2022,泉区,出生,女,524
令和４,2022,泉区,死亡,総数,1817
令和４,2022,泉区,死亡,男,1010
令和４,2022,泉区,死亡,女,807
令和４,2022,泉区,人口増減率,,-0.44054
令和４,2022,泉区,社会増減率,,0.10192
令和４,2022,泉区,自然増減率,,-0.54245
令和４,2022,瀬谷区,世帯数増減,,466
令和４,2022,瀬谷区,人口増減,総数,-436
令和４,2022,瀬谷区,人口増減,男,-287
令和４,2022,瀬谷区,人口増減,女,-149
令和４,2022,瀬谷区,社会増減,総数,407
令和４,2022,瀬谷区,社会増減,男,146
令和４,2022,瀬谷区,社会増減,女,261
令和４,2022,瀬谷区,市外移動_転入,総数,3160
令和４,2022,瀬谷区,市外移動_転入,男,1661
令和４,2022,瀬谷区,市外移動_転入,女,1499
令和４,2022,瀬谷区,市外移動_転出,総数,3361
令和４,2022,瀬谷区,市外移動_転出,男,1776
令和４,2022,瀬谷区,市外移動_転出,女,1585
令和４,2022,瀬谷区,市内移動_転入,総数,2236
令和４,2022,瀬谷区,市内移動_転入,男,1097
令和４,2022,瀬谷区,市内移動_転入,女,1139
令和４,2022,瀬谷区,市内移動_転出,総数,1635
令和４,2022,瀬谷区,市内移動_転出,男,825
令和４,2022,瀬谷区,市内移動_転出,女,810
令和４,2022,瀬谷区,その他増減,総数,7
令和４,2022,瀬谷区,その他増減,男,-11
令和４,2022,瀬谷区,その他増減,女,18
令和４,2022,瀬谷区,自然増減,総数,-843
令和４,2022,瀬谷区,自然増減,男,-433
令和４,2022,瀬谷区,自然増減,女,-410
令和４,2022,瀬谷区,出生,総数,713
令和４,2022,瀬谷区,出生,男,368
令和４,2022,瀬谷区,出生,女,345
令和４,2022,瀬谷区,死亡,総数,1556
令和４,2022,瀬谷区,死亡,男,801
令和４,2022,瀬谷区,死亡,女,755
令和４,2022,瀬谷区,人口増減率,,-0.35722
令和４,2022,瀬谷区,社会増減率,,0.33346
令和４,2022,瀬谷区,自然増減率,,-0.69069
令和５,2023,鶴見区,世帯数増減,,2041
令和５,2023,鶴見区,人口増減,総数,667
令和５,2023,鶴見区,人口増減,男,496
令和５,2023,鶴見区,人口増減,女,171
令和５,2023,鶴見区,社会増減,総数,1633
令和５,2023,鶴見区,社会増減,男,1004
令和５,2023,鶴見区,社会増減,女,629
令和５,2023,鶴見区,市外移動_転入,総数,15535
令和５,2023,鶴見区,市外移動_転入,男,9015
令和５,2023,鶴見区,市外移動_転入,女,6520
令和５,2023,鶴見区,市外移動_転出,総数,13258
令和５,2023,鶴見区,市外移動_転出,男,7607
令和５,2023,鶴見区,市外移動_転出,女,5651
令和５,2023,鶴見区,市内移動_転入,総数,3344
令和５,2023,鶴見区,市内移動_転入,男,1760
令和５,2023,鶴見区,市内移動_転入,女,1584
令和５,2023,鶴見区,市内移動_転出,総数,3944
令和５,2023,鶴見区,市内移動_転出,男,2098
令和５,2023,鶴見区,市内移動_転出,女,1846
令和５,2023,鶴見区,その他増減,総数,-44
令和５,2023,鶴見区,その他増減,男,-66
令和５,2023,鶴見区,その他増減,女,22
令和５,2023,鶴見区,自然増減,総数,-966
令和５,2023,鶴見区,自然増減,男,-508
令和５,2023,鶴見区,自然増減,女,-458
令和５,2023,鶴見区,出生,総数,1798
令和５,2023,鶴見区,出生,男,959
令和５,2023,鶴見区,出生,女,839
令和５,2023,鶴見区,死亡,総数,2764
令和５,2023,鶴見区,死亡,男,1467
令和５,2023,鶴見区,死亡,女,1297
令和５,2023,鶴見区,人口増減率,,0.22612
令和５,2023,鶴見区,社会増減率,,0.55359
令和５,2023,鶴見区,自然増減率,,-0.32748
令和５,2023,神奈川区,世帯数増減,,1643
令和５,2023,神奈川区,人口増減,総数,794
令和５,2023,神奈川区,人口増減,男,98
令和５,2023,神奈川区,人口増減,女,696
令和５,2023,神奈川区,社会増減,総数,1532
令和５,2023,神奈川区,社会増減,男,565
令和５,2023,神奈川区,社会増減,女,967
令和５,2023,神奈川区,市外移動_転入,総数,12687
令和５,2023,神奈川区,市外移動_転入,男,6867
令和５,2023,神奈川区,市外移動_転入,女,5820
令和５,2023,神奈川区,市外移動_転出,総数,10484
令和５,2023,神奈川区,市外移動_転出,男,5805
令和５,2023,神奈川区,市外移動_転出,女,4679
令和５,2023,神奈川区,市内移動_転入,総数,5354
令和５,2023,神奈川区,市内移動_転入,男,2660
令和５,2023,神奈川区,市内移動_転入,女,2694
令和５,2023,神奈川区,市内移動_転出,総数,6137
令和５,2023,神奈川区,市内移動_転出,男,3180
令和５,2023,神奈川区,市内移動_転出,女,2957
令和５,2023,神奈川区,その他増減,総数,112
令和５,2023,神奈川区,その他増減,男,23
令和５,2023,神奈川区,その他増減,女,89
令和５,2023,神奈川区,自然増減,総数,-738
令和５,2023,神奈川区,自然増減,男,-467
令和５,2023,神奈川区,自然増減,女,-271
令和５,2023,神奈川区,出生,総数,1573
令和５,2023,神奈川区,出生,男,749
令和５,2023,神奈川区,出生,女,824
令和５,2023,神奈川区,死亡,総数,2311
令和５,2023,神奈川区,死亡,男,1216
令和５,2023,神奈川区,死亡,女,1095
令和５,2023,神奈川区,人口増減率,,0.31903
令和５,2023,神奈川区,社会増減率,,0.61556
令和５,2023,神奈川区,自然増減率,,-0.29653
令和５,2023,西区,世帯数増減,,886
令和５,2023,西区,人口増減,総数,742
令和５,2023,西区,人口増減,男,508
令和５,2023,西区,人口増減,女,234
令和５,2023,西区,社会増減,総数,903
令和５,2023,西区,社会増減,男,591
令和５,2023,西区,社会増減,女,312
令和５,2023,西区,市外移動_転入,総数,6620
令和５,2023,西区,市外移動_転入,男,3651
令和５,2023,西区,市外移動_転入,女,2969
令和５,2023,西区,市外移動_転出,総数,5100
令和５,2023,西区,市外移動_転出,男,2745
令和５,2023,西区,市外移動_転出,女,2355
令和５,2023,西区,市内移動_転入,総数,3139
令和５,2023,西区,市内移動_転入,男,1628
令和５,2023,西区,市内移動_転入,女,1511
令和５,2023,西区,市内移動_転出,総数,3732
令和５,2023,西区,市内移動_転出,男,1929
令和５,2023,西区,市内移動_転出,女,1803
令和５,2023,西区,その他増減,総数,-24
令和５,2023,西区,その他増減,男,-14
令和５,2023,西区,その他増減,女,-10
令和５,2023,西区,自然増減,総数,-161
令和５,2023,西区,自然増減,男,-83
令和５,2023,西区,自然増減,女,-78
令和５,2023,西区,出生,総数,773
令和５,2023,西区,出生,男,387
令和５,2023,西区,出生,女,386
令和５,2023,西区,死亡,総数,934
令和５,2023,西区,死亡,男,470
令和５,2023,西区,死亡,女,464
令和５,2023,西区,人口増減率,,0.70243
令和５,2023,西区,社会増減率,,0.85484
令和５,2023,西区,自然増減率,,-0.15241
令和５,2023,中区,世帯数増減,,1481
令和５,2023,中区,人口増減,総数,1102
令和５,2023,中区,人口増減,男,483
令和５,2023,中区,人口増減,女,619
令和５,2023,中区,社会増減,総数,2243
令和５,2023,中区,社会増減,男,1257
令和５,2023,中区,社会増減,女,986
令和５,2023,中区,市外移動_転入,総数,9599
令和５,2023,中区,市外移動_転入,男,5326
令和５,2023,中区,市外移動_転入,女,4273
令和５,2023,中区,市外移動_転出,総数,7189
令和５,2023,中区,市外移動_転出,男,3994
令和５,2023,中区,市外移動_転出,女,3195
令和５,2023,中区,市内移動_転入,総数,4618
令和５,2023,中区,市内移動_転入,男,2506
令和５,2023,中区,市内移動_転入,女,2112
令和５,2023,中区,市内移動_転出,総数,4551
令和５,2023,中区,市内移動_転出,男,2446
令和５,2023,中区,市内移動_転出,女,2105
令和５,2023,中区,その他増減,総数,-234
令和５,2023,中区,その他増減,男,-135
令和５,2023,中区,その他増減,女,-99
令和５,2023,中区,自然増減,総数,-1141
令和５,2023,中区,自然増減,男,-774
令和５,2023,中区,自然増減,女,-367
令和５,2023,中区,出生,総数,746
令和５,2023,中区,出生,男,368
令和５,2023,中区,出生,女,378
令和５,2023,中区,死亡,総数,1887
令和５,2023,中区,死亡,男,1142
令和５,2023,中区,死亡,女,745
令和５,2023,中区,人口増減率,,0.72965
令和５,2023,中区,社会増減率,,1.48513
令和５,2023,中区,自然増減率,,-0.75547
令和５,2023,南区,世帯数増減,,2169
令和５,2023,南区,人口増減,総数,1422
令和５,2023,南区,人口増減,男,766
令和５,2023,南区,人口増減,女,656
令和５,2023,南区,社会増減,総数,2958
令和５,2023,南区,社会増減,男,1633
令和５,2023,南区,社会増減,女,1325
令和５,2023,南区,市外移動_転入,総数,9360
令和５,2023,南区,市外移動_転入,男,5089
令和５,2023,南区,市外移動_転入,女,4271
令和５,2023,南区,市外移動_転出,総数,6680
令和５,2023,南区,市外移動_転出,男,3627
令和５,2023,南区,市外移動_転出,女,3053
令和５,2023,南区,市内移動_転入,総数,5677
令和５,2023,南区,市内移動_転入,男,2954
令和５,2023,南区,市内移動_転入,女,2723
令和５,2023,南区,市内移動_転出,総数,5400
令和５,2023,南区,市内移動_転出,男,2763
令和５,2023,南区,市内移動_転出,女,2637
令和５,2023,南区,その他増減,総数,1
令和５,2023,南区,その他増減,男,-20
令和５,2023,南区,その他増減,女,21
令和５,2023,南区,自然増減,総数,-1536
令和５,2023,南区,自然増減,男,-867
令和５,2023,南区,自然増減,女,-669
令和５,2023,南区,出生,総数,983
令和５,2023,南区,出生,男,500
令和５,2023,南区,出生,女,483
令和５,2023,南区,死亡,総数,2519
令和５,2023,南区,死亡,男,1367
令和５,2023,南区,死亡,女,1152
令和５,2023,南区,人口増減率,,0.72026
令和５,2023,南区,社会増減率,,1.49825
令和５,2023,南区,自然増減率,,-0.778
令和５,2023,港南区,世帯数増減,,425
令和５,2023,港南区,人口増減,総数,-902
令和５,2023,港南区,人口増減,男,-596
令和５,2023,港南区,人口増減,女,-306
令和５,2023,港南区,社会増減,総数,297
令和５,2023,港南区,社会増減,男,113
令和５,2023,港南区,社会増減,女,184
令和５,2023,港南区,市外移動_転入,総数,5318
令和５,2023,港南区,市外移動_転入,男,2832
令和５,2023,港南区,市外移動_転入,女,2486
令和５,2023,港南区,市外移動_転出,総数,5359
令和５,2023,港南区,市外移動_転出,男,2915
令和５,2023,港南区,市外移動_転出,女,2444
令和５,2023,港南区,市内移動_転入,総数,4001
令和５,2023,港南区,市内移動_転入,男,1948
令和５,2023,港南区,市内移動_転入,女,2053
令和５,2023,港南区,市内移動_転出,総数,3784
令和５,2023,港南区,市内移動_転出,男,1826
令和５,2023,港南区,市内移動_転出,女,1958
令和５,2023,港南区,その他増減,総数,121
令和５,2023,港南区,その他増減,男,74
令和５,2023,港南区,その他増減,女,47
令和５,2023,港南区,自然増減,総数,-1199
令和５,2023,港南区,自然増減,男,-709
令和５,2023,港南区,自然増減,女,-490
令和５,2023,港南区,出生,総数,1311
令和５,2023,港南区,出生,男,671
令和５,2023,港南区,出生,女,640
令和５,2023,港南区,死亡,総数,2510
令和５,2023,港南区,死亡,男,1380
令和５,2023,港南区,死亡,女,1130
令和５,2023,港南区,人口増減率,,-0.42088
令和５,2023,港南区,社会増減率,,0.13858
令和５,2023,港南区,自然増減率,,-0.55946
令和５,2023,保土ケ谷区,世帯数増減,,977
令和５,2023,保土ケ谷区,人口増減,総数,-95
令和５,2023,保土ケ谷区,人口増減,男,-58
令和５,2023,保土ケ谷区,人口増減,女,-37
令和５,2023,保土ケ谷区,社会増減,総数,1167
令和５,2023,保土ケ谷区,社会増減,男,647
令和５,2023,保土ケ谷区,社会増減,女,520
令和５,2023,保土ケ谷区,市外移動_転入,総数,7463
令和５,2023,保土ケ谷区,市外移動_転入,男,4020
令和５,2023,保土ケ谷区,市外移動_転入,女,3443
令和５,2023,保土ケ谷区,市外移動_転出,総数,6375
令和５,2023,保土ケ谷区,市外移動_転出,男,3483
令和５,2023,保土ケ谷区,市外移動_転出,女,2892
令和５,2023,保土ケ谷区,市内移動_転入,総数,4546
令和５,2023,保土ケ谷区,市内移動_転入,男,2335
令和５,2023,保土ケ谷区,市内移動_転入,女,2211
令和５,2023,保土ケ谷区,市内移動_転出,総数,4515
令和５,2023,保土ケ谷区,市内移動_転出,男,2218
令和５,2023,保土ケ谷区,市内移動_転出,女,2297
令和５,2023,保土ケ谷区,その他増減,総数,48
令和５,2023,保土ケ谷区,その他増減,男,-7
令和５,2023,保土ケ谷区,その他増減,女,55
令和５,2023,保土ケ谷区,自然増減,総数,-1262
令和５,2023,保土ケ谷区,自然増減,男,-705
令和５,2023,保土ケ谷区,自然増減,女,-557
令和５,2023,保土ケ谷区,出生,総数,1097
令和５,2023,保土ケ谷区,出生,男,537
令和５,2023,保土ケ谷区,出生,女,560
令和５,2023,保土ケ谷区,死亡,総数,2359
令和５,2023,保土ケ谷区,死亡,男,1242
令和５,2023,保土ケ谷区,死亡,女,1117
令和５,2023,保土ケ谷区,人口増減率,,-0.04615
令和５,2023,保土ケ谷区,社会増減率,,0.56691
令和５,2023,保土ケ谷区,自然増減率,,-0.61306
令和５,2023,旭区,世帯数増減,,628
令和５,2023,旭区,人口増減,総数,-957
令和５,2023,旭区,人口増減,男,-589
令和５,2023,旭区,人口増減,女,-368
令和５,2023,旭区,社会増減,総数,901
令和５,2023,旭区,社会増減,男,387
令和５,2023,旭区,社会増減,女,514
令和５,2023,旭区,市外移動_転入,総数,5974
令和５,2023,旭区,市外移動_転入,男,3097
令和５,2023,旭区,市外移動_転入,女,2877
令和５,2023,旭区,市外移動_転出,総数,5876
令和５,2023,旭区,市外移動_転出,男,3089
令和５,2023,旭区,市外移動_転出,女,2787
令和５,2023,旭区,市内移動_転入,総数,4228
令和５,2023,旭区,市内移動_転入,男,2114
令和５,2023,旭区,市内移動_転入,女,2114
令和５,2023,旭区,市内移動_転出,総数,3542
令和５,2023,旭区,市内移動_転出,男,1771
令和５,2023,旭区,市内移動_転出,女,1771
令和５,2023,旭区,その他増減,総数,117
令和５,2023,旭区,その他増減,男,36
令和５,2023,旭区,その他増減,女,81
令和５,2023,旭区,自然増減,総数,-1858
令和５,2023,旭区,自然増減,男,-976
令和５,2023,旭区,自然増減,女,-882
令和５,2023,旭区,出生,総数,1302
令和５,2023,旭区,出生,男,687
令和５,2023,旭区,出生,女,615
令和５,2023,旭区,死亡,総数,3160
令和５,2023,旭区,死亡,男,1663
令和５,2023,旭区,死亡,女,1497
令和５,2023,旭区,人口増減率,,-0.39483
令和５,2023,旭区,社会増減率,,0.37173
令和５,2023,旭区,自然増減率,,-0.76656
令和５,2023,磯子区,世帯数増減,,497
令和５,2023,磯子区,人口増減,総数,-446
令和５,2023,磯子区,人口増減,男,-276
令和５,2023,磯子区,人口増減,女,-170
令和５,2023,磯子区,社会増減,総数,551
令和５,2023,磯子区,社会増減,男,263
令和５,2023,磯子区,社会増減,女,288
令和５,2023,磯子区,市外移動_転入,総数,5681
令和５,2023,磯子区,市外移動_転入,男,3179
令和５,2023,磯子区,市外移動_転入,女,2502
令和５,2023,磯子区,市外移動_転出,総数,5197
令和５,2023,磯子区,市外移動_転出,男,2927
令和５,2023,磯子区,市外移動_転出,女,2270
令和５,2023,磯子区,市内移動_転入,総数,3651
令和５,2023,磯子区,市内移動_転入,男,1881
令和５,2023,磯子区,市内移動_転入,女,1770
令和５,2023,磯子区,市内移動_転出,総数,3632
令和５,2023,磯子区,市内移動_転出,男,1873
令和５,2023,磯子区,市内移動_転出,女,1759
令和５,2023,磯子区,その他増減,総数,48
令和５,2023,磯子区,その他増減,男,3
令和５,2023,磯子区,その他増減,女,45
令和５,2023,磯子区,自然増減,総数,-997
令和５,2023,磯子区,自然増減,男,-539
令和５,2023,磯子区,自然増減,女,-458
令和５,2023,磯子区,出生,総数,963
令和５,2023,磯子区,出生,男,486
令和５,2023,磯子区,出生,女,477
令和５,2023,磯子区,死亡,総数,1960
令和５,2023,磯子区,死亡,男,1025
令和５,2023,磯子区,死亡,女,935
令和５,2023,磯子区,人口増減率,,-0.26957
令和５,2023,磯子区,社会増減率,,0.33303
令和５,2023,磯子区,自然増減率,,-0.6026
令和５,2023,金沢区,世帯数増減,,125
令和５,2023,金沢区,人口増減,総数,-1417
令和５,2023,金沢区,人口増減,男,-891
令和５,2023,金沢区,人口増減,女,-526
令和５,2023,金沢区,社会増減,総数,-30
令和５,2023,金沢区,社会増減,男,-124
令和５,2023,金沢区,社会増減,女,94
令和５,2023,金沢区,市外移動_転入,総数,6244
令和５,2023,金沢区,市外移動_転入,男,3280
令和５,2023,金沢区,市外移動_転入,女,2964
令和５,2023,金沢区,市外移動_転出,総数,5874
令和５,2023,金沢区,市外移動_転出,男,3227
令和５,2023,金沢区,市外移動_転出,女,2647
令和５,2023,金沢区,市内移動_転入,総数,2251
令和５,2023,金沢区,市内移動_転入,男,1166
令和５,2023,金沢区,市内移動_転入,女,1085
令和５,2023,金沢区,市内移動_転出,総数,2686
令和５,2023,金沢区,市内移動_転出,男,1363
令和５,2023,金沢区,市内移動_転出,女,1323
令和５,2023,金沢区,その他増減,総数,35
令和５,2023,金沢区,その他増減,男,20
令和５,2023,金沢区,その他増減,女,15
令和５,2023,金沢区,自然増減,総数,-1387
令和５,2023,金沢区,自然増減,男,-767
令和５,2023,金沢区,自然増減,女,-620
令和５,2023,金沢区,出生,総数,916
令和５,2023,金沢区,出生,男,472
令和５,2023,金沢区,出生,女,444
令和５,2023,金沢区,死亡,総数,2303
令和５,2023,金沢区,死亡,男,1239
令和５,2023,金沢区,死亡,女,1064
令和５,2023,金沢区,人口増減率,,-0.72336
令和５,2023,金沢区,社会増減率,,-0.01531
令和５,2023,金沢区,自然増減率,,-0.70804
令和５,2023,港北区,世帯数増減,,1796
令和５,2023,港北区,人口増減,総数,978
令和５,2023,港北区,人口増減,男,425
令和５,2023,港北区,人口増減,女,553
令和５,2023,港北区,社会増減,総数,1049
令和５,2023,港北区,社会増減,男,477
令和５,2023,港北区,社会増減,女,572
令和５,2023,港北区,市外移動_転入,総数,18483
令和５,2023,港北区,市外移動_転入,男,9722
令和５,2023,港北区,市外移動_転入,女,8761
令和５,2023,港北区,市外移動_転出,総数,16589
令和５,2023,港北区,市外移動_転出,男,8732
令和５,2023,港北区,市外移動_転出,女,7857
令和５,2023,港北区,市内移動_転入,総数,5238
令和５,2023,港北区,市内移動_転入,男,2580
令和５,2023,港北区,市内移動_転入,女,2658
令和５,2023,港北区,市内移動_転出,総数,6238
令和５,2023,港北区,市内移動_転出,男,3148
令和５,2023,港北区,市内移動_転出,女,3090
令和５,2023,港北区,その他増減,総数,155
令和５,2023,港北区,その他増減,男,55
令和５,2023,港北区,その他増減,女,100
令和５,2023,港北区,自然増減,総数,-71
令和５,2023,港北区,自然増減,男,-52
令和５,2023,港北区,自然増減,女,-19
令和５,2023,港北区,出生,総数,2879
令和５,2023,港北区,出生,男,1468
令和５,2023,港北区,出生,女,1411
令和５,2023,港北区,死亡,総数,2950
令和５,2023,港北区,死亡,男,1520
令和５,2023,港北区,死亡,女,1430
令和５,2023,港北区,人口増減率,,0.2701
令和５,2023,港北区,社会増減率,,0.28971
令和５,2023,港北区,自然増減率,,-0.01961
令和５,2023,緑区,世帯数増減,,778
令和５,2023,緑区,人口増減,総数,17
令和５,2023,緑区,人口増減,男,-11
令和５,2023,緑区,人口増減,女,28
令和５,2023,緑区,社会増減,総数,715
令和５,2023,緑区,社会増減,男,322
令和５,2023,緑区,社会増減,女,393
令和５,2023,緑区,市外移動_転入,総数,6073
令和５,2023,緑区,市外移動_転入,男,3162
令和５,2023,緑区,市外移動_転入,女,2911
令和５,2023,緑区,市外移動_転出,総数,6200
令和５,2023,緑区,市外移動_転出,男,3292
令和５,2023,緑区,市外移動_転出,女,2908
令和５,2023,緑区,市内移動_転入,総数,3552
令和５,2023,緑区,市内移動_転入,男,1801
令和５,2023,緑区,市内移動_転入,女,1751
令和５,2023,緑区,市内移動_転出,総数,2749
令和５,2023,緑区,市内移動_転出,男,1343
令和５,2023,緑区,市内移動_転出,女,1406
令和５,2023,緑区,その他増減,総数,39
令和５,2023,緑区,その他増減,男,-6
令和５,2023,緑区,その他増減,女,45
令和５,2023,緑区,自然増減,総数,-698
令和５,2023,緑区,自然増減,男,-333
令和５,2023,緑区,自然増減,女,-365
令和５,2023,緑区,出生,総数,1175
令和５,2023,緑区,出生,男,613
令和５,2023,緑区,出生,女,562
令和５,2023,緑区,死亡,総数,1873
令和５,2023,緑区,死亡,男,946
令和５,2023,緑区,死亡,女,927
令和５,2023,緑区,人口増減率,,0.0093
令和５,2023,緑区,社会増減率,,0.39116
令和５,2023,緑区,自然増減率,,-0.38186
令和５,2023,青葉区,世帯数増減,,675
令和５,2023,青葉区,人口増減,総数,-1392
令和５,2023,青葉区,人口増減,男,-878
令和５,2023,青葉区,人口増減,女,-514
令和５,2023,青葉区,社会増減,総数,-584
令和５,2023,青葉区,社会増減,男,-470
令和５,2023,青葉区,社会増減,女,-114
令和５,2023,青葉区,市外移動_転入,総数,12742
令和５,2023,青葉区,市外移動_転入,男,6512
令和５,2023,青葉区,市外移動_転入,女,6230
令和５,2023,青葉区,市外移動_転出,総数,13200
令和５,2023,青葉区,市外移動_転出,男,6880
令和５,2023,青葉区,市外移動_転出,女,6320
令和５,2023,青葉区,市内移動_転入,総数,2680
令和５,2023,青葉区,市内移動_転入,男,1322
令和５,2023,青葉区,市内移動_転入,女,1358
令和５,2023,青葉区,市内移動_転出,総数,3008
令和５,2023,青葉区,市内移動_転出,男,1503
令和５,2023,青葉区,市内移動_転出,女,1505
令和５,2023,青葉区,その他増減,総数,202
令和５,2023,青葉区,その他増減,男,79
令和５,2023,青葉区,その他増減,女,123
令和５,2023,青葉区,自然増減,総数,-808
令和５,2023,青葉区,自然増減,男,-408
令和５,2023,青葉区,自然増減,女,-400
令和５,2023,青葉区,出生,総数,1798
令和５,2023,青葉区,出生,男,913
令和５,2023,青葉区,出生,女,885
令和５,2023,青葉区,死亡,総数,2606
令和５,2023,青葉区,死亡,男,1321
令和５,2023,青葉区,死亡,女,1285
令和５,2023,青葉区,人口増減率,,-0.44835
令和５,2023,青葉区,社会増減率,,-0.1881
令和５,2023,青葉区,自然増減率,,-0.26025
令和５,2023,都筑区,世帯数増減,,1085
令和５,2023,都筑区,人口増減,総数,421
令和５,2023,都筑区,人口増減,男,-24
令和５,2023,都筑区,人口増減,女,445
令和５,2023,都筑区,社会増減,総数,542
令和５,2023,都筑区,社会増減,男,87
令和５,2023,都筑区,社会増減,女,455
令和５,2023,都筑区,市外移動_転入,総数,8182
令和５,2023,都筑区,市外移動_転入,男,4212
令和５,2023,都筑区,市外移動_転入,女,3970
令和５,2023,都筑区,市外移動_転出,総数,7930
令和５,2023,都筑区,市外移動_転出,男,4225
令和５,2023,都筑区,市外移動_転出,女,3705
令和５,2023,都筑区,市内移動_転入,総数,3618
令和５,2023,都筑区,市内移動_転入,男,1750
令和５,2023,都筑区,市内移動_転入,女,1868
令和５,2023,都筑区,市内移動_転出,総数,3451
令和５,2023,都筑区,市内移動_転出,男,1705
令和５,2023,都筑区,市内移動_転出,女,1746
令和５,2023,都筑区,その他増減,総数,123
令和５,2023,都筑区,その他増減,男,55
令和５,2023,都筑区,その他増減,女,68
令和５,2023,都筑区,自然増減,総数,-121
令和５,2023,都筑区,自然増減,男,-111
令和５,2023,都筑区,自然増減,女,-10
令和５,2023,都筑区,出生,総数,1467
令和５,2023,都筑区,出生,男,722
令和５,2023,都筑区,出生,女,745
令和５,2023,都筑区,死亡,総数,1588
令和５,2023,都筑区,死亡,男,833
令和５,2023,都筑区,死亡,女,755
令和５,2023,都筑区,人口増減率,,0.19592
令和５,2023,都筑区,社会増減率,,0.25223
令和５,2023,都筑区,自然増減率,,-0.05631
令和５,2023,戸塚区,世帯数増減,,1042
令和５,2023,戸塚区,人口増減,総数,-447
令和５,2023,戸塚区,人口増減,男,-218
令和５,2023,戸塚区,人口増減,女,-229
令和５,2023,戸塚区,社会増減,総数,662
令和５,2023,戸塚区,社会増減,男,381
令和５,2023,戸塚区,社会増減,女,281
令和５,2023,戸塚区,市外移動_転入,総数,8600
令和５,2023,戸塚区,市外移動_転入,男,4616
令和５,2023,戸塚区,市外移動_転入,女,3984
令和５,2023,戸塚区,市外移動_転出,総数,8127
令和５,2023,戸塚区,市外移動_転出,男,4313
令和５,2023,戸塚区,市外移動_転出,女,3814
令和５,2023,戸塚区,市内移動_転入,総数,4061
令和５,2023,戸塚区,市内移動_転入,男,2019
令和５,2023,戸塚区,市内移動_転入,女,2042
令和５,2023,戸塚区,市内移動_転出,総数,3959
令和５,2023,戸塚区,市内移動_転出,男,1971
令和５,2023,戸塚区,市内移動_転出,女,1988
令和５,2023,戸塚区,その他増減,総数,87
令和５,2023,戸塚区,その他増減,男,30
令和５,2023,戸塚区,その他増減,女,57
令和５,2023,戸塚区,自然増減,総数,-1109
令和５,2023,戸塚区,自然増減,男,-599
令和５,2023,戸塚区,自然増減,女,-510
令和５,2023,戸塚区,出生,総数,1855
令和５,2023,戸塚区,出生,男,960
令和５,2023,戸塚区,出生,女,895
令和５,2023,戸塚区,死亡,総数,2964
令和５,2023,戸塚区,死亡,男,1559
令和５,2023,戸塚区,死亡,女,1405
令和５,2023,戸塚区,人口増減率,,-0.15766
令和５,2023,戸塚区,社会増減率,,0.2335
令和５,2023,戸塚区,自然増減率,,-0.39116
令和５,2023,栄区,世帯数増減,,403
令和５,2023,栄区,人口増減,総数,-74
令和５,2023,栄区,人口増減,男,-172
令和５,2023,栄区,人口増減,女,98
令和５,2023,栄区,社会増減,総数,645
令和５,2023,栄区,社会増減,男,241
令和５,2023,栄区,社会増減,女,404
令和５,2023,栄区,市外移動_転入,総数,3827
令和５,2023,栄区,市外移動_転入,男,1988
令和５,2023,栄区,市外移動_転入,女,1839
令和５,2023,栄区,市外移動_転出,総数,3533
令和５,2023,栄区,市外移動_転出,男,1900
令和５,2023,栄区,市外移動_転出,女,1633
令和５,2023,栄区,市内移動_転入,総数,2151
令和５,2023,栄区,市内移動_転入,男,1113
令和５,2023,栄区,市内移動_転入,女,1038
令和５,2023,栄区,市内移動_転出,総数,1828
令和５,2023,栄区,市内移動_転出,男,975
令和５,2023,栄区,市内移動_転出,女,853
令和５,2023,栄区,その他増減,総数,28
令和５,2023,栄区,その他増減,男,15
令和５,2023,栄区,その他増減,女,13
令和５,2023,栄区,自然増減,総数,-719
令和５,2023,栄区,自然増減,男,-413
令和５,2023,栄区,自然増減,女,-306
令和５,2023,栄区,出生,総数,704
令和５,2023,栄区,出生,男,348
令和５,2023,栄区,出生,女,356
令和５,2023,栄区,死亡,総数,1423
令和５,2023,栄区,死亡,男,761
令和５,2023,栄区,死亡,女,662
令和５,2023,栄区,人口増減率,,-0.06117
令和５,2023,栄区,社会増減率,,0.53317
令和５,2023,栄区,自然増減率,,-0.59434
令和５,2023,泉区,世帯数増減,,356
令和５,2023,泉区,人口増減,総数,-743
令和５,2023,泉区,人口増減,男,-450
令和５,2023,泉区,人口増減,女,-293
令和５,2023,泉区,社会増減,総数,150
令和５,2023,泉区,社会増減,男,81
令和５,2023,泉区,社会増減,女,69
令和５,2023,泉区,市外移動_転入,総数,3547
令和５,2023,泉区,市外移動_転入,男,1834
令和５,2023,泉区,市外移動_転入,女,1713
令和５,2023,泉区,市外移動_転出,総数,3681
令和５,2023,泉区,市外移動_転出,男,1918
令和５,2023,泉区,市外移動_転出,女,1763
令和５,2023,泉区,市内移動_転入,総数,2499
令和５,2023,泉区,市内移動_転入,男,1251
令和５,2023,泉区,市内移動_転入,女,1248
令和５,2023,泉区,市内移動_転出,総数,2241
令和５,2023,泉区,市内移動_転出,男,1088
令和５,2023,泉区,市内移動_転出,女,1153
令和５,2023,泉区,その他増減,総数,26
令和５,2023,泉区,その他増減,男,2
令和５,2023,泉区,その他増減,女,24
令和５,2023,泉区,自然増減,総数,-893
令和５,2023,泉区,自然増減,男,-531
令和５,2023,泉区,自然増減,女,-362
令和５,2023,泉区,出生,総数,876
令和５,2023,泉区,出生,男,442
令和５,2023,泉区,出生,女,434
令和５,2023,泉区,死亡,総数,1769
令和５,2023,泉区,死亡,男,973
令和５,2023,泉区,死亡,女,796
令和５,2023,泉区,人口増減率,,-0.4907
令和５,2023,泉区,社会増減率,,0.09906
令和５,2023,泉区,自然増減率,,-0.58976
令和５,2023,瀬谷区,世帯数増減,,704
令和５,2023,瀬谷区,人口増減,総数,-45
令和５,2023,瀬谷区,人口増減,男,-109
令和５,2023,瀬谷区,人口増減,女,64
令和５,2023,瀬谷区,社会増減,総数,783
令和５,2023,瀬谷区,社会増減,男,334
令和５,2023,瀬谷区,社会増減,女,449
令和５,2023,瀬谷区,市外移動_転入,総数,3278
令和５,2023,瀬谷区,市外移動_転入,男,1713
令和５,2023,瀬谷区,市外移動_転入,女,1565
令和５,2023,瀬谷区,市外移動_転出,総数,3320
令和５,2023,瀬谷区,市外移動_転出,男,1802
令和５,2023,瀬谷区,市外移動_転出,女,1518
令和５,2023,瀬谷区,市内移動_転入,総数,2523
令和５,2023,瀬谷区,市内移動_転入,男,1244
令和５,2023,瀬谷区,市内移動_転入,女,1279
令和５,2023,瀬谷区,市内移動_転出,総数,1715
令和５,2023,瀬谷区,市内移動_転出,男,820
令和５,2023,瀬谷区,市内移動_転出,女,895
令和５,2023,瀬谷区,その他増減,総数,17
令和５,2023,瀬谷区,その他増減,男,-1
令和５,2023,瀬谷区,その他増減,女,18
令和５,2023,瀬谷区,自然増減,総数,-828
令和５,2023,瀬谷区,自然増減,男,-443
令和５,2023,瀬谷区,自然増減,女,-385
令和５,2023,瀬谷区,出生,総数,738
令和５,2023,瀬谷区,出生,男,387
令和５,2023,瀬谷区,出生,女,351
令和５,2023,瀬谷区,死亡,総数,1566
令和５,2023,瀬谷区,死亡,男,830
令和５,2023,瀬谷区,死亡,女,736
令和５,2023,瀬谷区,人口増減率,,-0.037
令和５,2023,瀬谷区,社会増減率,,0.64383
令和５,2023,瀬谷区,自然増減率,,-0.68083
令和６,2024,鶴見区,世帯数増減,,2692
令和６,2024,鶴見区,人口増減,総数,1863
令和６,2024,鶴見区,人口増減,男,1076
令和６,2024,鶴見区,人口増減,女,787
令和６,2024,鶴見区,社会増減,総数,2863
令和６,2024,鶴見区,社会増減,男,1674
令和６,2024,鶴見区,社会増減,女,1189
令和６,2024,鶴見区,市外移動_転入,総数,16561
令和６,2024,鶴見区,市外移動_転入,男,9468
令和６,2024,鶴見区,市外移動_転入,女,7093
令和６,2024,鶴見区,市外移動_転出,総数,13392
令和６,2024,鶴見区,市外移動_転出,男,7629
令和６,2024,鶴見区,市外移動_転出,女,5763
令和６,2024,鶴見区,市内移動_転入,総数,3625
令和６,2024,鶴見区,市内移動_転入,男,1905
令和６,2024,鶴見区,市内移動_転入,女,1720
令和６,2024,鶴見区,市内移動_転出,総数,3867
令和６,2024,鶴見区,市内移動_転出,男,2005
令和６,2024,鶴見区,市内移動_転出,女,1862
令和６,2024,鶴見区,その他増減,総数,-64
令和６,2024,鶴見区,その他増減,男,-65
令和６,2024,鶴見区,その他増減,女,1
令和６,2024,鶴見区,自然増減,総数,-1000
令和６,2024,鶴見区,自然増減,男,-598
令和６,2024,鶴見区,自然増減,女,-402
令和６,2024,鶴見区,出生,総数,1784
令和６,2024,鶴見区,出生,男,897
令和６,2024,鶴見区,出生,女,887
令和６,2024,鶴見区,死亡,総数,2784
令和６,2024,鶴見区,死亡,男,1495
令和６,2024,鶴見区,死亡,女,1289
令和６,2024,鶴見区,人口増減率,,0.63014
令和６,2024,鶴見区,社会増減率,,0.96838
令和６,2024,鶴見区,自然増減率,,-0.33824
令和６,2024,神奈川区,世帯数増減,,2565
令和６,2024,神奈川区,人口増減,総数,2111
令和６,2024,神奈川区,人口増減,男,1095
令和６,2024,神奈川区,人口増減,女,1016
令和６,2024,神奈川区,社会増減,総数,2980
令和６,2024,神奈川区,社会増減,男,1504
令和６,2024,神奈川区,社会増減,女,1476
令和６,2024,神奈川区,市外移動_転入,総数,13695
令和６,2024,神奈川区,市外移動_転入,男,7507
令和６,2024,神奈川区,市外移動_転入,女,6188
令和６,2024,神奈川区,市外移動_転出,総数,10861
令和６,2024,神奈川区,市外移動_転出,男,5958
令和６,2024,神奈川区,市外移動_転出,女,4903
令和６,2024,神奈川区,市内移動_転入,総数,5909
令和６,2024,神奈川区,市内移動_転入,男,2972
令和６,2024,神奈川区,市内移動_転入,女,2937
令和６,2024,神奈川区,市内移動_転出,総数,5930
令和６,2024,神奈川区,市内移動_転出,男,3066
令和６,2024,神奈川区,市内移動_転出,女,2864
令和６,2024,神奈川区,その他増減,総数,167
令和６,2024,神奈川区,その他増減,男,49
令和６,2024,神奈川区,その他増減,女,118
令和６,2024,神奈川区,自然増減,総数,-869
令和６,2024,神奈川区,自然増減,男,-409
令和６,2024,神奈川区,自然増減,女,-460
令和６,2024,神奈川区,出生,総数,1553
令和６,2024,神奈川区,出生,男,842
令和６,2024,神奈川区,出生,女,711
令和６,2024,神奈川区,死亡,総数,2422
令和６,2024,神奈川区,死亡,男,1251
令和６,2024,神奈川区,死亡,女,1171
令和６,2024,神奈川区,人口増減率,,0.84551
令和６,2024,神奈川区,社会増減率,,1.19357
令和６,2024,神奈川区,自然増減率,,-0.34806
令和６,2024,西区,世帯数増減,,1152
令和６,2024,西区,人口増減,総数,1044
令和６,2024,西区,人口増減,男,526
令和６,2024,西区,人口増減,女,518
令和６,2024,西区,社会増減,総数,1290
令和６,2024,西区,社会増減,男,630
令和６,2024,西区,社会増減,女,660
令和６,2024,西区,市外移動_転入,総数,6849
令和６,2024,西区,市外移動_転入,男,3791
令和６,2024,西区,市外移動_転入,女,3058
令和６,2024,西区,市外移動_転出,総数,5108
令和６,2024,西区,市外移動_転出,男,2851
令和６,2024,西区,市外移動_転出,女,2257
令和６,2024,西区,市内移動_転入,総数,3154
令和６,2024,西区,市内移動_転入,男,1556
令和６,2024,西区,市内移動_転入,女,1598
令和６,2024,西区,市内移動_転出,総数,3562
令和６,2024,西区,市内移動_転出,男,1839
令和６,2024,西区,市内移動_転出,女,1723
令和６,2024,西区,その他増減,総数,-43
令和６,2024,西区,その他増減,男,-27
令和６,2024,西区,その他増減,女,-16
令和６,2024,西区,自然増減,総数,-246
令和６,2024,西区,自然増減,男,-104
令和６,2024,西区,自然増減,女,-142
令和６,2024,西区,出生,総数,687
令和６,2024,西区,出生,男,383
令和６,2024,西区,出生,女,304
令和６,2024,西区,死亡,総数,933
令和６,2024,西区,死亡,男,487
令和６,2024,西区,死亡,女,446
令和６,2024,西区,人口増減率,,0.98142
令和６,2024,西区,社会増減率,,1.21268
令和６,2024,西区,自然増減率,,-0.23126
令和６,2024,中区,世帯数増減,,1684
令和６,2024,中区,人口増減,総数,1308
令和６,2024,中区,人口増減,男,789
令和６,2024,中区,人口増減,女,519
令和６,2024,中区,社会増減,総数,2353
令和６,2024,中区,社会増減,男,1471
令和６,2024,中区,社会増減,女,882
令和６,2024,中区,市外移動_転入,総数,10084
令和６,2024,中区,市外移動_転入,男,5715
令和６,2024,中区,市外移動_転入,女,4369
令和６,2024,中区,市外移動_転出,総数,7341
令和６,2024,中区,市外移動_転出,男,4135
令和６,2024,中区,市外移動_転出,女,3206
令和６,2024,中区,市内移動_転入,総数,4296
令和６,2024,中区,市内移動_転入,男,2398
令和６,2024,中区,市内移動_転入,女,1898
令和６,2024,中区,市内移動_転出,総数,4526
令和６,2024,中区,市内移動_転出,男,2383
令和６,2024,中区,市内移動_転出,女,2143
令和６,2024,中区,その他増減,総数,-160
令和６,2024,中区,その他増減,男,-124
令和６,2024,中区,その他増減,女,-36
令和６,2024,中区,自然増減,総数,-1045
令和６,2024,中区,自然増減,男,-682
令和６,2024,中区,自然増減,女,-363
令和６,2024,中区,出生,総数,724
令和６,2024,中区,出生,男,370
令和６,2024,中区,出生,女,354
令和６,2024,中区,死亡,総数,1769
令和６,2024,中区,死亡,男,1052
令和６,2024,中区,死亡,女,717
令和６,2024,中区,人口増減率,,0.85977
令和６,2024,中区,社会増減率,,1.54667
令和６,2024,中区,自然増減率,,-0.6869
令和６,2024,南区,世帯数増減,,1274
令和６,2024,南区,人口増減,総数,418
令和６,2024,南区,人口増減,男,42
令和６,2024,南区,人口増減,女,376
令和６,2024,南区,社会増減,総数,1941
令和６,2024,南区,社会増減,男,913
令和６,2024,南区,社会増減,女,1028
令和６,2024,南区,市外移動_転入,総数,9177
令和６,2024,南区,市外移動_転入,男,4899
令和６,2024,南区,市外移動_転入,女,4278
令和６,2024,南区,市外移動_転出,総数,7101
令和６,2024,南区,市外移動_転出,男,3827
令和６,2024,南区,市外移動_転出,女,3274
令和６,2024,南区,市内移動_転入,総数,5202
令和６,2024,南区,市内移動_転入,男,2632
令和６,2024,南区,市内移動_転入,女,2570
令和６,2024,南区,市内移動_転出,総数,5324
令和６,2024,南区,市内移動_転出,男,2771
令和６,2024,南区,市内移動_転出,女,2553
令和６,2024,南区,その他増減,総数,-13
令和６,2024,南区,その他増減,男,-20
令和６,2024,南区,その他増減,女,7
令和６,2024,南区,自然増減,総数,-1523
令和６,2024,南区,自然増減,男,-871
令和６,2024,南区,自然増減,女,-652
令和６,2024,南区,出生,総数,1027
令和６,2024,南区,出生,男,510
令和６,2024,南区,出生,女,517
令和６,2024,南区,死亡,総数,2550
令和６,2024,南区,死亡,男,1381
令和６,2024,南区,死亡,女,1169
令和６,2024,南区,人口増減率,,0.21021
令和６,2024,南区,社会増減率,,0.9761
令和６,2024,南区,自然増減率,,-0.7659
令和６,2024,港南区,世帯数増減,,200
令和６,2024,港南区,人口増減,総数,-1699
令和６,2024,港南区,人口増減,男,-916
令和６,2024,港南区,人口増減,女,-783
令和６,2024,港南区,社会増減,総数,-244
令和６,2024,港南区,社会増減,男,-142
令和６,2024,港南区,社会増減,女,-102
令和６,2024,港南区,市外移動_転入,総数,5114
令和６,2024,港南区,市外移動_転入,男,2733
令和６,2024,港南区,市外移動_転入,女,2381
令和６,2024,港南区,市外移動_転出,総数,5240
令和６,2024,港南区,市外移動_転出,男,2828
令和６,2024,港南区,市外移動_転出,女,2412
令和６,2024,港南区,市内移動_転入,総数,3486
令和６,2024,港南区,市内移動_転入,男,1738
令和６,2024,港南区,市内移動_転入,女,1748
令和６,2024,港南区,市内移動_転出,総数,3714
令和６,2024,港南区,市内移動_転出,男,1844
令和６,2024,港南区,市内移動_転出,女,1870
令和６,2024,港南区,その他増減,総数,110
令和６,2024,港南区,その他増減,男,59
令和６,2024,港南区,その他増減,女,51
令和６,2024,港南区,自然増減,総数,-1455
令和６,2024,港南区,自然増減,男,-774
令和６,2024,港南区,自然増減,女,-681
令和６,2024,港南区,出生,総数,1152
令和６,2024,港南区,出生,男,609
令和６,2024,港南区,出生,女,543
令和６,2024,港南区,死亡,総数,2607
令和６,2024,港南区,死亡,男,1383
令和６,2024,港南区,死亡,女,1224
令和６,2024,港南区,人口増減率,,-0.79612
令和６,2024,港南区,社会増減率,,-0.11433
令和６,2024,港南区,自然増減率,,-0.68179
令和６,2024,保土ケ谷区,世帯数増減,,784
令和６,2024,保土ケ谷区,人口増減,総数,-491
令和６,2024,保土ケ谷区,人口増減,男,-289
令和６,2024,保土ケ谷区,人口増減,女,-202
令和６,2024,保土ケ谷区,社会増減,総数,874
令和６,2024,保土ケ谷区,社会増減,男,446
令和６,2024,保土ケ谷区,社会増減,女,428
令和６,2024,保土ケ谷区,市外移動_転入,総数,7456
令和６,2024,保土ケ谷区,市外移動_転入,男,4054
令和６,2024,保土ケ谷区,市外移動_転入,女,3402
令和６,2024,保土ケ谷区,市外移動_転出,総数,6551
令和６,2024,保土ケ谷区,市外移動_転出,男,3610
令和６,2024,保土ケ谷区,市外移動_転出,女,2941
令和６,2024,保土ケ谷区,市内移動_転入,総数,4266
令和６,2024,保土ケ谷区,市内移動_転入,男,2184
令和６,2024,保土ケ谷区,市内移動_転入,女,2082
令和６,2024,保土ケ谷区,市内移動_転出,総数,4356
令和６,2024,保土ケ谷区,市内移動_転出,男,2204
令和６,2024,保土ケ谷区,市内移動_転出,女,2152
令和６,2024,保土ケ谷区,その他増減,総数,59
令和６,2024,保土ケ谷区,その他増減,男,22
令和６,2024,保土ケ谷区,その他増減,女,37
令和６,2024,保土ケ谷区,自然増減,総数,-1365
令和６,2024,保土ケ谷区,自然増減,男,-735
令和６,2024,保土ケ谷区,自然増減,女,-630
令和６,2024,保土ケ谷区,出生,総数,1109
令和６,2024,保土ケ谷区,出生,男,572
令和６,2024,保土ケ谷区,出生,女,537
令和６,2024,保土ケ谷区,死亡,総数,2474
令和６,2024,保土ケ谷区,死亡,男,1307
令和６,2024,保土ケ谷区,死亡,女,1167
令和６,2024,保土ケ谷区,人口増減率,,-0.23863
令和６,2024,保土ケ谷区,社会増減率,,0.42477
令和６,2024,保土ケ谷区,自然増減率,,-0.6634
令和６,2024,旭区,世帯数増減,,717
令和６,2024,旭区,人口増減,総数,-924
令和６,2024,旭区,人口増減,男,-489
令和６,2024,旭区,人口増減,女,-435
令和６,2024,旭区,社会増減,総数,1130
令和６,2024,旭区,社会増減,男,608
令和６,2024,旭区,社会増減,女,522
令和６,2024,旭区,市外移動_転入,総数,6209
令和６,2024,旭区,市外移動_転入,男,3254
令和６,2024,旭区,市外移動_転入,女,2955
令和６,2024,旭区,市外移動_転出,総数,5675
令和６,2024,旭区,市外移動_転出,男,2971
令和６,2024,旭区,市外移動_転出,女,2704
令和６,2024,旭区,市内移動_転入,総数,4015
令和６,2024,旭区,市内移動_転入,男,2022
令和６,2024,旭区,市内移動_転入,女,1993
令和６,2024,旭区,市内移動_転出,総数,3494
令和６,2024,旭区,市内移動_転出,男,1715
令和６,2024,旭区,市内移動_転出,女,1779
令和６,2024,旭区,その他増減,総数,75
令和６,2024,旭区,その他増減,男,18
令和６,2024,旭区,その他増減,女,57
令和６,2024,旭区,自然増減,総数,-2054
令和６,2024,旭区,自然増減,男,-1097
令和６,2024,旭区,自然増減,女,-957
令和６,2024,旭区,出生,総数,1307
令和６,2024,旭区,出生,男,662
令和６,2024,旭区,出生,女,645
令和６,2024,旭区,死亡,総数,3361
令和６,2024,旭区,死亡,男,1759
令和６,2024,旭区,死亡,女,1602
令和６,2024,旭区,人口増減率,,-0.38273
令和６,2024,旭区,社会増減率,,0.46805
令和６,2024,旭区,自然増減率,,-0.85078
令和６,2024,磯子区,世帯数増減,,427
令和６,2024,磯子区,人口増減,総数,-569
令和６,2024,磯子区,人口増減,男,-298
令和６,2024,磯子区,人口増減,女,-271
令和６,2024,磯子区,社会増減,総数,516
令和６,2024,磯子区,社会増減,男,265
令和６,2024,磯子区,社会増減,女,251
令和６,2024,磯子区,市外移動_転入,総数,5660
令和６,2024,磯子区,市外移動_転入,男,3185
令和６,2024,磯子区,市外移動_転入,女,2475
令和６,2024,磯子区,市外移動_転出,総数,5198
令和６,2024,磯子区,市外移動_転出,男,2907
令和６,2024,磯子区,市外移動_転出,女,2291
令和６,2024,磯子区,市内移動_転入,総数,3471
令和６,2024,磯子区,市内移動_転入,男,1741
令和６,2024,磯子区,市内移動_転入,女,1730
令和６,2024,磯子区,市内移動_転出,総数,3496
令和６,2024,磯子区,市内移動_転出,男,1799
令和６,2024,磯子区,市内移動_転出,女,1697
令和６,2024,磯子区,その他増減,総数,79
令和６,2024,磯子区,その他増減,男,45
令和６,2024,磯子区,その他増減,女,34
令和６,2024,磯子区,自然増減,総数,-1085
令和６,2024,磯子区,自然増減,男,-563
令和６,2024,磯子区,自然増減,女,-522
令和６,2024,磯子区,出生,総数,856
令和６,2024,磯子区,出生,男,443
令和６,2024,磯子区,出生,女,413
令和６,2024,磯子区,死亡,総数,1941
令和６,2024,磯子区,死亡,男,1006
令和６,2024,磯子区,死亡,女,935
令和６,2024,磯子区,人口増減率,,-0.34484
令和６,2024,磯子区,社会増減率,,0.31272
令和６,2024,磯子区,自然増減率,,-0.65756
令和６,2024,金沢区,世帯数増減,,397
令和６,2024,金沢区,人口増減,総数,-1284
令和６,2024,金沢区,人口増減,男,-597
令和６,2024,金沢区,人口増減,女,-687
令和６,2024,金沢区,社会増減,総数,154
令和６,2024,金沢区,社会増減,男,183
令和６,2024,金沢区,社会増減,女,-29
令和６,2024,金沢区,市外移動_転入,総数,6301
令和６,2024,金沢区,市外移動_転入,男,3387
令和６,2024,金沢区,市外移動_転入,女,2914
令和６,2024,金沢区,市外移動_転出,総数,5779
令和６,2024,金沢区,市外移動_転出,男,3073
令和６,2024,金沢区,市外移動_転出,女,2706
令和６,2024,金沢区,市内移動_転入,総数,1970
令和６,2024,金沢区,市内移動_転入,男,992
令和６,2024,金沢区,市内移動_転入,女,978
令和６,2024,金沢区,市内移動_転出,総数,2395
令和６,2024,金沢区,市内移動_転出,男,1165
令和６,2024,金沢区,市内移動_転出,女,1230
令和６,2024,金沢区,その他増減,総数,57
令和６,2024,金沢区,その他増減,男,42
令和６,2024,金沢区,その他増減,女,15
令和６,2024,金沢区,自然増減,総数,-1438
令和６,2024,金沢区,自然増減,男,-780
令和６,2024,金沢区,自然増減,女,-658
令和６,2024,金沢区,出生,総数,831
令和６,2024,金沢区,出生,男,426
令和６,2024,金沢区,出生,女,405
令和６,2024,金沢区,死亡,総数,2269
令和６,2024,金沢区,死亡,男,1206
令和６,2024,金沢区,死亡,女,1063
令和６,2024,金沢区,人口増減率,,-0.66024
令和６,2024,金沢区,社会増減率,,0.07919
令和６,2024,金沢区,自然増減率,,-0.73943
令和６,2024,港北区,世帯数増減,,2527
令和６,2024,港北区,人口増減,総数,2643
令和６,2024,港北区,人口増減,男,1364
令和６,2024,港北区,人口増減,女,1279
令和６,2024,港北区,社会増減,総数,2847
令和６,2024,港北区,社会増減,男,1410
令和６,2024,港北区,社会増減,女,1437
令和６,2024,港北区,市外移動_転入,総数,19243
令和６,2024,港北区,市外移動_転入,男,10106
令和６,2024,港北区,市外移動_転入,女,9137
令和６,2024,港北区,市外移動_転出,総数,16233
令和６,2024,港北区,市外移動_転出,男,8607
令和６,2024,港北区,市外移動_転出,女,7626
令和６,2024,港北区,市内移動_転入,総数,5698
令和６,2024,港北区,市内移動_転入,男,2834
令和６,2024,港北区,市内移動_転入,女,2864
令和６,2024,港北区,市内移動_転出,総数,6061
令和６,2024,港北区,市内移動_転出,男,3027
令和６,2024,港北区,市内移動_転出,女,3034
令和６,2024,港北区,その他増減,総数,200
令和６,2024,港北区,その他増減,男,104
令和６,2024,港北区,その他増減,女,96
令和６,2024,港北区,自然増減,総数,-204
令和６,2024,港北区,自然増減,男,-46
令和６,2024,港北区,自然増減,女,-158
令和６,2024,港北区,出生,総数,2855
令和６,2024,港北区,出生,男,1488
令和６,2024,港北区,出生,女,1367
令和６,2024,港北区,死亡,総数,3059
令和６,2024,港北区,死亡,男,1534
令和６,2024,港北区,死亡,女,1525
令和６,2024,港北区,人口増減率,,0.72797
令和６,2024,港北区,社会増減率,,0.78416
令和６,2024,港北区,自然増減率,,-0.05619
令和６,2024,緑区,世帯数増減,,877
令和６,2024,緑区,人口増減,総数,-209
令和６,2024,緑区,人口増減,男,-176
令和６,2024,緑区,人口増減,女,-33
令和６,2024,緑区,社会増減,総数,611
令和６,2024,緑区,社会増減,男,285
令和６,2024,緑区,社会増減,女,326
令和６,2024,緑区,市外移動_転入,総数,5989
令和６,2024,緑区,市外移動_転入,男,3136
令和６,2024,緑区,市外移動_転入,女,2853
令和６,2024,緑区,市外移動_転出,総数,5931
令和６,2024,緑区,市外移動_転出,男,3159
令和６,2024,緑区,市外移動_転出,女,2772
令和６,2024,緑区,市内移動_転入,総数,3318
令和６,2024,緑区,市内移動_転入,男,1688
令和６,2024,緑区,市内移動_転入,女,1630
令和６,2024,緑区,市内移動_転出,総数,2827
令和６,2024,緑区,市内移動_転出,男,1413
令和６,2024,緑区,市内移動_転出,女,1414
令和６,2024,緑区,その他増減,総数,62
令和６,2024,緑区,その他増減,男,33
令和６,2024,緑区,その他増減,女,29
令和６,2024,緑区,自然増減,総数,-820
令和６,2024,緑区,自然増減,男,-461
令和６,2024,緑区,自然増減,女,-359
令和６,2024,緑区,出生,総数,1104
令和６,2024,緑区,出生,男,559
令和６,2024,緑区,出生,女,545
令和６,2024,緑区,死亡,総数,1924
令和６,2024,緑区,死亡,男,1020
令和６,2024,緑区,死亡,女,904
令和６,2024,緑区,人口増減率,,-0.11433
令和６,2024,緑区,社会増減率,,0.33423
令和６,2024,緑区,自然増減率,,-0.44856
令和６,2024,青葉区,世帯数増減,,813
令和６,2024,青葉区,人口増減,総数,-1204
令和６,2024,青葉区,人口増減,男,-703
令和６,2024,青葉区,人口増減,女,-501
令和６,2024,青葉区,社会増減,総数,-278
令和６,2024,青葉区,社会増減,男,-269
令和６,2024,青葉区,社会増減,女,-9
令和６,2024,青葉区,市外移動_転入,総数,12964
令和６,2024,青葉区,市外移動_転入,男,6600
令和６,2024,青葉区,市外移動_転入,女,6364
令和６,2024,青葉区,市外移動_転出,総数,13476
令和６,2024,青葉区,市外移動_転出,男,6893
令和６,2024,青葉区,市外移動_転出,女,6583
令和６,2024,青葉区,市内移動_転入,総数,2705
令和６,2024,青葉区,市内移動_転入,男,1342
令和６,2024,青葉区,市内移動_転入,女,1363
令和６,2024,青葉区,市内移動_転出,総数,2764
令和６,2024,青葉区,市内移動_転出,男,1433
令和６,2024,青葉区,市内移動_転出,女,1331
令和６,2024,青葉区,その他増減,総数,293
令和６,2024,青葉区,その他増減,男,115
令和６,2024,青葉区,その他増減,女,178
令和６,2024,青葉区,自然増減,総数,-926
令和６,2024,青葉区,自然増減,男,-434
令和６,2024,青葉区,自然増減,女,-492
令和６,2024,青葉区,出生,総数,1776
令和６,2024,青葉区,出生,男,927
令和６,2024,青葉区,出生,女,849
令和６,2024,青葉区,死亡,総数,2702
令和６,2024,青葉区,死亡,男,1361
令和６,2024,青葉区,死亡,女,1341
令和６,2024,青葉区,人口増減率,,-0.38954
令和６,2024,青葉区,社会増減率,,-0.08994
令和６,2024,青葉区,自然増減率,,-0.2996
令和６,2024,都筑区,世帯数増減,,984
令和６,2024,都筑区,人口増減,総数,-609
令和６,2024,都筑区,人口増減,男,-415
令和６,2024,都筑区,人口増減,女,-194
令和６,2024,都筑区,社会増減,総数,-256
令和６,2024,都筑区,社会増減,男,-258
令和６,2024,都筑区,社会増減,女,2
令和６,2024,都筑区,市外移動_転入,総数,7794
令和６,2024,都筑区,市外移動_転入,男,4027
令和６,2024,都筑区,市外移動_転入,女,3767
令和６,2024,都筑区,市外移動_転出,総数,8018
令和６,2024,都筑区,市外移動_転出,男,4240
令和６,2024,都筑区,市外移動_転出,女,3778
令和６,2024,都筑区,市内移動_転入,総数,3427
令和６,2024,都筑区,市内移動_転入,男,1680
令和６,2024,都筑区,市内移動_転入,女,1747
令和６,2024,都筑区,市内移動_転出,総数,3568
令和６,2024,都筑区,市内移動_転出,男,1777
令和６,2024,都筑区,市内移動_転出,女,1791
令和６,2024,都筑区,その他増減,総数,109
令和６,2024,都筑区,その他増減,男,52
令和６,2024,都筑区,その他増減,女,57
令和６,2024,都筑区,自然増減,総数,-353
令和６,2024,都筑区,自然増減,男,-157
令和６,2024,都筑区,自然増減,女,-196
令和６,2024,都筑区,出生,総数,1334
令和６,2024,都筑区,出生,男,700
令和６,2024,都筑区,出生,女,634
令和６,2024,都筑区,死亡,総数,1687
令和６,2024,都筑区,死亡,男,857
令和６,2024,都筑区,死亡,女,830
令和６,2024,都筑区,人口増減率,,-0.28285
令和６,2024,都筑区,社会増減率,,-0.1189
令和６,2024,都筑区,自然増減率,,-0.16395
令和６,2024,戸塚区,世帯数増減,,736
令和６,2024,戸塚区,人口増減,総数,-868
令和６,2024,戸塚区,人口増減,男,-574
令和６,2024,戸塚区,人口増減,女,-294
令和６,2024,戸塚区,社会増減,総数,400
令和６,2024,戸塚区,社会増減,男,146
令和６,2024,戸塚区,社会増減,女,254
令和６,2024,戸塚区,市外移動_転入,総数,8062
令和６,2024,戸塚区,市外移動_転入,男,4363
令和６,2024,戸塚区,市外移動_転入,女,3699
令和６,2024,戸塚区,市外移動_転出,総数,7854
令和６,2024,戸塚区,市外移動_転出,男,4243
令和６,2024,戸塚区,市外移動_転出,女,3611
令和６,2024,戸塚区,市内移動_転入,総数,4005
令和６,2024,戸塚区,市内移動_転入,男,1996
令和６,2024,戸塚区,市内移動_転入,女,2009
令和６,2024,戸塚区,市内移動_転出,総数,3883
令和６,2024,戸塚区,市内移動_転出,男,1984
令和６,2024,戸塚区,市内移動_転出,女,1899
令和６,2024,戸塚区,その他増減,総数,70
令和６,2024,戸塚区,その他増減,男,14
令和６,2024,戸塚区,その他増減,女,56
令和６,2024,戸塚区,自然増減,総数,-1268
令和６,2024,戸塚区,自然増減,男,-720
令和６,2024,戸塚区,自然増減,女,-548
令和６,2024,戸塚区,出生,総数,1735
令和６,2024,戸塚区,出生,男,883
令和６,2024,戸塚区,出生,女,852
令和６,2024,戸塚区,死亡,総数,3003
令和６,2024,戸塚区,死亡,男,1603
令和６,2024,戸塚区,死亡,女,1400
令和６,2024,戸塚区,人口増減率,,-0.30664
令和６,2024,戸塚区,社会増減率,,0.14131
令和６,2024,戸塚区,自然増減率,,-0.44795
令和６,2024,栄区,世帯数増減,,304
令和６,2024,栄区,人口増減,総数,-557
令和６,2024,栄区,人口増減,男,-246
令和６,2024,栄区,人口増減,女,-311
令和６,2024,栄区,社会増減,総数,278
令和６,2024,栄区,社会増減,男,168
令和６,2024,栄区,社会増減,女,110
令和６,2024,栄区,市外移動_転入,総数,3553
令和６,2024,栄区,市外移動_転入,男,1905
令和６,2024,栄区,市外移動_転入,女,1648
令和６,2024,栄区,市外移動_転出,総数,3321
令和６,2024,栄区,市外移動_転出,男,1806
令和６,2024,栄区,市外移動_転出,女,1515
令和６,2024,栄区,市内移動_転入,総数,1871
令和６,2024,栄区,市内移動_転入,男,961
令和６,2024,栄区,市内移動_転入,女,910
令和６,2024,栄区,市内移動_転出,総数,1822
令和６,2024,栄区,市内移動_転出,男,892
令和６,2024,栄区,市内移動_転出,女,930
令和６,2024,栄区,その他増減,総数,-3
令和６,2024,栄区,その他増減,男,0
令和６,2024,栄区,その他増減,女,-3
令和６,2024,栄区,自然増減,総数,-835
令和６,2024,栄区,自然増減,男,-414
令和６,2024,栄区,自然増減,女,-421
令和６,2024,栄区,出生,総数,681
令和６,2024,栄区,出生,男,354
令和６,2024,栄区,出生,女,327
令和６,2024,栄区,死亡,総数,1516
令和６,2024,栄区,死亡,男,768
令和６,2024,栄区,死亡,女,748
令和６,2024,栄区,人口増減率,,-0.46071
令和６,2024,栄区,社会増減率,,0.22994
令和６,2024,栄区,自然増減率,,-0.69065
令和６,2024,泉区,世帯数増減,,667
令和６,2024,泉区,人口増減,総数,-238
令和６,2024,泉区,人口増減,男,-109
令和６,2024,泉区,人口増減,女,-129
令和６,2024,泉区,社会増減,総数,800
令和６,2024,泉区,社会増減,男,403
令和６,2024,泉区,社会増減,女,397
令和６,2024,泉区,市外移動_転入,総数,3742
令和６,2024,泉区,市外移動_転入,男,1965
令和６,2024,泉区,市外移動_転入,女,1777
令和６,2024,泉区,市外移動_転出,総数,3695
令和６,2024,泉区,市外移動_転出,男,1937
令和６,2024,泉区,市外移動_転出,女,1758
令和６,2024,泉区,市内移動_転入,総数,2624
令和６,2024,泉区,市内移動_転入,男,1303
令和６,2024,泉区,市内移動_転入,女,1321
令和６,2024,泉区,市内移動_転出,総数,1917
令和６,2024,泉区,市内移動_転出,男,932
令和６,2024,泉区,市内移動_転出,女,985
令和６,2024,泉区,その他増減,総数,46
令和６,2024,泉区,その他増減,男,4
令和６,2024,泉区,その他増減,女,42
令和６,2024,泉区,自然増減,総数,-1038
令和６,2024,泉区,自然増減,男,-512
令和６,2024,泉区,自然増減,女,-526
令和６,2024,泉区,出生,総数,894
令和６,2024,泉区,出生,男,476
令和６,2024,泉区,出生,女,418
令和６,2024,泉区,死亡,総数,1932
令和６,2024,泉区,死亡,男,988
令和６,2024,泉区,死亡,女,944
令和６,2024,泉区,人口増減率,,-0.15796
令和６,2024,泉区,社会増減率,,0.53095
令和６,2024,泉区,自然増減率,,-0.6889
令和６,2024,瀬谷区,世帯数増減,,405
令和６,2024,瀬谷区,人口増減,総数,-371
令和６,2024,瀬谷区,人口増減,男,-156
令和６,2024,瀬谷区,人口増減,女,-215
令和６,2024,瀬谷区,社会増減,総数,543
令和６,2024,瀬谷区,社会増減,男,329
令和６,2024,瀬谷区,社会増減,女,214
令和６,2024,瀬谷区,市外移動_転入,総数,3338
令和６,2024,瀬谷区,市外移動_転入,男,1795
令和６,2024,瀬谷区,市外移動_転入,女,1543
令和６,2024,瀬谷区,市外移動_転出,総数,3287
令和６,2024,瀬谷区,市外移動_転出,男,1784
令和６,2024,瀬谷区,市外移動_転出,女,1503
令和６,2024,瀬谷区,市内移動_転入,総数,2107
令和６,2024,瀬谷区,市内移動_転入,男,1091
令和６,2024,瀬谷区,市内移動_転入,女,1016
令和６,2024,瀬谷区,市内移動_転出,総数,1631
令和６,2024,瀬谷区,市内移動_転出,男,773
令和６,2024,瀬谷区,市内移動_転出,女,858
令和６,2024,瀬谷区,その他増減,総数,16
令和６,2024,瀬谷区,その他増減,男,0
令和６,2024,瀬谷区,その他増減,女,16
令和６,2024,瀬谷区,自然増減,総数,-914
令和６,2024,瀬谷区,自然増減,男,-485
令和６,2024,瀬谷区,自然増減,女,-429
令和６,2024,瀬谷区,出生,総数,728
令和６,2024,瀬谷区,出生,男,370
令和６,2024,瀬谷区,出生,女,358
令和６,2024,瀬谷区,死亡,総数,1642
令和６,2024,瀬谷区,死亡,男,855
令和６,2024,瀬谷区,死亡,女,787
令和６,2024,瀬谷区,人口増減率,,-0.30517
令和６,2024,瀬谷区,社会増減率,,0.44665
令和６,2024,瀬谷区,自然増減率,,-0.75182
令和７,2025,鶴見区,世帯数増減,,2184
令和７,2025,鶴見区,人口増減,総数,1331
令和７,2025,鶴見区,人口増減,男,639
令和７,2025,鶴見区,人口増減,女,692
令和７,2025,鶴見区,社会増減,総数,2534
令和７,2025,鶴見区,社会増減,男,1331
令和７,2025,鶴見区,社会増減,女,1203
令和７,2025,鶴見区,市外移動_転入,総数,16435
令和７,2025,鶴見区,市外移動_転入,男,9450
令和７,2025,鶴見区,市外移動_転入,女,6985
令和７,2025,鶴見区,市外移動_転出,総数,13353
令和７,2025,鶴見区,市外移動_転出,男,7727
令和７,2025,鶴見区,市外移動_転出,女,5626
令和７,2025,鶴見区,市内移動_転入,総数,3428
令和７,2025,鶴見区,市内移動_転入,男,1813
令和７,2025,鶴見区,市内移動_転入,女,1615
令和７,2025,鶴見区,市内移動_転出,総数,3790
令和７,2025,鶴見区,市内移動_転出,男,2045
令和７,2025,鶴見区,市内移動_転出,女,1745
令和７,2025,鶴見区,その他増減,総数,-186
令和７,2025,鶴見区,その他増減,男,-160
令和７,2025,鶴見区,その他増減,女,-26
令和７,2025,鶴見区,自然増減,総数,-1203
令和７,2025,鶴見区,自然増減,男,-692
令和７,2025,鶴見区,自然増減,女,-511
令和７,2025,鶴見区,出生,総数,1703
令和７,2025,鶴見区,出生,男,888
令和７,2025,鶴見区,出生,女,815
令和７,2025,鶴見区,死亡,総数,2906
令和７,2025,鶴見区,死亡,男,1580
令和７,2025,鶴見区,死亡,女,1326
令和７,2025,鶴見区,人口増減率,,0.44738
令和７,2025,鶴見区,社会増減率,,0.85173
令和７,2025,鶴見区,自然増減率,,-0.40435
令和７,2025,神奈川区,世帯数増減,,2388
令和７,2025,神奈川区,人口増減,総数,2143
令和７,2025,神奈川区,人口増減,男,956
令和７,2025,神奈川区,人口増減,女,1187
令和７,2025,神奈川区,社会増減,総数,2930
令和７,2025,神奈川区,社会増減,男,1408
令和７,2025,神奈川区,社会増減,女,1522
令和７,2025,神奈川区,市外移動_転入,総数,14035
令和７,2025,神奈川区,市外移動_転入,男,7671
令和７,2025,神奈川区,市外移動_転入,女,6364
令和７,2025,神奈川区,市外移動_転出,総数,10779
令和７,2025,神奈川区,市外移動_転出,男,5998
令和７,2025,神奈川区,市外移動_転出,女,4781
令和７,2025,神奈川区,市内移動_転入,総数,5765
令和７,2025,神奈川区,市内移動_転入,男,2927
令和７,2025,神奈川区,市内移動_転入,女,2838
令和７,2025,神奈川区,市内移動_転出,総数,6063
令和７,2025,神奈川区,市内移動_転出,男,3169
令和７,2025,神奈川区,市内移動_転出,女,2894
令和７,2025,神奈川区,その他増減,総数,-28
令和７,2025,神奈川区,その他増減,男,-23
令和７,2025,神奈川区,その他増減,女,-5
令和７,2025,神奈川区,自然増減,総数,-787
令和７,2025,神奈川区,自然増減,男,-452
令和７,2025,神奈川区,自然増減,女,-335
令和７,2025,神奈川区,出生,総数,1596
令和７,2025,神奈川区,出生,男,818
令和７,2025,神奈川区,出生,女,778
令和７,2025,神奈川区,死亡,総数,2383
令和７,2025,神奈川区,死亡,男,1270
令和７,2025,神奈川区,死亡,女,1113
令和７,2025,神奈川区,人口増減率,,0.85113
令和７,2025,神奈川区,社会増減率,,1.1637
令和７,2025,神奈川区,自然増減率,,-0.31257
令和７,2025,西区,世帯数増減,,1074
令和７,2025,西区,人口増減,総数,1176
令和７,2025,西区,人口増減,男,530
令和７,2025,西区,人口増減,女,646
令和７,2025,西区,社会増減,総数,1436
令和７,2025,西区,社会増減,男,679
令和７,2025,西区,社会増減,女,757
令和７,2025,西区,市外移動_転入,総数,7134
令和７,2025,西区,市外移動_転入,男,3836
令和７,2025,西区,市外移動_転入,女,3298
令和７,2025,西区,市外移動_転出,総数,5236
令和７,2025,西区,市外移動_転出,男,2877
令和７,2025,西区,市外移動_転出,女,2359
令和７,2025,西区,市内移動_転入,総数,3235
令和７,2025,西区,市内移動_転入,男,1591
令和７,2025,西区,市内移動_転入,女,1644
令和７,2025,西区,市内移動_転出,総数,3692
令和７,2025,西区,市内移動_転出,男,1862
令和７,2025,西区,市内移動_転出,女,1830
令和７,2025,西区,その他増減,総数,-5
令和７,2025,西区,その他増減,男,-9
令和７,2025,西区,その他増減,女,4
令和７,2025,西区,自然増減,総数,-260
令和７,2025,西区,自然増減,男,-149
令和７,2025,西区,自然増減,女,-111
令和７,2025,西区,出生,総数,703
令和７,2025,西区,出生,男,332
令和７,2025,西区,出生,女,371
令和７,2025,西区,死亡,総数,963
令和７,2025,西区,死亡,男,481
令和７,2025,西区,死亡,女,482
令和７,2025,西区,人口増減率,,1.09477
令和７,2025,西区,社会増減率,,1.33681
令和７,2025,西区,自然増減率,,-0.24204
令和７,2025,中区,世帯数増減,,1565
令和７,2025,中区,人口増減,総数,818
令和７,2025,中区,人口増減,男,354
令和７,2025,中区,人口増減,女,464
令和７,2025,中区,社会増減,総数,1942
令和７,2025,中区,社会増減,男,1122
令和７,2025,中区,社会増減,女,820
令和７,2025,中区,市外移動_転入,総数,10267
令和７,2025,中区,市外移動_転入,男,5700
令和７,2025,中区,市外移動_転入,女,4567
令和７,2025,中区,市外移動_転出,総数,7566
令和７,2025,中区,市外移動_転出,男,4224
令和７,2025,中区,市外移動_転出,女,3342
令和７,2025,中区,市内移動_転入,総数,4294
令和７,2025,中区,市内移動_転入,男,2382
令和７,2025,中区,市内移動_転入,女,1912
令和７,2025,中区,市内移動_転出,総数,4753
令和７,2025,中区,市内移動_転出,男,2599
令和７,2025,中区,市内移動_転出,女,2154
令和７,2025,中区,その他増減,総数,-300
令和７,2025,中区,その他増減,男,-137
令和７,2025,中区,その他増減,女,-163
令和７,2025,中区,自然増減,総数,-1124
令和７,2025,中区,自然増減,男,-768
令和７,2025,中区,自然増減,女,-356
令和７,2025,中区,出生,総数,696
令和７,2025,中区,出生,男,348
令和７,2025,中区,出生,女,348
令和７,2025,中区,死亡,総数,1820
令和７,2025,中区,死亡,男,1116
令和７,2025,中区,死亡,女,704
令和７,2025,中区,人口増減率,,0.5331
令和７,2025,中区,社会増減率,,1.26563
令和７,2025,中区,自然増減率,,-0.73253
令和７,2025,南区,世帯数増減,,1271
令和７,2025,南区,人口増減,総数,280
令和７,2025,南区,人口増減,男,58
令和７,2025,南区,人口増減,女,222
令和７,2025,南区,社会増減,総数,1864
令和７,2025,南区,社会増減,男,943
令和７,2025,南区,社会増減,女,921
令和７,2025,南区,市外移動_転入,総数,9453
令和７,2025,南区,市外移動_転入,男,5121
令和７,2025,南区,市外移動_転入,女,4332
令和７,2025,南区,市外移動_転出,総数,7056
令和７,2025,南区,市外移動_転出,男,3880
令和７,2025,南区,市外移動_転出,女,3176
令和７,2025,南区,市内移動_転入,総数,5189
令和７,2025,南区,市内移動_転入,男,2630
令和７,2025,南区,市内移動_転入,女,2559
令和７,2025,南区,市内移動_転出,総数,5670
令和７,2025,南区,市内移動_転出,男,2922
令和７,2025,南区,市内移動_転出,女,2748
令和７,2025,南区,その他増減,総数,-52
令和７,2025,南区,その他増減,男,-6
令和７,2025,南区,その他増減,女,-46
令和７,2025,南区,自然増減,総数,-1584
令和７,2025,南区,自然増減,男,-885
令和７,2025,南区,自然増減,女,-699
令和７,2025,南区,出生,総数,987
令和７,2025,南区,出生,男,510
令和７,2025,南区,出生,女,477
令和７,2025,南区,死亡,総数,2571
令和７,2025,南区,死亡,男,1395
令和７,2025,南区,死亡,女,1176
令和７,2025,南区,人口増減率,,0.14051
令和７,2025,南区,社会増減率,,0.93541
令和７,2025,南区,自然増減率,,-0.7949
令和７,2025,港南区,世帯数増減,,642
令和７,2025,港南区,人口増減,総数,-763
令和７,2025,港南区,人口増減,男,-401
令和７,2025,港南区,人口増減,女,-362
令和７,2025,港南区,社会増減,総数,733
令和７,2025,港南区,社会増減,男,378
令和７,2025,港南区,社会増減,女,355
令和７,2025,港南区,市外移動_転入,総数,5464
令和７,2025,港南区,市外移動_転入,男,2966
令和７,2025,港南区,市外移動_転入,女,2498
令和７,2025,港南区,市外移動_転出,総数,4993
令和７,2025,港南区,市外移動_転出,男,2750
令和７,2025,港南区,市外移動_転出,女,2243
令和７,2025,港南区,市内移動_転入,総数,3985
令和７,2025,港南区,市内移動_転入,男,1936
令和７,2025,港南区,市内移動_転入,女,2049
令和７,2025,港南区,市内移動_転出,総数,3789
令和７,2025,港南区,市内移動_転出,男,1812
令和７,2025,港南区,市内移動_転出,女,1977
令和７,2025,港南区,その他増減,総数,66
令和７,2025,港南区,その他増減,男,38
令和７,2025,港南区,その他増減,女,28
令和７,2025,港南区,自然増減,総数,-1496
令和７,2025,港南区,自然増減,男,-779
令和７,2025,港南区,自然増減,女,-717
令和７,2025,港南区,出生,総数,1058
令和７,2025,港南区,出生,男,570
令和７,2025,港南区,出生,女,488
令和７,2025,港南区,死亡,総数,2554
令和７,2025,港南区,死亡,男,1349
令和７,2025,港南区,死亡,女,1205
令和７,2025,港南区,人口増減率,,-0.3604
令和７,2025,港南区,社会増減率,,0.34623
令和７,2025,港南区,自然増減率,,-0.70662
令和７,2025,保土ケ谷区,世帯数増減,,1246
令和７,2025,保土ケ谷区,人口増減,総数,123
令和７,2025,保土ケ谷区,人口増減,男,113
令和７,2025,保土ケ谷区,人口増減,女,10
令和７,2025,保土ケ谷区,社会増減,総数,1420
令和７,2025,保土ケ谷区,社会増減,男,763
令和７,2025,保土ケ谷区,社会増減,女,657
令和７,2025,保土ケ谷区,市外移動_転入,総数,7765
令和７,2025,保土ケ谷区,市外移動_転入,男,4303
令和７,2025,保土ケ谷区,市外移動_転入,女,3462
令和７,2025,保土ケ谷区,市外移動_転出,総数,6578
令和７,2025,保土ケ谷区,市外移動_転出,男,3688
令和７,2025,保土ケ谷区,市外移動_転出,女,2890
令和７,2025,保土ケ谷区,市内移動_転入,総数,4395
令和７,2025,保土ケ谷区,市内移動_転入,男,2258
令和７,2025,保土ケ谷区,市内移動_転入,女,2137
令和７,2025,保土ケ谷区,市内移動_転出,総数,4285
令和７,2025,保土ケ谷区,市内移動_転出,男,2162
令和７,2025,保土ケ谷区,市内移動_転出,女,2123
令和７,2025,保土ケ谷区,その他増減,総数,123
令和７,2025,保土ケ谷区,その他増減,男,52
令和７,2025,保土ケ谷区,その他増減,女,71
令和７,2025,保土ケ谷区,自然増減,総数,-1297
令和７,2025,保土ケ谷区,自然増減,男,-650
令和７,2025,保土ケ谷区,自然増減,女,-647
令和７,2025,保土ケ谷区,出生,総数,1148
令和７,2025,保土ケ谷区,出生,男,579
令和７,2025,保土ケ谷区,出生,女,569
令和７,2025,保土ケ谷区,死亡,総数,2445
令和７,2025,保土ケ谷区,死亡,男,1229
令和７,2025,保土ケ谷区,死亡,女,1216
令和７,2025,保土ケ谷区,人口増減率,,0.05992
令和７,2025,保土ケ谷区,社会増減率,,0.69179
令和７,2025,保土ケ谷区,自然増減率,,-0.63186
令和７,2025,旭区,世帯数増減,,827
令和７,2025,旭区,人口増減,総数,-766
令和７,2025,旭区,人口増減,男,-352
令和７,2025,旭区,人口増減,女,-414
令和７,2025,旭区,社会増減,総数,1058
令和７,2025,旭区,社会増減,男,616
令和７,2025,旭区,社会増減,女,442
令和７,2025,旭区,市外移動_転入,総数,5935
令和７,2025,旭区,市外移動_転入,男,3172
令和７,2025,旭区,市外移動_転入,女,2763
令和７,2025,旭区,市外移動_転出,総数,5694
令和７,2025,旭区,市外移動_転出,男,3001
令和７,2025,旭区,市外移動_転出,女,2693
令和７,2025,旭区,市内移動_転入,総数,4251
令和７,2025,旭区,市内移動_転入,男,2149
令和７,2025,旭区,市内移動_転入,女,2102
令和７,2025,旭区,市内移動_転出,総数,3453
令和７,2025,旭区,市内移動_転出,男,1689
令和７,2025,旭区,市内移動_転出,女,1764
令和７,2025,旭区,その他増減,総数,19
令和７,2025,旭区,その他増減,男,-15
令和７,2025,旭区,その他増減,女,34
令和７,2025,旭区,自然増減,総数,-1824
令和７,2025,旭区,自然増減,男,-968
令和７,2025,旭区,自然増減,女,-856
令和７,2025,旭区,出生,総数,1270
令和７,2025,旭区,出生,男,645
令和７,2025,旭区,出生,女,625
令和７,2025,旭区,死亡,総数,3094
令和７,2025,旭区,死亡,男,1613
令和７,2025,旭区,死亡,女,1481
令和７,2025,旭区,人口増減率,,-0.3185
令和７,2025,旭区,社会増減率,,0.43992
令和７,2025,旭区,自然増減率,,-0.75842
令和７,2025,磯子区,世帯数増減,,495
令和７,2025,磯子区,人口増減,総数,-840
令和７,2025,磯子区,人口増減,男,-335
令和７,2025,磯子区,人口増減,女,-505
令和７,2025,磯子区,社会増減,総数,340
令和７,2025,磯子区,社会増減,男,275
令和７,2025,磯子区,社会増減,女,65
令和７,2025,磯子区,市外移動_転入,総数,5610
令和７,2025,磯子区,市外移動_転入,男,3281
令和７,2025,磯子区,市外移動_転入,女,2329
令和７,2025,磯子区,市外移動_転出,総数,5169
令和７,2025,磯子区,市外移動_転出,男,2904
令和７,2025,磯子区,市外移動_転出,女,2265
令和７,2025,磯子区,市内移動_転入,総数,3464
令和７,2025,磯子区,市内移動_転入,男,1767
令和７,2025,磯子区,市内移動_転入,女,1697
令和７,2025,磯子区,市内移動_転出,総数,3604
令和７,2025,磯子区,市内移動_転出,男,1849
令和７,2025,磯子区,市内移動_転出,女,1755
令和７,2025,磯子区,その他増減,総数,39
令和７,2025,磯子区,その他増減,男,-20
令和７,2025,磯子区,その他増減,女,59
令和７,2025,磯子区,自然増減,総数,-1180
令和７,2025,磯子区,自然増減,男,-610
令和７,2025,磯子区,自然増減,女,-570
令和７,2025,磯子区,出生,総数,875
令和７,2025,磯子区,出生,男,462
令和７,2025,磯子区,出生,女,413
令和７,2025,磯子区,死亡,総数,2055
令和７,2025,磯子区,死亡,男,1072
令和７,2025,磯子区,死亡,女,983
令和７,2025,磯子区,人口増減率,,-0.51084
令和７,2025,磯子区,社会増減率,,0.20677
令和７,2025,磯子区,自然増減率,,-0.71761
令和７,2025,金沢区,世帯数増減,,620
令和７,2025,金沢区,人口増減,総数,-1019
令和７,2025,金沢区,人口増減,男,-574
令和７,2025,金沢区,人口増減,女,-445
令和７,2025,金沢区,社会増減,総数,434
令和７,2025,金沢区,社会増減,男,229
令和７,2025,金沢区,社会増減,女,205
令和７,2025,金沢区,市外移動_転入,総数,6231
令和７,2025,金沢区,市外移動_転入,男,3306
令和７,2025,金沢区,市外移動_転入,女,2925
令和７,2025,金沢区,市外移動_転出,総数,5793
令和７,2025,金沢区,市外移動_転出,男,3150
令和７,2025,金沢区,市外移動_転出,女,2643
令和７,2025,金沢区,市内移動_転入,総数,2436
令和７,2025,金沢区,市内移動_転入,男,1237
令和７,2025,金沢区,市内移動_転入,女,1199
令和７,2025,金沢区,市内移動_転出,総数,2466
令和７,2025,金沢区,市内移動_転出,男,1165
令和７,2025,金沢区,市内移動_転出,女,1301
令和７,2025,金沢区,その他増減,総数,26
令和７,2025,金沢区,その他増減,男,1
令和７,2025,金沢区,その他増減,女,25
令和７,2025,金沢区,自然増減,総数,-1453
令和７,2025,金沢区,自然増減,男,-803
令和７,2025,金沢区,自然増減,女,-650
令和７,2025,金沢区,出生,総数,887
令和７,2025,金沢区,出生,男,457
令和７,2025,金沢区,出生,女,430
令和７,2025,金沢区,死亡,総数,2340
令和７,2025,金沢区,死亡,男,1260
令和７,2025,金沢区,死亡,女,1080
令和７,2025,金沢区,人口増減率,,-0.52746
令和７,2025,金沢区,社会増減率,,0.22465
令和７,2025,金沢区,自然増減率,,-0.75211
令和７,2025,港北区,世帯数増減,,2398
令和７,2025,港北区,人口増減,総数,2036
令和７,2025,港北区,人口増減,男,902
令和７,2025,港北区,人口増減,女,1134
令和７,2025,港北区,社会増減,総数,2139
令和７,2025,港北区,社会増減,男,989
令和７,2025,港北区,社会増減,女,1150
令和７,2025,港北区,市外移動_転入,総数,18969
令和７,2025,港北区,市外移動_転入,男,10022
令和７,2025,港北区,市外移動_転入,女,8947
令和７,2025,港北区,市外移動_転出,総数,16407
令和７,2025,港北区,市外移動_転出,男,8786
令和７,2025,港北区,市外移動_転出,女,7621
令和７,2025,港北区,市内移動_転入,総数,5651
令和７,2025,港北区,市内移動_転入,男,2824
令和７,2025,港北区,市内移動_転入,女,2827
令和７,2025,港北区,市内移動_転出,総数,6190
令和７,2025,港北区,市内移動_転出,男,3118
令和７,2025,港北区,市内移動_転出,女,3072
令和７,2025,港北区,その他増減,総数,116
令和７,2025,港北区,その他増減,男,47
令和７,2025,港北区,その他増減,女,69
令和７,2025,港北区,自然増減,総数,-103
令和７,2025,港北区,自然増減,男,-87
令和７,2025,港北区,自然増減,女,-16
令和７,2025,港北区,出生,総数,2848
令和７,2025,港北区,出生,男,1460
令和７,2025,港北区,出生,女,1388
令和７,2025,港北区,死亡,総数,2951
令和７,2025,港北区,死亡,男,1547
令和７,2025,港北区,死亡,女,1404
令和７,2025,港北区,人口増減率,,0.55673
令和７,2025,港北区,社会増減率,,0.5849
令和７,2025,港北区,自然増減率,,-0.02816
令和７,2025,緑区,世帯数増減,,768
令和７,2025,緑区,人口増減,総数,-460
令和７,2025,緑区,人口増減,男,-288
令和７,2025,緑区,人口増減,女,-172
令和７,2025,緑区,社会増減,総数,428
令和７,2025,緑区,社会増減,男,197
令和７,2025,緑区,社会増減,女,231
令和７,2025,緑区,市外移動_転入,総数,5938
令和７,2025,緑区,市外移動_転入,男,3133
令和７,2025,緑区,市外移動_転入,女,2805
令和７,2025,緑区,市外移動_転出,総数,6061
令和７,2025,緑区,市外移動_転出,男,3234
令和７,2025,緑区,市外移動_転出,女,2827
令和７,2025,緑区,市内移動_転入,総数,3173
令和７,2025,緑区,市内移動_転入,男,1623
令和７,2025,緑区,市内移動_転入,女,1550
令和７,2025,緑区,市内移動_転出,総数,2653
令和７,2025,緑区,市内移動_転出,男,1330
令和７,2025,緑区,市内移動_転出,女,1323
令和７,2025,緑区,その他増減,総数,31
令和７,2025,緑区,その他増減,男,5
令和７,2025,緑区,その他増減,女,26
令和７,2025,緑区,自然増減,総数,-888
令和７,2025,緑区,自然増減,男,-485
令和７,2025,緑区,自然増減,女,-403
令和７,2025,緑区,出生,総数,1077
令和７,2025,緑区,出生,男,584
令和７,2025,緑区,出生,女,493
令和７,2025,緑区,死亡,総数,1965
令和７,2025,緑区,死亡,男,1069
令和７,2025,緑区,死亡,女,896
令和７,2025,緑区,人口増減率,,-0.25192
令和７,2025,緑区,社会増減率,,0.23439
令和７,2025,緑区,自然増減率,,-0.48631
令和７,2025,青葉区,世帯数増減,,1005
令和７,2025,青葉区,人口増減,総数,-1360
令和７,2025,青葉区,人口増減,男,-788
令和７,2025,青葉区,人口増減,女,-572
令和７,2025,青葉区,社会増減,総数,-335
令和７,2025,青葉区,社会増減,男,-296
令和７,2025,青葉区,社会増減,女,-39
令和７,2025,青葉区,市外移動_転入,総数,12722
令和７,2025,青葉区,市外移動_転入,男,6492
令和７,2025,青葉区,市外移動_転入,女,6230
令和７,2025,青葉区,市外移動_転出,総数,13197
令和７,2025,青葉区,市外移動_転出,男,6842
令和７,2025,青葉区,市外移動_転出,女,6355
令和７,2025,青葉区,市内移動_転入,総数,2700
令和７,2025,青葉区,市内移動_転入,男,1321
令和７,2025,青葉区,市内移動_転入,女,1379
令和７,2025,青葉区,市内移動_転出,総数,2770
令和７,2025,青葉区,市内移動_転出,男,1362
令和７,2025,青葉区,市内移動_転出,女,1408
令和７,2025,青葉区,その他増減,総数,210
令和７,2025,青葉区,その他増減,男,95
令和７,2025,青葉区,その他増減,女,115
令和７,2025,青葉区,自然増減,総数,-1025
令和７,2025,青葉区,自然増減,男,-492
令和７,2025,青葉区,自然増減,女,-533
令和７,2025,青葉区,出生,総数,1728
令和７,2025,青葉区,出生,男,912
令和７,2025,青葉区,出生,女,816
令和７,2025,青葉区,死亡,総数,2753
令和７,2025,青葉区,死亡,男,1404
令和７,2025,青葉区,死亡,女,1349
令和７,2025,青葉区,人口増減率,,-0.44174
令和７,2025,青葉区,社会増減率,,-0.10881
令和７,2025,青葉区,自然増減率,,-0.33293
令和７,2025,都筑区,世帯数増減,,767
令和７,2025,都筑区,人口増減,総数,-693
令和７,2025,都筑区,人口増減,男,-480
令和７,2025,都筑区,人口増減,女,-213
令和７,2025,都筑区,社会増減,総数,-317
令和７,2025,都筑区,社会増減,男,-299
令和７,2025,都筑区,社会増減,女,-18
令和７,2025,都筑区,市外移動_転入,総数,7590
令和７,2025,都筑区,市外移動_転入,男,3890
令和７,2025,都筑区,市外移動_転入,女,3700
令和７,2025,都筑区,市外移動_転出,総数,7812
令和７,2025,都筑区,市外移動_転出,男,4132
令和７,2025,都筑区,市外移動_転出,女,3680
令和７,2025,都筑区,市内移動_転入,総数,3312
令和７,2025,都筑区,市内移動_転入,男,1648
令和７,2025,都筑区,市内移動_転入,女,1664
令和７,2025,都筑区,市内移動_転出,総数,3482
令和７,2025,都筑区,市内移動_転出,男,1734
令和７,2025,都筑区,市内移動_転出,女,1748
令和７,2025,都筑区,その他増減,総数,75
令和７,2025,都筑区,その他増減,男,29
令和７,2025,都筑区,その他増減,女,46
令和７,2025,都筑区,自然増減,総数,-376
令和７,2025,都筑区,自然増減,男,-181
令和７,2025,都筑区,自然増減,女,-195
令和７,2025,都筑区,出生,総数,1291
令和７,2025,都筑区,出生,男,659
令和７,2025,都筑区,出生,女,632
令和７,2025,都筑区,死亡,総数,1667
令和７,2025,都筑区,死亡,男,840
令和７,2025,都筑区,死亡,女,827
令和７,2025,都筑区,人口増減率,,-0.32278
令和７,2025,都筑区,社会増減率,,-0.14765
令和７,2025,都筑区,自然増減率,,-0.17513
令和７,2025,戸塚区,世帯数増減,,1187
令和７,2025,戸塚区,人口増減,総数,-280
令和７,2025,戸塚区,人口増減,男,-144
令和７,2025,戸塚区,人口増減,女,-136
令和７,2025,戸塚区,社会増減,総数,1131
令和７,2025,戸塚区,社会増減,男,622
令和７,2025,戸塚区,社会増減,女,509
令和７,2025,戸塚区,市外移動_転入,総数,8593
令和７,2025,戸塚区,市外移動_転入,男,4592
令和７,2025,戸塚区,市外移動_転入,女,4001
令和７,2025,戸塚区,市外移動_転出,総数,7976
令和７,2025,戸塚区,市外移動_転出,男,4273
令和７,2025,戸塚区,市外移動_転出,女,3703
令和７,2025,戸塚区,市内移動_転入,総数,4133
令和７,2025,戸塚区,市内移動_転入,男,2105
令和７,2025,戸塚区,市内移動_転入,女,2028
令和７,2025,戸塚区,市内移動_転出,総数,3672
令和７,2025,戸塚区,市内移動_転出,男,1812
令和７,2025,戸塚区,市内移動_転出,女,1860
令和７,2025,戸塚区,その他増減,総数,53
令和７,2025,戸塚区,その他増減,男,10
令和７,2025,戸塚区,その他増減,女,43
令和７,2025,戸塚区,自然増減,総数,-1411
令和７,2025,戸塚区,自然増減,男,-766
令和７,2025,戸塚区,自然増減,女,-645
令和７,2025,戸塚区,出生,総数,1659
令和７,2025,戸塚区,出生,男,851
令和７,2025,戸塚区,出生,女,808
令和７,2025,戸塚区,死亡,総数,3070
令和７,2025,戸塚区,死亡,男,1617
令和７,2025,戸塚区,死亡,女,1453
令和７,2025,戸塚区,人口増減率,,-0.09922
令和７,2025,戸塚区,社会増減率,,0.40078
令和７,2025,戸塚区,自然増減率,,-0.5
令和７,2025,栄区,世帯数増減,,147
令和７,2025,栄区,人口増減,総数,-741
令和７,2025,栄区,人口増減,男,-453
令和７,2025,栄区,人口増減,女,-288
令和７,2025,栄区,社会増減,総数,154
令和７,2025,栄区,社会増減,男,57
令和７,2025,栄区,社会増減,女,97
令和７,2025,栄区,市外移動_転入,総数,3611
令和７,2025,栄区,市外移動_転入,男,1956
令和７,2025,栄区,市外移動_転入,女,1655
令和７,2025,栄区,市外移動_転出,総数,3476
令和７,2025,栄区,市外移動_転出,男,1889
令和７,2025,栄区,市外移動_転出,女,1587
令和７,2025,栄区,市内移動_転入,総数,1918
令和７,2025,栄区,市内移動_転入,男,967
令和７,2025,栄区,市内移動_転入,女,951
令和７,2025,栄区,市内移動_転出,総数,1959
令和７,2025,栄区,市内移動_転出,男,1001
令和７,2025,栄区,市内移動_転出,女,958
令和７,2025,栄区,その他増減,総数,60
令和７,2025,栄区,その他増減,男,24
令和７,2025,栄区,その他増減,女,36
令和７,2025,栄区,自然増減,総数,-895
令和７,2025,栄区,自然増減,男,-510
令和７,2025,栄区,自然増減,女,-385
令和７,2025,栄区,出生,総数,660
令和７,2025,栄区,出生,男,328
令和７,2025,栄区,出生,女,332
令和７,2025,栄区,死亡,総数,1555
令和７,2025,栄区,死亡,男,838
令和７,2025,栄区,死亡,女,717
令和７,2025,栄区,人口増減率,,-0.61574
令和７,2025,栄区,社会増減率,,0.12797
令和７,2025,栄区,自然増減率,,-0.74371
令和７,2025,泉区,世帯数増減,,297
令和７,2025,泉区,人口増減,総数,-431
令和７,2025,泉区,人口増減,男,-249
令和７,2025,泉区,人口増減,女,-182
令和７,2025,泉区,社会増減,総数,484
令和７,2025,泉区,社会増減,男,224
令和７,2025,泉区,社会増減,女,260
令和７,2025,泉区,市外移動_転入,総数,3560
令和７,2025,泉区,市外移動_転入,男,1871
令和７,2025,泉区,市外移動_転入,女,1689
令和７,2025,泉区,市外移動_転出,総数,3683
令和７,2025,泉区,市外移動_転出,男,1952
令和７,2025,泉区,市外移動_転出,女,1731
令和７,2025,泉区,市内移動_転入,総数,2627
令和７,2025,泉区,市内移動_転入,男,1274
令和７,2025,泉区,市内移動_転入,女,1353
令和７,2025,泉区,市内移動_転出,総数,2036
令和７,2025,泉区,市内移動_転出,男,975
令和７,2025,泉区,市内移動_転出,女,1061
令和７,2025,泉区,その他増減,総数,16
令和７,2025,泉区,その他増減,男,6
令和７,2025,泉区,その他増減,女,10
令和７,2025,泉区,自然増減,総数,-915
令和７,2025,泉区,自然増減,男,-473
令和７,2025,泉区,自然増減,女,-442
令和７,2025,泉区,出生,総数,939
令和７,2025,泉区,出生,男,496
令和７,2025,泉区,出生,女,443
令和７,2025,泉区,死亡,総数,1854
令和７,2025,泉区,死亡,男,969
令和７,2025,泉区,死亡,女,885
令和７,2025,泉区,人口増減率,,-0.2865
令和７,2025,泉区,社会増減率,,0.32173
令和７,2025,泉区,自然増減率,,-0.60823
令和７,2025,瀬谷区,世帯数増減,,525
令和７,2025,瀬谷区,人口増減,総数,-390
令和７,2025,瀬谷区,人口増減,男,-231
令和７,2025,瀬谷区,人口増減,女,-159
令和７,2025,瀬谷区,社会増減,総数,521
令和７,2025,瀬谷区,社会増減,男,246
令和７,2025,瀬谷区,社会増減,女,275
令和７,2025,瀬谷区,市外移動_転入,総数,3373
令和７,2025,瀬谷区,市外移動_転入,男,1780
令和７,2025,瀬谷区,市外移動_転入,女,1593
令和７,2025,瀬谷区,市外移動_転出,総数,3241
令和７,2025,瀬谷区,市外移動_転出,男,1687
令和７,2025,瀬谷区,市外移動_転出,女,1554
令和７,2025,瀬谷区,市内移動_転入,総数,2126
令和７,2025,瀬谷区,市内移動_転入,男,1064
令和７,2025,瀬谷区,市内移動_転入,女,1062
令和７,2025,瀬谷区,市内移動_転出,総数,1741
令和７,2025,瀬谷区,市内移動_転出,男,898
令和７,2025,瀬谷区,市内移動_転出,女,843
令和７,2025,瀬谷区,その他増減,総数,4
令和７,2025,瀬谷区,その他増減,男,-13
令和７,2025,瀬谷区,その他増減,女,17
令和７,2025,瀬谷区,自然増減,総数,-911
令和７,2025,瀬谷区,自然増減,男,-477
令和７,2025,瀬谷区,自然増減,女,-434
令和７,2025,瀬谷区,出生,総数,706
令和７,2025,瀬谷区,出生,男,343
令和７,2025,瀬谷区,出生,女,363
令和７,2025,瀬谷区,死亡,総数,1617
令和７,2025,瀬谷区,死亡,男,820
令和７,2025,瀬谷区,死亡,女,797
令和７,2025,瀬谷区,人口増減率,,-0.32178
令和７,2025,瀬谷区,社会増減率,,0.42987
令和７,2025,瀬谷区,自然増減率,,-0.75165
